state,date,sex,age,ethnicity,population('000)
Johor,1/1/2025,both,overall,overall,4205.9
Johor,1/1/2025,both,overall,bumi_malay,2277.7
Johor,1/1/2025,both,overall,bumi_other,61.3
Johor,1/1/2025,both,overall,chinese,1213.7
Johor,1/1/2025,both,overall,indian,248.1
Johor,1/1/2025,both,overall,other_citizen,19.9
Johor,1/1/2025,both,overall,other_noncitizen,385.1
Johor,1/1/2025,both,0-4,overall,251.7
Johor,1/1/2025,both,0-4,bumi_malay,182.8
Johor,1/1/2025,both,0-4,bumi_other,6.2
Johor,1/1/2025,both,0-4,chinese,44
Johor,1/1/2025,both,0-4,indian,13.7
Johor,1/1/2025,both,0-4,other_citizen,2.5
Johor,1/1/2025,both,0-4,other_noncitizen,2.5
Johor,1/1/2025,both,5-9,overall,306.2
Johor,1/1/2025,both,5-9,bumi_malay,196.1
Johor,1/1/2025,both,5-9,bumi_other,5.6
Johor,1/1/2025,both,5-9,chinese,82.7
Johor,1/1/2025,both,5-9,indian,18.2
Johor,1/1/2025,both,5-9,other_citizen,1.2
Johor,1/1/2025,both,5-9,other_noncitizen,2.3
Johor,1/1/2025,both,10-14,overall,321.8
Johor,1/1/2025,both,10-14,bumi_malay,197.6
Johor,1/1/2025,both,10-14,bumi_other,5.3
Johor,1/1/2025,both,10-14,chinese,95.5
Johor,1/1/2025,both,10-14,indian,20.6
Johor,1/1/2025,both,10-14,other_citizen,1.1
Johor,1/1/2025,both,10-14,other_noncitizen,1.6
Johor,1/1/2025,both,15-19,overall,347
Johor,1/1/2025,both,15-19,bumi_malay,197.5
Johor,1/1/2025,both,15-19,bumi_other,5.2
Johor,1/1/2025,both,15-19,chinese,102.5
Johor,1/1/2025,both,15-19,indian,22.1
Johor,1/1/2025,both,15-19,other_citizen,1.1
Johor,1/1/2025,both,15-19,other_noncitizen,18.6
Johor,1/1/2025,both,20-24,overall,405.5
Johor,1/1/2025,both,20-24,bumi_malay,198.4
Johor,1/1/2025,both,20-24,bumi_other,5.9
Johor,1/1/2025,both,20-24,chinese,98.2
Johor,1/1/2025,both,20-24,indian,21
Johor,1/1/2025,both,20-24,other_citizen,4.1
Johor,1/1/2025,both,20-24,other_noncitizen,77.9
Johor,1/1/2025,both,25-29,overall,404.7
Johor,1/1/2025,both,25-29,bumi_malay,192.9
Johor,1/1/2025,both,25-29,bumi_other,3.9
Johor,1/1/2025,both,25-29,chinese,102.6
Johor,1/1/2025,both,25-29,indian,20.4
Johor,1/1/2025,both,25-29,other_citizen,2.4
Johor,1/1/2025,both,25-29,other_noncitizen,82.5
Johor,1/1/2025,both,30-34,overall,348.3
Johor,1/1/2025,both,30-34,bumi_malay,173.1
Johor,1/1/2025,both,30-34,bumi_other,3
Johor,1/1/2025,both,30-34,chinese,96
Johor,1/1/2025,both,30-34,indian,19.4
Johor,1/1/2025,both,30-34,other_citizen,1
Johor,1/1/2025,both,30-34,other_noncitizen,55.9
Johor,1/1/2025,both,35-39,overall,328.1
Johor,1/1/2025,both,35-39,bumi_malay,174.9
Johor,1/1/2025,both,35-39,bumi_other,4.8
Johor,1/1/2025,both,35-39,chinese,90.9
Johor,1/1/2025,both,35-39,indian,17.4
Johor,1/1/2025,both,35-39,other_citizen,0.9
Johor,1/1/2025,both,35-39,other_noncitizen,39.1
Johor,1/1/2025,both,40-44,overall,308
Johor,1/1/2025,both,40-44,bumi_malay,165.5
Johor,1/1/2025,both,40-44,bumi_other,5.9
Johor,1/1/2025,both,40-44,chinese,89.9
Johor,1/1/2025,both,40-44,indian,20.1
Johor,1/1/2025,both,40-44,other_citizen,0.5
Johor,1/1/2025,both,40-44,other_noncitizen,26.1
Johor,1/1/2025,both,45-49,overall,252.7
Johor,1/1/2025,both,45-49,bumi_malay,126.2
Johor,1/1/2025,both,45-49,bumi_other,4.3
Johor,1/1/2025,both,45-49,chinese,83.9
Johor,1/1/2025,both,45-49,indian,18.1
Johor,1/1/2025,both,45-49,other_citizen,1.4
Johor,1/1/2025,both,45-49,other_noncitizen,18.8
Johor,1/1/2025,both,50-54,overall,225.6
Johor,1/1/2025,both,50-54,bumi_malay,112.8
Johor,1/1/2025,both,50-54,bumi_other,3.3
Johor,1/1/2025,both,50-54,chinese,80.8
Johor,1/1/2025,both,50-54,indian,14.7
Johor,1/1/2025,both,50-54,other_citizen,1
Johor,1/1/2025,both,50-54,other_noncitizen,12.9
Johor,1/1/2025,both,55-59,overall,203.2
Johor,1/1/2025,both,55-59,bumi_malay,102.9
Johor,1/1/2025,both,55-59,bumi_other,2.2
Johor,1/1/2025,both,55-59,chinese,74.8
Johor,1/1/2025,both,55-59,indian,12.8
Johor,1/1/2025,both,55-59,other_citizen,0.6
Johor,1/1/2025,both,55-59,other_noncitizen,9.9
Johor,1/1/2025,both,60-64,overall,176.7
Johor,1/1/2025,both,60-64,bumi_malay,91.8
Johor,1/1/2025,both,60-64,bumi_other,1.5
Johor,1/1/2025,both,60-64,chinese,65.8
Johor,1/1/2025,both,60-64,indian,10.6
Johor,1/1/2025,both,60-64,other_citizen,0.5
Johor,1/1/2025,both,60-64,other_noncitizen,6.5
Johor,1/1/2025,both,65-69,overall,149.7
Johor,1/1/2025,both,65-69,bumi_malay,72.7
Johor,1/1/2025,both,65-69,bumi_other,1.1
Johor,1/1/2025,both,65-69,chinese,56.3
Johor,1/1/2025,both,65-69,indian,8.1
Johor,1/1/2025,both,65-69,other_citizen,0.6
Johor,1/1/2025,both,65-69,other_noncitizen,10.8
Johor,1/1/2025,both,70-74,overall,78.5
Johor,1/1/2025,both,70-74,bumi_malay,41.8
Johor,1/1/2025,both,70-74,bumi_other,1
Johor,1/1/2025,both,70-74,chinese,22.6
Johor,1/1/2025,both,70-74,indian,5.2
Johor,1/1/2025,both,70-74,other_citizen,0.8
Johor,1/1/2025,both,70-74,other_noncitizen,7
Johor,1/1/2025,both,75-79,overall,49.6
Johor,1/1/2025,both,75-79,bumi_malay,26.3
Johor,1/1/2025,both,75-79,bumi_other,0.8
Johor,1/1/2025,both,75-79,chinese,15.7
Johor,1/1/2025,both,75-79,indian,2.9
Johor,1/1/2025,both,75-79,other_citizen,0.1
Johor,1/1/2025,both,75-79,other_noncitizen,3.8
Johor,1/1/2025,both,80-84,overall,27.1
Johor,1/1/2025,both,80-84,bumi_malay,13.1
Johor,1/1/2025,both,80-84,bumi_other,0.5
Johor,1/1/2025,both,80-84,chinese,7.8
Johor,1/1/2025,both,80-84,indian,1.7
Johor,1/1/2025,both,80-84,other_citizen,0
Johor,1/1/2025,both,80-84,other_noncitizen,4.1
Johor,1/1/2025,both,85+,overall,21.4
Johor,1/1/2025,both,85+,bumi_malay,11.2
Johor,1/1/2025,both,85+,bumi_other,0.8
Johor,1/1/2025,both,85+,chinese,3.6
Johor,1/1/2025,both,85+,indian,1.2
Johor,1/1/2025,both,85+,other_citizen,0
Johor,1/1/2025,both,85+,other_noncitizen,4.6
Johor,1/1/2025,female,overall,overall,1951.4
Johor,1/1/2025,female,overall,bumi_malay,1123
Johor,1/1/2025,female,overall,bumi_other,28.9
Johor,1/1/2025,female,overall,chinese,594.8
Johor,1/1/2025,female,overall,indian,124.2
Johor,1/1/2025,female,overall,other_citizen,8.2
Johor,1/1/2025,female,overall,other_noncitizen,72.4
Johor,1/1/2025,female,0-4,overall,121.9
Johor,1/1/2025,female,0-4,bumi_malay,88.5
Johor,1/1/2025,female,0-4,bumi_other,3
Johor,1/1/2025,female,0-4,chinese,21.4
Johor,1/1/2025,female,0-4,indian,6.7
Johor,1/1/2025,female,0-4,other_citizen,1.2
Johor,1/1/2025,female,0-4,other_noncitizen,1.1
Johor,1/1/2025,female,5-9,overall,154.3
Johor,1/1/2025,female,5-9,bumi_malay,98
Johor,1/1/2025,female,5-9,bumi_other,2.8
Johor,1/1/2025,female,5-9,chinese,42.3
Johor,1/1/2025,female,5-9,indian,9.5
Johor,1/1/2025,female,5-9,other_citizen,0.6
Johor,1/1/2025,female,5-9,other_noncitizen,1.1
Johor,1/1/2025,female,10-14,overall,156.5
Johor,1/1/2025,female,10-14,bumi_malay,95.9
Johor,1/1/2025,female,10-14,bumi_other,2.6
Johor,1/1/2025,female,10-14,chinese,46.5
Johor,1/1/2025,female,10-14,indian,10.1
Johor,1/1/2025,female,10-14,other_citizen,0.6
Johor,1/1/2025,female,10-14,other_noncitizen,0.8
Johor,1/1/2025,female,15-19,overall,161.9
Johor,1/1/2025,female,15-19,bumi_malay,95.3
Johor,1/1/2025,female,15-19,bumi_other,2.5
Johor,1/1/2025,female,15-19,chinese,49.2
Johor,1/1/2025,female,15-19,indian,10.8
Johor,1/1/2025,female,15-19,other_citizen,0.5
Johor,1/1/2025,female,15-19,other_noncitizen,3.6
Johor,1/1/2025,female,20-24,overall,172.6
Johor,1/1/2025,female,20-24,bumi_malay,96.7
Johor,1/1/2025,female,20-24,bumi_other,3
Johor,1/1/2025,female,20-24,chinese,48.1
Johor,1/1/2025,female,20-24,indian,10.4
Johor,1/1/2025,female,20-24,other_citizen,1.3
Johor,1/1/2025,female,20-24,other_noncitizen,13.2
Johor,1/1/2025,female,25-29,overall,165.8
Johor,1/1/2025,female,25-29,bumi_malay,93
Johor,1/1/2025,female,25-29,bumi_other,2.4
Johor,1/1/2025,female,25-29,chinese,48.8
Johor,1/1/2025,female,25-29,indian,10
Johor,1/1/2025,female,25-29,other_citizen,1.1
Johor,1/1/2025,female,25-29,other_noncitizen,10.6
Johor,1/1/2025,female,30-34,overall,152.8
Johor,1/1/2025,female,30-34,bumi_malay,84.7
Johor,1/1/2025,female,30-34,bumi_other,1.8
Johor,1/1/2025,female,30-34,chinese,47.1
Johor,1/1/2025,female,30-34,indian,9.9
Johor,1/1/2025,female,30-34,other_citizen,0.8
Johor,1/1/2025,female,30-34,other_noncitizen,8.6
Johor,1/1/2025,female,35-39,overall,145.8
Johor,1/1/2025,female,35-39,bumi_malay,85.2
Johor,1/1/2025,female,35-39,bumi_other,2
Johor,1/1/2025,female,35-39,chinese,44.4
Johor,1/1/2025,female,35-39,indian,8.1
Johor,1/1/2025,female,35-39,other_citizen,0.2
Johor,1/1/2025,female,35-39,other_noncitizen,6
Johor,1/1/2025,female,40-44,overall,143.2
Johor,1/1/2025,female,40-44,bumi_malay,82.6
Johor,1/1/2025,female,40-44,bumi_other,2.6
Johor,1/1/2025,female,40-44,chinese,43.3
Johor,1/1/2025,female,40-44,indian,9.8
Johor,1/1/2025,female,40-44,other_citizen,0.3
Johor,1/1/2025,female,40-44,other_noncitizen,4.7
Johor,1/1/2025,female,45-49,overall,116.4
Johor,1/1/2025,female,45-49,bumi_malay,61.7
Johor,1/1/2025,female,45-49,bumi_other,1.3
Johor,1/1/2025,female,45-49,chinese,40.5
Johor,1/1/2025,female,45-49,indian,8.8
Johor,1/1/2025,female,45-49,other_citizen,0.3
Johor,1/1/2025,female,45-49,other_noncitizen,3.8
Johor,1/1/2025,female,50-54,overall,108.3
Johor,1/1/2025,female,50-54,bumi_malay,56.7
Johor,1/1/2025,female,50-54,bumi_other,1.2
Johor,1/1/2025,female,50-54,chinese,39.5
Johor,1/1/2025,female,50-54,indian,7.7
Johor,1/1/2025,female,50-54,other_citizen,0.2
Johor,1/1/2025,female,50-54,other_noncitizen,2.9
Johor,1/1/2025,female,55-59,overall,100
Johor,1/1/2025,female,55-59,bumi_malay,52.8
Johor,1/1/2025,female,55-59,bumi_other,0.9
Johor,1/1/2025,female,55-59,chinese,37.4
Johor,1/1/2025,female,55-59,indian,6.5
Johor,1/1/2025,female,55-59,other_citizen,0.3
Johor,1/1/2025,female,55-59,other_noncitizen,2.1
Johor,1/1/2025,female,60-64,overall,85.5
Johor,1/1/2025,female,60-64,bumi_malay,46.3
Johor,1/1/2025,female,60-64,bumi_other,0.6
Johor,1/1/2025,female,60-64,chinese,31.5
Johor,1/1/2025,female,60-64,indian,5.3
Johor,1/1/2025,female,60-64,other_citizen,0.2
Johor,1/1/2025,female,60-64,other_noncitizen,1.6
Johor,1/1/2025,female,65-69,overall,76.6
Johor,1/1/2025,female,65-69,bumi_malay,37.8
Johor,1/1/2025,female,65-69,bumi_other,0.5
Johor,1/1/2025,female,65-69,chinese,28.9
Johor,1/1/2025,female,65-69,indian,4.5
Johor,1/1/2025,female,65-69,other_citizen,0.1
Johor,1/1/2025,female,65-69,other_noncitizen,4.8
Johor,1/1/2025,female,70-74,overall,40.8
Johor,1/1/2025,female,70-74,bumi_malay,21.9
Johor,1/1/2025,female,70-74,bumi_other,0.5
Johor,1/1/2025,female,70-74,chinese,12
Johor,1/1/2025,female,70-74,indian,3
Johor,1/1/2025,female,70-74,other_citizen,0.3
Johor,1/1/2025,female,70-74,other_noncitizen,3
Johor,1/1/2025,female,75-79,overall,26.1
Johor,1/1/2025,female,75-79,bumi_malay,13.8
Johor,1/1/2025,female,75-79,bumi_other,0.4
Johor,1/1/2025,female,75-79,chinese,8.5
Johor,1/1/2025,female,75-79,indian,1.7
Johor,1/1/2025,female,75-79,other_citizen,0.1
Johor,1/1/2025,female,75-79,other_noncitizen,1.5
Johor,1/1/2025,female,80-84,overall,14.2
Johor,1/1/2025,female,80-84,bumi_malay,7.1
Johor,1/1/2025,female,80-84,bumi_other,0.2
Johor,1/1/2025,female,80-84,chinese,4.3
Johor,1/1/2025,female,80-84,indian,0.9
Johor,1/1/2025,female,80-84,other_citizen,0
Johor,1/1/2025,female,80-84,other_noncitizen,1.6
Johor,1/1/2025,female,85+,overall,8.7
Johor,1/1/2025,female,85+,bumi_malay,5
Johor,1/1/2025,female,85+,bumi_other,0.4
Johor,1/1/2025,female,85+,chinese,1.1
Johor,1/1/2025,female,85+,indian,0.5
Johor,1/1/2025,female,85+,other_citizen,0
Johor,1/1/2025,female,85+,other_noncitizen,1.6
Johor,1/1/2025,male,overall,overall,2254.5
Johor,1/1/2025,male,overall,bumi_malay,1154.7
Johor,1/1/2025,male,overall,bumi_other,32.4
Johor,1/1/2025,male,overall,chinese,619
Johor,1/1/2025,male,overall,indian,124
Johor,1/1/2025,male,overall,other_citizen,11.7
Johor,1/1/2025,male,overall,other_noncitizen,312.7
Johor,1/1/2025,male,0-4,overall,129.8
Johor,1/1/2025,male,0-4,bumi_malay,94.3
Johor,1/1/2025,male,0-4,bumi_other,3.2
Johor,1/1/2025,male,0-4,chinese,22.7
Johor,1/1/2025,male,0-4,indian,7
Johor,1/1/2025,male,0-4,other_citizen,1.2
Johor,1/1/2025,male,0-4,other_noncitizen,1.4
Johor,1/1/2025,male,5-9,overall,151.9
Johor,1/1/2025,male,5-9,bumi_malay,98.1
Johor,1/1/2025,male,5-9,bumi_other,2.8
Johor,1/1/2025,male,5-9,chinese,40.4
Johor,1/1/2025,male,5-9,indian,8.7
Johor,1/1/2025,male,5-9,other_citizen,0.6
Johor,1/1/2025,male,5-9,other_noncitizen,1.2
Johor,1/1/2025,male,10-14,overall,165.3
Johor,1/1/2025,male,10-14,bumi_malay,101.8
Johor,1/1/2025,male,10-14,bumi_other,2.7
Johor,1/1/2025,male,10-14,chinese,49
Johor,1/1/2025,male,10-14,indian,10.5
Johor,1/1/2025,male,10-14,other_citizen,0.5
Johor,1/1/2025,male,10-14,other_noncitizen,0.8
Johor,1/1/2025,male,15-19,overall,185.1
Johor,1/1/2025,male,15-19,bumi_malay,102.2
Johor,1/1/2025,male,15-19,bumi_other,2.6
Johor,1/1/2025,male,15-19,chinese,53.4
Johor,1/1/2025,male,15-19,indian,11.3
Johor,1/1/2025,male,15-19,other_citizen,0.6
Johor,1/1/2025,male,15-19,other_noncitizen,15
Johor,1/1/2025,male,20-24,overall,232.9
Johor,1/1/2025,male,20-24,bumi_malay,101.7
Johor,1/1/2025,male,20-24,bumi_other,2.9
Johor,1/1/2025,male,20-24,chinese,50.1
Johor,1/1/2025,male,20-24,indian,10.7
Johor,1/1/2025,male,20-24,other_citizen,2.8
Johor,1/1/2025,male,20-24,other_noncitizen,64.7
Johor,1/1/2025,male,25-29,overall,238.8
Johor,1/1/2025,male,25-29,bumi_malay,100
Johor,1/1/2025,male,25-29,bumi_other,1.5
Johor,1/1/2025,male,25-29,chinese,53.8
Johor,1/1/2025,male,25-29,indian,10.4
Johor,1/1/2025,male,25-29,other_citizen,1.3
Johor,1/1/2025,male,25-29,other_noncitizen,71.9
Johor,1/1/2025,male,30-34,overall,195.5
Johor,1/1/2025,male,30-34,bumi_malay,88.4
Johor,1/1/2025,male,30-34,bumi_other,1.2
Johor,1/1/2025,male,30-34,chinese,48.9
Johor,1/1/2025,male,30-34,indian,9.4
Johor,1/1/2025,male,30-34,other_citizen,0.2
Johor,1/1/2025,male,30-34,other_noncitizen,47.4
Johor,1/1/2025,male,35-39,overall,182.3
Johor,1/1/2025,male,35-39,bumi_malay,89.8
Johor,1/1/2025,male,35-39,bumi_other,2.8
Johor,1/1/2025,male,35-39,chinese,46.6
Johor,1/1/2025,male,35-39,indian,9.3
Johor,1/1/2025,male,35-39,other_citizen,0.7
Johor,1/1/2025,male,35-39,other_noncitizen,33.1
Johor,1/1/2025,male,40-44,overall,164.8
Johor,1/1/2025,male,40-44,bumi_malay,82.9
Johor,1/1/2025,male,40-44,bumi_other,3.3
Johor,1/1/2025,male,40-44,chinese,46.6
Johor,1/1/2025,male,40-44,indian,10.3
Johor,1/1/2025,male,40-44,other_citizen,0.2
Johor,1/1/2025,male,40-44,other_noncitizen,21.5
Johor,1/1/2025,male,45-49,overall,136.3
Johor,1/1/2025,male,45-49,bumi_malay,64.4
Johor,1/1/2025,male,45-49,bumi_other,3
Johor,1/1/2025,male,45-49,chinese,43.4
Johor,1/1/2025,male,45-49,indian,9.3
Johor,1/1/2025,male,45-49,other_citizen,1.1
Johor,1/1/2025,male,45-49,other_noncitizen,15
Johor,1/1/2025,male,50-54,overall,117.3
Johor,1/1/2025,male,50-54,bumi_malay,56.1
Johor,1/1/2025,male,50-54,bumi_other,2
Johor,1/1/2025,male,50-54,chinese,41.3
Johor,1/1/2025,male,50-54,indian,7
Johor,1/1/2025,male,50-54,other_citizen,0.8
Johor,1/1/2025,male,50-54,other_noncitizen,10.1
Johor,1/1/2025,male,55-59,overall,103.3
Johor,1/1/2025,male,55-59,bumi_malay,50.1
Johor,1/1/2025,male,55-59,bumi_other,1.3
Johor,1/1/2025,male,55-59,chinese,37.4
Johor,1/1/2025,male,55-59,indian,6.3
Johor,1/1/2025,male,55-59,other_citizen,0.4
Johor,1/1/2025,male,55-59,other_noncitizen,7.8
Johor,1/1/2025,male,60-64,overall,91.2
Johor,1/1/2025,male,60-64,bumi_malay,45.5
Johor,1/1/2025,male,60-64,bumi_other,0.9
Johor,1/1/2025,male,60-64,chinese,34.3
Johor,1/1/2025,male,60-64,indian,5.3
Johor,1/1/2025,male,60-64,other_citizen,0.3
Johor,1/1/2025,male,60-64,other_noncitizen,4.9
Johor,1/1/2025,male,65-69,overall,73.1
Johor,1/1/2025,male,65-69,bumi_malay,35
Johor,1/1/2025,male,65-69,bumi_other,0.6
Johor,1/1/2025,male,65-69,chinese,27.4
Johor,1/1/2025,male,65-69,indian,3.6
Johor,1/1/2025,male,65-69,other_citizen,0.5
Johor,1/1/2025,male,65-69,other_noncitizen,6
Johor,1/1/2025,male,70-74,overall,37.7
Johor,1/1/2025,male,70-74,bumi_malay,19.9
Johor,1/1/2025,male,70-74,bumi_other,0.5
Johor,1/1/2025,male,70-74,chinese,10.6
Johor,1/1/2025,male,70-74,indian,2.3
Johor,1/1/2025,male,70-74,other_citizen,0.4
Johor,1/1/2025,male,70-74,other_noncitizen,4
Johor,1/1/2025,male,75-79,overall,23.5
Johor,1/1/2025,male,75-79,bumi_malay,12.5
Johor,1/1/2025,male,75-79,bumi_other,0.4
Johor,1/1/2025,male,75-79,chinese,7.2
Johor,1/1/2025,male,75-79,indian,1.2
Johor,1/1/2025,male,75-79,other_citizen,0
Johor,1/1/2025,male,75-79,other_noncitizen,2.3
Johor,1/1/2025,male,80-84,overall,13
Johor,1/1/2025,male,80-84,bumi_malay,6
Johor,1/1/2025,male,80-84,bumi_other,0.3
Johor,1/1/2025,male,80-84,chinese,3.5
Johor,1/1/2025,male,80-84,indian,0.7
Johor,1/1/2025,male,80-84,other_citizen,0
Johor,1/1/2025,male,80-84,other_noncitizen,2.5
Johor,1/1/2025,male,85+,overall,12.7
Johor,1/1/2025,male,85+,bumi_malay,6.2
Johor,1/1/2025,male,85+,bumi_other,0.4
Johor,1/1/2025,male,85+,chinese,2.5
Johor,1/1/2025,male,85+,indian,0.7
Johor,1/1/2025,male,85+,other_citizen,0
Johor,1/1/2025,male,85+,other_noncitizen,3
Kedah,1/1/2025,both,overall,overall,2228
Kedah,1/1/2025,both,overall,bumi_malay,1711.3
Kedah,1/1/2025,both,overall,bumi_other,4.9
Kedah,1/1/2025,both,overall,chinese,246.7
Kedah,1/1/2025,both,overall,indian,128.4
Kedah,1/1/2025,both,overall,other_citizen,25.9
Kedah,1/1/2025,both,overall,other_noncitizen,111
Kedah,1/1/2025,both,0-4,overall,167.3
Kedah,1/1/2025,both,0-4,bumi_malay,140.8
Kedah,1/1/2025,both,0-4,bumi_other,0.4
Kedah,1/1/2025,both,0-4,chinese,6.8
Kedah,1/1/2025,both,0-4,indian,5.5
Kedah,1/1/2025,both,0-4,other_citizen,1.5
Kedah,1/1/2025,both,0-4,other_noncitizen,12.4
Kedah,1/1/2025,both,5-9,overall,177.9
Kedah,1/1/2025,both,5-9,bumi_malay,143.2
Kedah,1/1/2025,both,5-9,bumi_other,0.4
Kedah,1/1/2025,both,5-9,chinese,16.7
Kedah,1/1/2025,both,5-9,indian,7.8
Kedah,1/1/2025,both,5-9,other_citizen,2.3
Kedah,1/1/2025,both,5-9,other_noncitizen,7.6
Kedah,1/1/2025,both,10-14,overall,181.8
Kedah,1/1/2025,both,10-14,bumi_malay,143.1
Kedah,1/1/2025,both,10-14,bumi_other,0.4
Kedah,1/1/2025,both,10-14,chinese,20.8
Kedah,1/1/2025,both,10-14,indian,10.1
Kedah,1/1/2025,both,10-14,other_citizen,2.7
Kedah,1/1/2025,both,10-14,other_noncitizen,4.9
Kedah,1/1/2025,both,15-19,overall,175.7
Kedah,1/1/2025,both,15-19,bumi_malay,130.7
Kedah,1/1/2025,both,15-19,bumi_other,0.2
Kedah,1/1/2025,both,15-19,chinese,24.1
Kedah,1/1/2025,both,15-19,indian,12.9
Kedah,1/1/2025,both,15-19,other_citizen,1.7
Kedah,1/1/2025,both,15-19,other_noncitizen,6.1
Kedah,1/1/2025,both,20-24,overall,198.3
Kedah,1/1/2025,both,20-24,bumi_malay,151
Kedah,1/1/2025,both,20-24,bumi_other,0.2
Kedah,1/1/2025,both,20-24,chinese,17.8
Kedah,1/1/2025,both,20-24,indian,10.2
Kedah,1/1/2025,both,20-24,other_citizen,2
Kedah,1/1/2025,both,20-24,other_noncitizen,17.2
Kedah,1/1/2025,both,25-29,overall,224.9
Kedah,1/1/2025,both,25-29,bumi_malay,167.8
Kedah,1/1/2025,both,25-29,bumi_other,0.3
Kedah,1/1/2025,both,25-29,chinese,20.6
Kedah,1/1/2025,both,25-29,indian,12.3
Kedah,1/1/2025,both,25-29,other_citizen,2.5
Kedah,1/1/2025,both,25-29,other_noncitizen,21.5
Kedah,1/1/2025,both,30-34,overall,190
Kedah,1/1/2025,both,30-34,bumi_malay,143.9
Kedah,1/1/2025,both,30-34,bumi_other,0.2
Kedah,1/1/2025,both,30-34,chinese,20.8
Kedah,1/1/2025,both,30-34,indian,10.8
Kedah,1/1/2025,both,30-34,other_citizen,1.7
Kedah,1/1/2025,both,30-34,other_noncitizen,12.6
Kedah,1/1/2025,both,35-39,overall,151.6
Kedah,1/1/2025,both,35-39,bumi_malay,112.2
Kedah,1/1/2025,both,35-39,bumi_other,0.5
Kedah,1/1/2025,both,35-39,chinese,17.6
Kedah,1/1/2025,both,35-39,indian,10
Kedah,1/1/2025,both,35-39,other_citizen,2.2
Kedah,1/1/2025,both,35-39,other_noncitizen,9
Kedah,1/1/2025,both,40-44,overall,128.9
Kedah,1/1/2025,both,40-44,bumi_malay,99.3
Kedah,1/1/2025,both,40-44,bumi_other,0.3
Kedah,1/1/2025,both,40-44,chinese,13.4
Kedah,1/1/2025,both,40-44,indian,8.5
Kedah,1/1/2025,both,40-44,other_citizen,1.8
Kedah,1/1/2025,both,40-44,other_noncitizen,5.6
Kedah,1/1/2025,both,45-49,overall,113.7
Kedah,1/1/2025,both,45-49,bumi_malay,86.7
Kedah,1/1/2025,both,45-49,bumi_other,0.2
Kedah,1/1/2025,both,45-49,chinese,14.8
Kedah,1/1/2025,both,45-49,indian,7.8
Kedah,1/1/2025,both,45-49,other_citizen,1.4
Kedah,1/1/2025,both,45-49,other_noncitizen,2.9
Kedah,1/1/2025,both,50-54,overall,109.2
Kedah,1/1/2025,both,50-54,bumi_malay,84.5
Kedah,1/1/2025,both,50-54,bumi_other,0.2
Kedah,1/1/2025,both,50-54,chinese,14.9
Kedah,1/1/2025,both,50-54,indian,6.5
Kedah,1/1/2025,both,50-54,other_citizen,1.3
Kedah,1/1/2025,both,50-54,other_noncitizen,1.9
Kedah,1/1/2025,both,55-59,overall,103.9
Kedah,1/1/2025,both,55-59,bumi_malay,79.3
Kedah,1/1/2025,both,55-59,bumi_other,0.4
Kedah,1/1/2025,both,55-59,chinese,15.2
Kedah,1/1/2025,both,55-59,indian,6.5
Kedah,1/1/2025,both,55-59,other_citizen,1.3
Kedah,1/1/2025,both,55-59,other_noncitizen,1.1
Kedah,1/1/2025,both,60-64,overall,95.3
Kedah,1/1/2025,both,60-64,bumi_malay,71.5
Kedah,1/1/2025,both,60-64,bumi_other,0.4
Kedah,1/1/2025,both,60-64,chinese,15.3
Kedah,1/1/2025,both,60-64,indian,6.2
Kedah,1/1/2025,both,60-64,other_citizen,1.2
Kedah,1/1/2025,both,60-64,other_noncitizen,0.7
Kedah,1/1/2025,both,65-69,overall,82.1
Kedah,1/1/2025,both,65-69,bumi_malay,59
Kedah,1/1/2025,both,65-69,bumi_other,0.2
Kedah,1/1/2025,both,65-69,chinese,14.1
Kedah,1/1/2025,both,65-69,indian,5.2
Kedah,1/1/2025,both,65-69,other_citizen,0.9
Kedah,1/1/2025,both,65-69,other_noncitizen,2.6
Kedah,1/1/2025,both,70-74,overall,57
Kedah,1/1/2025,both,70-74,bumi_malay,44.4
Kedah,1/1/2025,both,70-74,bumi_other,0.2
Kedah,1/1/2025,both,70-74,chinese,6
Kedah,1/1/2025,both,70-74,indian,3.8
Kedah,1/1/2025,both,70-74,other_citizen,0.8
Kedah,1/1/2025,both,70-74,other_noncitizen,1.7
Kedah,1/1/2025,both,75-79,overall,36.5
Kedah,1/1/2025,both,75-79,bumi_malay,28.1
Kedah,1/1/2025,both,75-79,bumi_other,0.1
Kedah,1/1/2025,both,75-79,chinese,4.5
Kedah,1/1/2025,both,75-79,indian,2.2
Kedah,1/1/2025,both,75-79,other_citizen,0.5
Kedah,1/1/2025,both,75-79,other_noncitizen,1.1
Kedah,1/1/2025,both,80-84,overall,18.3
Kedah,1/1/2025,both,80-84,bumi_malay,14
Kedah,1/1/2025,both,80-84,bumi_other,0.1
Kedah,1/1/2025,both,80-84,chinese,2.2
Kedah,1/1/2025,both,80-84,indian,1
Kedah,1/1/2025,both,80-84,other_citizen,0.2
Kedah,1/1/2025,both,80-84,other_noncitizen,0.8
Kedah,1/1/2025,both,85+,overall,15.6
Kedah,1/1/2025,both,85+,bumi_malay,11.7
Kedah,1/1/2025,both,85+,bumi_other,0.2
Kedah,1/1/2025,both,85+,chinese,1.1
Kedah,1/1/2025,both,85+,indian,1.1
Kedah,1/1/2025,both,85+,other_citizen,0
Kedah,1/1/2025,both,85+,other_noncitizen,1.4
Kedah,1/1/2025,female,overall,overall,1090.9
Kedah,1/1/2025,female,overall,bumi_malay,854.4
Kedah,1/1/2025,female,overall,bumi_other,2.3
Kedah,1/1/2025,female,overall,chinese,124.4
Kedah,1/1/2025,female,overall,indian,66.7
Kedah,1/1/2025,female,overall,other_citizen,12.3
Kedah,1/1/2025,female,overall,other_noncitizen,30.7
Kedah,1/1/2025,female,0-4,overall,80.2
Kedah,1/1/2025,female,0-4,bumi_malay,68.3
Kedah,1/1/2025,female,0-4,bumi_other,0.2
Kedah,1/1/2025,female,0-4,chinese,3.3
Kedah,1/1/2025,female,0-4,indian,2.7
Kedah,1/1/2025,female,0-4,other_citizen,0.7
Kedah,1/1/2025,female,0-4,other_noncitizen,5
Kedah,1/1/2025,female,5-9,overall,85.3
Kedah,1/1/2025,female,5-9,bumi_malay,68.1
Kedah,1/1/2025,female,5-9,bumi_other,0.3
Kedah,1/1/2025,female,5-9,chinese,9
Kedah,1/1/2025,female,5-9,indian,4
Kedah,1/1/2025,female,5-9,other_citizen,1.1
Kedah,1/1/2025,female,5-9,other_noncitizen,2.8
Kedah,1/1/2025,female,10-14,overall,88
Kedah,1/1/2025,female,10-14,bumi_malay,69.4
Kedah,1/1/2025,female,10-14,bumi_other,0.1
Kedah,1/1/2025,female,10-14,chinese,10.3
Kedah,1/1/2025,female,10-14,indian,5.2
Kedah,1/1/2025,female,10-14,other_citizen,1.3
Kedah,1/1/2025,female,10-14,other_noncitizen,1.7
Kedah,1/1/2025,female,15-19,overall,84.7
Kedah,1/1/2025,female,15-19,bumi_malay,63.6
Kedah,1/1/2025,female,15-19,bumi_other,0.1
Kedah,1/1/2025,female,15-19,chinese,12
Kedah,1/1/2025,female,15-19,indian,6.6
Kedah,1/1/2025,female,15-19,other_citizen,0.8
Kedah,1/1/2025,female,15-19,other_noncitizen,1.7
Kedah,1/1/2025,female,20-24,overall,91
Kedah,1/1/2025,female,20-24,bumi_malay,72.5
Kedah,1/1/2025,female,20-24,bumi_other,0.1
Kedah,1/1/2025,female,20-24,chinese,8.8
Kedah,1/1/2025,female,20-24,indian,5
Kedah,1/1/2025,female,20-24,other_citizen,0.8
Kedah,1/1/2025,female,20-24,other_noncitizen,3.8
Kedah,1/1/2025,female,25-29,overall,101.2
Kedah,1/1/2025,female,25-29,bumi_malay,81.4
Kedah,1/1/2025,female,25-29,bumi_other,0.2
Kedah,1/1/2025,female,25-29,chinese,9.1
Kedah,1/1/2025,female,25-29,indian,5.7
Kedah,1/1/2025,female,25-29,other_citizen,1
Kedah,1/1/2025,female,25-29,other_noncitizen,3.8
Kedah,1/1/2025,female,30-34,overall,89.7
Kedah,1/1/2025,female,30-34,bumi_malay,70.6
Kedah,1/1/2025,female,30-34,bumi_other,0.1
Kedah,1/1/2025,female,30-34,chinese,10.4
Kedah,1/1/2025,female,30-34,indian,5.3
Kedah,1/1/2025,female,30-34,other_citizen,0.8
Kedah,1/1/2025,female,30-34,other_noncitizen,2.6
Kedah,1/1/2025,female,35-39,overall,74.5
Kedah,1/1/2025,female,35-39,bumi_malay,56.4
Kedah,1/1/2025,female,35-39,bumi_other,0.2
Kedah,1/1/2025,female,35-39,chinese,9.6
Kedah,1/1/2025,female,35-39,indian,5.1
Kedah,1/1/2025,female,35-39,other_citizen,1.1
Kedah,1/1/2025,female,35-39,other_noncitizen,2.1
Kedah,1/1/2025,female,40-44,overall,65.1
Kedah,1/1/2025,female,40-44,bumi_malay,52.2
Kedah,1/1/2025,female,40-44,bumi_other,0.1
Kedah,1/1/2025,female,40-44,chinese,5.6
Kedah,1/1/2025,female,40-44,indian,4.4
Kedah,1/1/2025,female,40-44,other_citizen,0.8
Kedah,1/1/2025,female,40-44,other_noncitizen,1.9
Kedah,1/1/2025,female,45-49,overall,56.7
Kedah,1/1/2025,female,45-49,bumi_malay,43.5
Kedah,1/1/2025,female,45-49,bumi_other,0.1
Kedah,1/1/2025,female,45-49,chinese,7.6
Kedah,1/1/2025,female,45-49,indian,3.9
Kedah,1/1/2025,female,45-49,other_citizen,0.7
Kedah,1/1/2025,female,45-49,other_noncitizen,0.8
Kedah,1/1/2025,female,50-54,overall,56.7
Kedah,1/1/2025,female,50-54,bumi_malay,44
Kedah,1/1/2025,female,50-54,bumi_other,0.1
Kedah,1/1/2025,female,50-54,chinese,7.7
Kedah,1/1/2025,female,50-54,indian,3.6
Kedah,1/1/2025,female,50-54,other_citizen,0.7
Kedah,1/1/2025,female,50-54,other_noncitizen,0.5
Kedah,1/1/2025,female,55-59,overall,55
Kedah,1/1/2025,female,55-59,bumi_malay,41.9
Kedah,1/1/2025,female,55-59,bumi_other,0.2
Kedah,1/1/2025,female,55-59,chinese,8.2
Kedah,1/1/2025,female,55-59,indian,3.7
Kedah,1/1/2025,female,55-59,other_citizen,0.6
Kedah,1/1/2025,female,55-59,other_noncitizen,0.3
Kedah,1/1/2025,female,60-64,overall,49.8
Kedah,1/1/2025,female,60-64,bumi_malay,37.4
Kedah,1/1/2025,female,60-64,bumi_other,0.2
Kedah,1/1/2025,female,60-64,chinese,7.9
Kedah,1/1/2025,female,60-64,indian,3.6
Kedah,1/1/2025,female,60-64,other_citizen,0.5
Kedah,1/1/2025,female,60-64,other_noncitizen,0.2
Kedah,1/1/2025,female,65-69,overall,44.5
Kedah,1/1/2025,female,65-69,bumi_malay,31.9
Kedah,1/1/2025,female,65-69,bumi_other,0.1
Kedah,1/1/2025,female,65-69,chinese,7.5
Kedah,1/1/2025,female,65-69,indian,3.1
Kedah,1/1/2025,female,65-69,other_citizen,0.5
Kedah,1/1/2025,female,65-69,other_noncitizen,1.5
Kedah,1/1/2025,female,70-74,overall,30.3
Kedah,1/1/2025,female,70-74,bumi_malay,23.7
Kedah,1/1/2025,female,70-74,bumi_other,0.1
Kedah,1/1/2025,female,70-74,chinese,3.3
Kedah,1/1/2025,female,70-74,indian,2.2
Kedah,1/1/2025,female,70-74,other_citizen,0.4
Kedah,1/1/2025,female,70-74,other_noncitizen,0.6
Kedah,1/1/2025,female,75-79,overall,19.4
Kedah,1/1/2025,female,75-79,bumi_malay,15.2
Kedah,1/1/2025,female,75-79,bumi_other,0.1
Kedah,1/1/2025,female,75-79,chinese,2.3
Kedah,1/1/2025,female,75-79,indian,1.3
Kedah,1/1/2025,female,75-79,other_citizen,0.3
Kedah,1/1/2025,female,75-79,other_noncitizen,0.3
Kedah,1/1/2025,female,80-84,overall,10.5
Kedah,1/1/2025,female,80-84,bumi_malay,8.3
Kedah,1/1/2025,female,80-84,bumi_other,0
Kedah,1/1/2025,female,80-84,chinese,1.2
Kedah,1/1/2025,female,80-84,indian,0.6
Kedah,1/1/2025,female,80-84,other_citizen,0.1
Kedah,1/1/2025,female,80-84,other_noncitizen,0.3
Kedah,1/1/2025,female,85+,overall,8.2
Kedah,1/1/2025,female,85+,bumi_malay,6.1
Kedah,1/1/2025,female,85+,bumi_other,0.1
Kedah,1/1/2025,female,85+,chinese,0.5
Kedah,1/1/2025,female,85+,indian,0.6
Kedah,1/1/2025,female,85+,other_citizen,0
Kedah,1/1/2025,female,85+,other_noncitizen,0.9
Kedah,1/1/2025,male,overall,overall,1137.1
Kedah,1/1/2025,male,overall,bumi_malay,856.9
Kedah,1/1/2025,male,overall,bumi_other,2.5
Kedah,1/1/2025,male,overall,chinese,122.2
Kedah,1/1/2025,male,overall,indian,61.7
Kedah,1/1/2025,male,overall,other_citizen,13.6
Kedah,1/1/2025,male,overall,other_noncitizen,80.2
Kedah,1/1/2025,male,0-4,overall,87.1
Kedah,1/1/2025,male,0-4,bumi_malay,72.4
Kedah,1/1/2025,male,0-4,bumi_other,0.2
Kedah,1/1/2025,male,0-4,chinese,3.5
Kedah,1/1/2025,male,0-4,indian,2.8
Kedah,1/1/2025,male,0-4,other_citizen,0.8
Kedah,1/1/2025,male,0-4,other_noncitizen,7.4
Kedah,1/1/2025,male,5-9,overall,92.6
Kedah,1/1/2025,male,5-9,bumi_malay,75.1
Kedah,1/1/2025,male,5-9,bumi_other,0.1
Kedah,1/1/2025,male,5-9,chinese,7.7
Kedah,1/1/2025,male,5-9,indian,3.8
Kedah,1/1/2025,male,5-9,other_citizen,1.2
Kedah,1/1/2025,male,5-9,other_noncitizen,4.8
Kedah,1/1/2025,male,10-14,overall,93.9
Kedah,1/1/2025,male,10-14,bumi_malay,73.7
Kedah,1/1/2025,male,10-14,bumi_other,0.3
Kedah,1/1/2025,male,10-14,chinese,10.5
Kedah,1/1/2025,male,10-14,indian,4.8
Kedah,1/1/2025,male,10-14,other_citizen,1.4
Kedah,1/1/2025,male,10-14,other_noncitizen,3.2
Kedah,1/1/2025,male,15-19,overall,91
Kedah,1/1/2025,male,15-19,bumi_malay,67.1
Kedah,1/1/2025,male,15-19,bumi_other,0.1
Kedah,1/1/2025,male,15-19,chinese,12.1
Kedah,1/1/2025,male,15-19,indian,6.3
Kedah,1/1/2025,male,15-19,other_citizen,0.9
Kedah,1/1/2025,male,15-19,other_noncitizen,4.5
Kedah,1/1/2025,male,20-24,overall,107.3
Kedah,1/1/2025,male,20-24,bumi_malay,78.4
Kedah,1/1/2025,male,20-24,bumi_other,0.1
Kedah,1/1/2025,male,20-24,chinese,9
Kedah,1/1/2025,male,20-24,indian,5.2
Kedah,1/1/2025,male,20-24,other_citizen,1.2
Kedah,1/1/2025,male,20-24,other_noncitizen,13.4
Kedah,1/1/2025,male,25-29,overall,123.7
Kedah,1/1/2025,male,25-29,bumi_malay,86.4
Kedah,1/1/2025,male,25-29,bumi_other,0.1
Kedah,1/1/2025,male,25-29,chinese,11.5
Kedah,1/1/2025,male,25-29,indian,6.6
Kedah,1/1/2025,male,25-29,other_citizen,1.5
Kedah,1/1/2025,male,25-29,other_noncitizen,17.6
Kedah,1/1/2025,male,30-34,overall,100.3
Kedah,1/1/2025,male,30-34,bumi_malay,73.3
Kedah,1/1/2025,male,30-34,bumi_other,0.2
Kedah,1/1/2025,male,30-34,chinese,10.4
Kedah,1/1/2025,male,30-34,indian,5.5
Kedah,1/1/2025,male,30-34,other_citizen,0.9
Kedah,1/1/2025,male,30-34,other_noncitizen,10
Kedah,1/1/2025,male,35-39,overall,77.1
Kedah,1/1/2025,male,35-39,bumi_malay,55.8
Kedah,1/1/2025,male,35-39,bumi_other,0.4
Kedah,1/1/2025,male,35-39,chinese,8
Kedah,1/1/2025,male,35-39,indian,4.9
Kedah,1/1/2025,male,35-39,other_citizen,1
Kedah,1/1/2025,male,35-39,other_noncitizen,7
Kedah,1/1/2025,male,40-44,overall,63.8
Kedah,1/1/2025,male,40-44,bumi_malay,47.1
Kedah,1/1/2025,male,40-44,bumi_other,0.2
Kedah,1/1/2025,male,40-44,chinese,7.8
Kedah,1/1/2025,male,40-44,indian,4.1
Kedah,1/1/2025,male,40-44,other_citizen,0.9
Kedah,1/1/2025,male,40-44,other_noncitizen,3.7
Kedah,1/1/2025,male,45-49,overall,57
Kedah,1/1/2025,male,45-49,bumi_malay,43.2
Kedah,1/1/2025,male,45-49,bumi_other,0.1
Kedah,1/1/2025,male,45-49,chinese,7.2
Kedah,1/1/2025,male,45-49,indian,3.8
Kedah,1/1/2025,male,45-49,other_citizen,0.6
Kedah,1/1/2025,male,45-49,other_noncitizen,2.1
Kedah,1/1/2025,male,50-54,overall,52.6
Kedah,1/1/2025,male,50-54,bumi_malay,40.5
Kedah,1/1/2025,male,50-54,bumi_other,0.1
Kedah,1/1/2025,male,50-54,chinese,7.1
Kedah,1/1/2025,male,50-54,indian,2.9
Kedah,1/1/2025,male,50-54,other_citizen,0.6
Kedah,1/1/2025,male,50-54,other_noncitizen,1.4
Kedah,1/1/2025,male,55-59,overall,48.9
Kedah,1/1/2025,male,55-59,bumi_malay,37.4
Kedah,1/1/2025,male,55-59,bumi_other,0.2
Kedah,1/1/2025,male,55-59,chinese,7
Kedah,1/1/2025,male,55-59,indian,2.8
Kedah,1/1/2025,male,55-59,other_citizen,0.7
Kedah,1/1/2025,male,55-59,other_noncitizen,0.8
Kedah,1/1/2025,male,60-64,overall,45.5
Kedah,1/1/2025,male,60-64,bumi_malay,34.2
Kedah,1/1/2025,male,60-64,bumi_other,0.2
Kedah,1/1/2025,male,60-64,chinese,7.4
Kedah,1/1/2025,male,60-64,indian,2.6
Kedah,1/1/2025,male,60-64,other_citizen,0.6
Kedah,1/1/2025,male,60-64,other_noncitizen,0.5
Kedah,1/1/2025,male,65-69,overall,37.6
Kedah,1/1/2025,male,65-69,bumi_malay,27.2
Kedah,1/1/2025,male,65-69,bumi_other,0.1
Kedah,1/1/2025,male,65-69,chinese,6.6
Kedah,1/1/2025,male,65-69,indian,2.1
Kedah,1/1/2025,male,65-69,other_citizen,0.4
Kedah,1/1/2025,male,65-69,other_noncitizen,1.1
Kedah,1/1/2025,male,70-74,overall,26.6
Kedah,1/1/2025,male,70-74,bumi_malay,20.7
Kedah,1/1/2025,male,70-74,bumi_other,0.1
Kedah,1/1/2025,male,70-74,chinese,2.7
Kedah,1/1/2025,male,70-74,indian,1.6
Kedah,1/1/2025,male,70-74,other_citizen,0.4
Kedah,1/1/2025,male,70-74,other_noncitizen,1.1
Kedah,1/1/2025,male,75-79,overall,17.1
Kedah,1/1/2025,male,75-79,bumi_malay,13
Kedah,1/1/2025,male,75-79,bumi_other,0.1
Kedah,1/1/2025,male,75-79,chinese,2.2
Kedah,1/1/2025,male,75-79,indian,0.9
Kedah,1/1/2025,male,75-79,other_citizen,0.2
Kedah,1/1/2025,male,75-79,other_noncitizen,0.7
Kedah,1/1/2025,male,80-84,overall,7.8
Kedah,1/1/2025,male,80-84,bumi_malay,5.7
Kedah,1/1/2025,male,80-84,bumi_other,0
Kedah,1/1/2025,male,80-84,chinese,1
Kedah,1/1/2025,male,80-84,indian,0.4
Kedah,1/1/2025,male,80-84,other_citizen,0.1
Kedah,1/1/2025,male,80-84,other_noncitizen,0.5
Kedah,1/1/2025,male,85+,overall,7.4
Kedah,1/1/2025,male,85+,bumi_malay,5.7
Kedah,1/1/2025,male,85+,bumi_other,0.1
Kedah,1/1/2025,male,85+,chinese,0.6
Kedah,1/1/2025,male,85+,indian,0.5
Kedah,1/1/2025,male,85+,other_citizen,0
Kedah,1/1/2025,male,85+,other_noncitizen,0.5
Kelantan,1/1/2025,both,overall,overall,1907.7
Kelantan,1/1/2025,both,overall,bumi_malay,1777.6
Kelantan,1/1/2025,both,overall,bumi_other,23.1
Kelantan,1/1/2025,both,overall,chinese,44.1
Kelantan,1/1/2025,both,overall,indian,4.8
Kelantan,1/1/2025,both,overall,other_citizen,11
Kelantan,1/1/2025,both,overall,other_noncitizen,47.1
Kelantan,1/1/2025,both,0-4,overall,167.7
Kelantan,1/1/2025,both,0-4,bumi_malay,162
Kelantan,1/1/2025,both,0-4,bumi_other,2.1
Kelantan,1/1/2025,both,0-4,chinese,1.7
Kelantan,1/1/2025,both,0-4,indian,0.1
Kelantan,1/1/2025,both,0-4,other_citizen,0.7
Kelantan,1/1/2025,both,0-4,other_noncitizen,1.1
Kelantan,1/1/2025,both,5-9,overall,173.8
Kelantan,1/1/2025,both,5-9,bumi_malay,165.1
Kelantan,1/1/2025,both,5-9,bumi_other,3.9
Kelantan,1/1/2025,both,5-9,chinese,2.6
Kelantan,1/1/2025,both,5-9,indian,0.3
Kelantan,1/1/2025,both,5-9,other_citizen,0.8
Kelantan,1/1/2025,both,5-9,other_noncitizen,1.2
Kelantan,1/1/2025,both,10-14,overall,185.2
Kelantan,1/1/2025,both,10-14,bumi_malay,177.2
Kelantan,1/1/2025,both,10-14,bumi_other,2.6
Kelantan,1/1/2025,both,10-14,chinese,3.1
Kelantan,1/1/2025,both,10-14,indian,0.4
Kelantan,1/1/2025,both,10-14,other_citizen,0.9
Kelantan,1/1/2025,both,10-14,other_noncitizen,1
Kelantan,1/1/2025,both,15-19,overall,177.5
Kelantan,1/1/2025,both,15-19,bumi_malay,169.4
Kelantan,1/1/2025,both,15-19,bumi_other,2.7
Kelantan,1/1/2025,both,15-19,chinese,2.9
Kelantan,1/1/2025,both,15-19,indian,0.4
Kelantan,1/1/2025,both,15-19,other_citizen,0.8
Kelantan,1/1/2025,both,15-19,other_noncitizen,1.4
Kelantan,1/1/2025,both,20-24,overall,209.3
Kelantan,1/1/2025,both,20-24,bumi_malay,197.8
Kelantan,1/1/2025,both,20-24,bumi_other,2.4
Kelantan,1/1/2025,both,20-24,chinese,3.5
Kelantan,1/1/2025,both,20-24,indian,0.4
Kelantan,1/1/2025,both,20-24,other_citizen,0.7
Kelantan,1/1/2025,both,20-24,other_noncitizen,4.5
Kelantan,1/1/2025,both,25-29,overall,174.3
Kelantan,1/1/2025,both,25-29,bumi_malay,159.4
Kelantan,1/1/2025,both,25-29,bumi_other,2.3
Kelantan,1/1/2025,both,25-29,chinese,3.3
Kelantan,1/1/2025,both,25-29,indian,1.1
Kelantan,1/1/2025,both,25-29,other_citizen,0.7
Kelantan,1/1/2025,both,25-29,other_noncitizen,7.5
Kelantan,1/1/2025,both,30-34,overall,131.1
Kelantan,1/1/2025,both,30-34,bumi_malay,117.5
Kelantan,1/1/2025,both,30-34,bumi_other,1.7
Kelantan,1/1/2025,both,30-34,chinese,2.7
Kelantan,1/1/2025,both,30-34,indian,0.4
Kelantan,1/1/2025,both,30-34,other_citizen,0.7
Kelantan,1/1/2025,both,30-34,other_noncitizen,8.1
Kelantan,1/1/2025,both,35-39,overall,116.7
Kelantan,1/1/2025,both,35-39,bumi_malay,105.2
Kelantan,1/1/2025,both,35-39,bumi_other,1.3
Kelantan,1/1/2025,both,35-39,chinese,2.8
Kelantan,1/1/2025,both,35-39,indian,0.4
Kelantan,1/1/2025,both,35-39,other_citizen,0.7
Kelantan,1/1/2025,both,35-39,other_noncitizen,6.3
Kelantan,1/1/2025,both,40-44,overall,105.7
Kelantan,1/1/2025,both,40-44,bumi_malay,96
Kelantan,1/1/2025,both,40-44,bumi_other,1
Kelantan,1/1/2025,both,40-44,chinese,2.7
Kelantan,1/1/2025,both,40-44,indian,0.3
Kelantan,1/1/2025,both,40-44,other_citizen,0.7
Kelantan,1/1/2025,both,40-44,other_noncitizen,5
Kelantan,1/1/2025,both,45-49,overall,85.6
Kelantan,1/1/2025,both,45-49,bumi_malay,77.7
Kelantan,1/1/2025,both,45-49,bumi_other,0.8
Kelantan,1/1/2025,both,45-49,chinese,2.6
Kelantan,1/1/2025,both,45-49,indian,0.2
Kelantan,1/1/2025,both,45-49,other_citizen,0.7
Kelantan,1/1/2025,both,45-49,other_noncitizen,3.6
Kelantan,1/1/2025,both,50-54,overall,83.5
Kelantan,1/1/2025,both,50-54,bumi_malay,76.6
Kelantan,1/1/2025,both,50-54,bumi_other,0.7
Kelantan,1/1/2025,both,50-54,chinese,2.6
Kelantan,1/1/2025,both,50-54,indian,0.2
Kelantan,1/1/2025,both,50-54,other_citizen,0.7
Kelantan,1/1/2025,both,50-54,other_noncitizen,2.7
Kelantan,1/1/2025,both,55-59,overall,78.2
Kelantan,1/1/2025,both,55-59,bumi_malay,72.1
Kelantan,1/1/2025,both,55-59,bumi_other,0.5
Kelantan,1/1/2025,both,55-59,chinese,2.9
Kelantan,1/1/2025,both,55-59,indian,0.1
Kelantan,1/1/2025,both,55-59,other_citizen,0.6
Kelantan,1/1/2025,both,55-59,other_noncitizen,2
Kelantan,1/1/2025,both,60-64,overall,77.6
Kelantan,1/1/2025,both,60-64,bumi_malay,72
Kelantan,1/1/2025,both,60-64,bumi_other,0.4
Kelantan,1/1/2025,both,60-64,chinese,3.2
Kelantan,1/1/2025,both,60-64,indian,0.2
Kelantan,1/1/2025,both,60-64,other_citizen,0.7
Kelantan,1/1/2025,both,60-64,other_noncitizen,1.2
Kelantan,1/1/2025,both,65-69,overall,59.4
Kelantan,1/1/2025,both,65-69,bumi_malay,54.9
Kelantan,1/1/2025,both,65-69,bumi_other,0.3
Kelantan,1/1/2025,both,65-69,chinese,2.7
Kelantan,1/1/2025,both,65-69,indian,0.2
Kelantan,1/1/2025,both,65-69,other_citizen,0.5
Kelantan,1/1/2025,both,65-69,other_noncitizen,0.7
Kelantan,1/1/2025,both,70-74,overall,39.4
Kelantan,1/1/2025,both,70-74,bumi_malay,36.2
Kelantan,1/1/2025,both,70-74,bumi_other,0.2
Kelantan,1/1/2025,both,70-74,chinese,2.1
Kelantan,1/1/2025,both,70-74,indian,0.1
Kelantan,1/1/2025,both,70-74,other_citizen,0.4
Kelantan,1/1/2025,both,70-74,other_noncitizen,0.4
Kelantan,1/1/2025,both,75-79,overall,25.1
Kelantan,1/1/2025,both,75-79,bumi_malay,23
Kelantan,1/1/2025,both,75-79,bumi_other,0.1
Kelantan,1/1/2025,both,75-79,chinese,1.4
Kelantan,1/1/2025,both,75-79,indian,0.1
Kelantan,1/1/2025,both,75-79,other_citizen,0.3
Kelantan,1/1/2025,both,75-79,other_noncitizen,0.2
Kelantan,1/1/2025,both,80-84,overall,11.3
Kelantan,1/1/2025,both,80-84,bumi_malay,10.1
Kelantan,1/1/2025,both,80-84,bumi_other,0.1
Kelantan,1/1/2025,both,80-84,chinese,0.7
Kelantan,1/1/2025,both,80-84,indian,0
Kelantan,1/1/2025,both,80-84,other_citizen,0.2
Kelantan,1/1/2025,both,80-84,other_noncitizen,0.2
Kelantan,1/1/2025,both,85+,overall,6.2
Kelantan,1/1/2025,both,85+,bumi_malay,5.4
Kelantan,1/1/2025,both,85+,bumi_other,0.1
Kelantan,1/1/2025,both,85+,chinese,0.5
Kelantan,1/1/2025,both,85+,indian,0
Kelantan,1/1/2025,both,85+,other_citizen,0.2
Kelantan,1/1/2025,both,85+,other_noncitizen,0.1
Kelantan,1/1/2025,female,overall,overall,948.9
Kelantan,1/1/2025,female,overall,bumi_malay,891.1
Kelantan,1/1/2025,female,overall,bumi_other,11.4
Kelantan,1/1/2025,female,overall,chinese,21.7
Kelantan,1/1/2025,female,overall,indian,2.5
Kelantan,1/1/2025,female,overall,other_citizen,5.6
Kelantan,1/1/2025,female,overall,other_noncitizen,16.7
Kelantan,1/1/2025,female,0-4,overall,81.2
Kelantan,1/1/2025,female,0-4,bumi_malay,78.4
Kelantan,1/1/2025,female,0-4,bumi_other,1.1
Kelantan,1/1/2025,female,0-4,chinese,0.8
Kelantan,1/1/2025,female,0-4,indian,0.1
Kelantan,1/1/2025,female,0-4,other_citizen,0.3
Kelantan,1/1/2025,female,0-4,other_noncitizen,0.5
Kelantan,1/1/2025,female,5-9,overall,85.3
Kelantan,1/1/2025,female,5-9,bumi_malay,81
Kelantan,1/1/2025,female,5-9,bumi_other,1.9
Kelantan,1/1/2025,female,5-9,chinese,1.3
Kelantan,1/1/2025,female,5-9,indian,0.2
Kelantan,1/1/2025,female,5-9,other_citizen,0.4
Kelantan,1/1/2025,female,5-9,other_noncitizen,0.6
Kelantan,1/1/2025,female,10-14,overall,89.7
Kelantan,1/1/2025,female,10-14,bumi_malay,85.8
Kelantan,1/1/2025,female,10-14,bumi_other,1.4
Kelantan,1/1/2025,female,10-14,chinese,1.4
Kelantan,1/1/2025,female,10-14,indian,0.2
Kelantan,1/1/2025,female,10-14,other_citizen,0.4
Kelantan,1/1/2025,female,10-14,other_noncitizen,0.5
Kelantan,1/1/2025,female,15-19,overall,86
Kelantan,1/1/2025,female,15-19,bumi_malay,82.1
Kelantan,1/1/2025,female,15-19,bumi_other,1.3
Kelantan,1/1/2025,female,15-19,chinese,1.4
Kelantan,1/1/2025,female,15-19,indian,0.2
Kelantan,1/1/2025,female,15-19,other_citizen,0.4
Kelantan,1/1/2025,female,15-19,other_noncitizen,0.6
Kelantan,1/1/2025,female,20-24,overall,103
Kelantan,1/1/2025,female,20-24,bumi_malay,98.2
Kelantan,1/1/2025,female,20-24,bumi_other,1.2
Kelantan,1/1/2025,female,20-24,chinese,1.7
Kelantan,1/1/2025,female,20-24,indian,0.2
Kelantan,1/1/2025,female,20-24,other_citizen,0.4
Kelantan,1/1/2025,female,20-24,other_noncitizen,1.4
Kelantan,1/1/2025,female,25-29,overall,87.1
Kelantan,1/1/2025,female,25-29,bumi_malay,81.7
Kelantan,1/1/2025,female,25-29,bumi_other,1.2
Kelantan,1/1/2025,female,25-29,chinese,1.7
Kelantan,1/1/2025,female,25-29,indian,0.7
Kelantan,1/1/2025,female,25-29,other_citizen,0.3
Kelantan,1/1/2025,female,25-29,other_noncitizen,1.5
Kelantan,1/1/2025,female,30-34,overall,62.7
Kelantan,1/1/2025,female,30-34,bumi_malay,58.1
Kelantan,1/1/2025,female,30-34,bumi_other,0.8
Kelantan,1/1/2025,female,30-34,chinese,1.3
Kelantan,1/1/2025,female,30-34,indian,0.2
Kelantan,1/1/2025,female,30-34,other_citizen,0.3
Kelantan,1/1/2025,female,30-34,other_noncitizen,2
Kelantan,1/1/2025,female,35-39,overall,56.3
Kelantan,1/1/2025,female,35-39,bumi_malay,52.1
Kelantan,1/1/2025,female,35-39,bumi_other,0.6
Kelantan,1/1/2025,female,35-39,chinese,1.3
Kelantan,1/1/2025,female,35-39,indian,0.2
Kelantan,1/1/2025,female,35-39,other_citizen,0.3
Kelantan,1/1/2025,female,35-39,other_noncitizen,1.8
Kelantan,1/1/2025,female,40-44,overall,51.5
Kelantan,1/1/2025,female,40-44,bumi_malay,47.5
Kelantan,1/1/2025,female,40-44,bumi_other,0.4
Kelantan,1/1/2025,female,40-44,chinese,1.3
Kelantan,1/1/2025,female,40-44,indian,0.1
Kelantan,1/1/2025,female,40-44,other_citizen,0.4
Kelantan,1/1/2025,female,40-44,other_noncitizen,1.8
Kelantan,1/1/2025,female,45-49,overall,42.7
Kelantan,1/1/2025,female,45-49,bumi_malay,39
Kelantan,1/1/2025,female,45-49,bumi_other,0.4
Kelantan,1/1/2025,female,45-49,chinese,1.3
Kelantan,1/1/2025,female,45-49,indian,0.1
Kelantan,1/1/2025,female,45-49,other_citizen,0.4
Kelantan,1/1/2025,female,45-49,other_noncitizen,1.6
Kelantan,1/1/2025,female,50-54,overall,43.8
Kelantan,1/1/2025,female,50-54,bumi_malay,40.2
Kelantan,1/1/2025,female,50-54,bumi_other,0.3
Kelantan,1/1/2025,female,50-54,chinese,1.3
Kelantan,1/1/2025,female,50-54,indian,0.1
Kelantan,1/1/2025,female,50-54,other_citizen,0.4
Kelantan,1/1/2025,female,50-54,other_noncitizen,1.5
Kelantan,1/1/2025,female,55-59,overall,41.6
Kelantan,1/1/2025,female,55-59,bumi_malay,38.4
Kelantan,1/1/2025,female,55-59,bumi_other,0.2
Kelantan,1/1/2025,female,55-59,chinese,1.4
Kelantan,1/1/2025,female,55-59,indian,0.1
Kelantan,1/1/2025,female,55-59,other_citizen,0.4
Kelantan,1/1/2025,female,55-59,other_noncitizen,1.2
Kelantan,1/1/2025,female,60-64,overall,40.8
Kelantan,1/1/2025,female,60-64,bumi_malay,37.8
Kelantan,1/1/2025,female,60-64,bumi_other,0.2
Kelantan,1/1/2025,female,60-64,chinese,1.6
Kelantan,1/1/2025,female,60-64,indian,0.1
Kelantan,1/1/2025,female,60-64,other_citizen,0.3
Kelantan,1/1/2025,female,60-64,other_noncitizen,0.7
Kelantan,1/1/2025,female,65-69,overall,32
Kelantan,1/1/2025,female,65-69,bumi_malay,29.7
Kelantan,1/1/2025,female,65-69,bumi_other,0.2
Kelantan,1/1/2025,female,65-69,chinese,1.4
Kelantan,1/1/2025,female,65-69,indian,0.1
Kelantan,1/1/2025,female,65-69,other_citizen,0.3
Kelantan,1/1/2025,female,65-69,other_noncitizen,0.5
Kelantan,1/1/2025,female,70-74,overall,21.2
Kelantan,1/1/2025,female,70-74,bumi_malay,19.6
Kelantan,1/1/2025,female,70-74,bumi_other,0.1
Kelantan,1/1/2025,female,70-74,chinese,1
Kelantan,1/1/2025,female,70-74,indian,0.1
Kelantan,1/1/2025,female,70-74,other_citizen,0.2
Kelantan,1/1/2025,female,70-74,other_noncitizen,0.2
Kelantan,1/1/2025,female,75-79,overall,13.6
Kelantan,1/1/2025,female,75-79,bumi_malay,12.5
Kelantan,1/1/2025,female,75-79,bumi_other,0.1
Kelantan,1/1/2025,female,75-79,chinese,0.7
Kelantan,1/1/2025,female,75-79,indian,0
Kelantan,1/1/2025,female,75-79,other_citizen,0.2
Kelantan,1/1/2025,female,75-79,other_noncitizen,0.1
Kelantan,1/1/2025,female,80-84,overall,6.5
Kelantan,1/1/2025,female,80-84,bumi_malay,5.8
Kelantan,1/1/2025,female,80-84,bumi_other,0.1
Kelantan,1/1/2025,female,80-84,chinese,0.4
Kelantan,1/1/2025,female,80-84,indian,0
Kelantan,1/1/2025,female,80-84,other_citizen,0.1
Kelantan,1/1/2025,female,80-84,other_noncitizen,0.1
Kelantan,1/1/2025,female,85+,overall,3.8
Kelantan,1/1/2025,female,85+,bumi_malay,3.3
Kelantan,1/1/2025,female,85+,bumi_other,0
Kelantan,1/1/2025,female,85+,chinese,0.3
Kelantan,1/1/2025,female,85+,indian,0
Kelantan,1/1/2025,female,85+,other_citizen,0.1
Kelantan,1/1/2025,female,85+,other_noncitizen,0.1
Kelantan,1/1/2025,male,overall,overall,958.8
Kelantan,1/1/2025,male,overall,bumi_malay,886.5
Kelantan,1/1/2025,male,overall,bumi_other,11.7
Kelantan,1/1/2025,male,overall,chinese,22.4
Kelantan,1/1/2025,male,overall,indian,2.3
Kelantan,1/1/2025,male,overall,other_citizen,5.5
Kelantan,1/1/2025,male,overall,other_noncitizen,30.5
Kelantan,1/1/2025,male,0-4,overall,86.5
Kelantan,1/1/2025,male,0-4,bumi_malay,83.6
Kelantan,1/1/2025,male,0-4,bumi_other,1
Kelantan,1/1/2025,male,0-4,chinese,0.9
Kelantan,1/1/2025,male,0-4,indian,0.1
Kelantan,1/1/2025,male,0-4,other_citizen,0.4
Kelantan,1/1/2025,male,0-4,other_noncitizen,0.6
Kelantan,1/1/2025,male,5-9,overall,88.5
Kelantan,1/1/2025,male,5-9,bumi_malay,84.2
Kelantan,1/1/2025,male,5-9,bumi_other,2
Kelantan,1/1/2025,male,5-9,chinese,1.3
Kelantan,1/1/2025,male,5-9,indian,0.1
Kelantan,1/1/2025,male,5-9,other_citizen,0.4
Kelantan,1/1/2025,male,5-9,other_noncitizen,0.6
Kelantan,1/1/2025,male,10-14,overall,95.5
Kelantan,1/1/2025,male,10-14,bumi_malay,91.4
Kelantan,1/1/2025,male,10-14,bumi_other,1.2
Kelantan,1/1/2025,male,10-14,chinese,1.7
Kelantan,1/1/2025,male,10-14,indian,0.2
Kelantan,1/1/2025,male,10-14,other_citizen,0.5
Kelantan,1/1/2025,male,10-14,other_noncitizen,0.5
Kelantan,1/1/2025,male,15-19,overall,91.5
Kelantan,1/1/2025,male,15-19,bumi_malay,87.2
Kelantan,1/1/2025,male,15-19,bumi_other,1.4
Kelantan,1/1/2025,male,15-19,chinese,1.5
Kelantan,1/1/2025,male,15-19,indian,0.2
Kelantan,1/1/2025,male,15-19,other_citizen,0.4
Kelantan,1/1/2025,male,15-19,other_noncitizen,0.7
Kelantan,1/1/2025,male,20-24,overall,106.3
Kelantan,1/1/2025,male,20-24,bumi_malay,99.6
Kelantan,1/1/2025,male,20-24,bumi_other,1.2
Kelantan,1/1/2025,male,20-24,chinese,1.8
Kelantan,1/1/2025,male,20-24,indian,0.2
Kelantan,1/1/2025,male,20-24,other_citizen,0.4
Kelantan,1/1/2025,male,20-24,other_noncitizen,3.2
Kelantan,1/1/2025,male,25-29,overall,87.1
Kelantan,1/1/2025,male,25-29,bumi_malay,77.7
Kelantan,1/1/2025,male,25-29,bumi_other,1.1
Kelantan,1/1/2025,male,25-29,chinese,1.6
Kelantan,1/1/2025,male,25-29,indian,0.4
Kelantan,1/1/2025,male,25-29,other_citizen,0.4
Kelantan,1/1/2025,male,25-29,other_noncitizen,6.1
Kelantan,1/1/2025,male,30-34,overall,68.4
Kelantan,1/1/2025,male,30-34,bumi_malay,59.4
Kelantan,1/1/2025,male,30-34,bumi_other,0.9
Kelantan,1/1/2025,male,30-34,chinese,1.4
Kelantan,1/1/2025,male,30-34,indian,0.2
Kelantan,1/1/2025,male,30-34,other_citizen,0.4
Kelantan,1/1/2025,male,30-34,other_noncitizen,6.1
Kelantan,1/1/2025,male,35-39,overall,60.3
Kelantan,1/1/2025,male,35-39,bumi_malay,53.1
Kelantan,1/1/2025,male,35-39,bumi_other,0.7
Kelantan,1/1/2025,male,35-39,chinese,1.5
Kelantan,1/1/2025,male,35-39,indian,0.2
Kelantan,1/1/2025,male,35-39,other_citizen,0.4
Kelantan,1/1/2025,male,35-39,other_noncitizen,4.5
Kelantan,1/1/2025,male,40-44,overall,54.2
Kelantan,1/1/2025,male,40-44,bumi_malay,48.5
Kelantan,1/1/2025,male,40-44,bumi_other,0.5
Kelantan,1/1/2025,male,40-44,chinese,1.4
Kelantan,1/1/2025,male,40-44,indian,0.2
Kelantan,1/1/2025,male,40-44,other_citizen,0.3
Kelantan,1/1/2025,male,40-44,other_noncitizen,3.2
Kelantan,1/1/2025,male,45-49,overall,42.8
Kelantan,1/1/2025,male,45-49,bumi_malay,38.6
Kelantan,1/1/2025,male,45-49,bumi_other,0.4
Kelantan,1/1/2025,male,45-49,chinese,1.4
Kelantan,1/1/2025,male,45-49,indian,0.1
Kelantan,1/1/2025,male,45-49,other_citizen,0.3
Kelantan,1/1/2025,male,45-49,other_noncitizen,2
Kelantan,1/1/2025,male,50-54,overall,39.8
Kelantan,1/1/2025,male,50-54,bumi_malay,36.5
Kelantan,1/1/2025,male,50-54,bumi_other,0.4
Kelantan,1/1/2025,male,50-54,chinese,1.3
Kelantan,1/1/2025,male,50-54,indian,0.1
Kelantan,1/1/2025,male,50-54,other_citizen,0.3
Kelantan,1/1/2025,male,50-54,other_noncitizen,1.2
Kelantan,1/1/2025,male,55-59,overall,36.6
Kelantan,1/1/2025,male,55-59,bumi_malay,33.7
Kelantan,1/1/2025,male,55-59,bumi_other,0.2
Kelantan,1/1/2025,male,55-59,chinese,1.4
Kelantan,1/1/2025,male,55-59,indian,0.1
Kelantan,1/1/2025,male,55-59,other_citizen,0.3
Kelantan,1/1/2025,male,55-59,other_noncitizen,0.9
Kelantan,1/1/2025,male,60-64,overall,36.9
Kelantan,1/1/2025,male,60-64,bumi_malay,34.2
Kelantan,1/1/2025,male,60-64,bumi_other,0.2
Kelantan,1/1/2025,male,60-64,chinese,1.6
Kelantan,1/1/2025,male,60-64,indian,0.1
Kelantan,1/1/2025,male,60-64,other_citizen,0.3
Kelantan,1/1/2025,male,60-64,other_noncitizen,0.5
Kelantan,1/1/2025,male,65-69,overall,27.4
Kelantan,1/1/2025,male,65-69,bumi_malay,25.3
Kelantan,1/1/2025,male,65-69,bumi_other,0.2
Kelantan,1/1/2025,male,65-69,chinese,1.4
Kelantan,1/1/2025,male,65-69,indian,0.1
Kelantan,1/1/2025,male,65-69,other_citizen,0.2
Kelantan,1/1/2025,male,65-69,other_noncitizen,0.2
Kelantan,1/1/2025,male,70-74,overall,18.2
Kelantan,1/1/2025,male,70-74,bumi_malay,16.6
Kelantan,1/1/2025,male,70-74,bumi_other,0.1
Kelantan,1/1/2025,male,70-74,chinese,1.1
Kelantan,1/1/2025,male,70-74,indian,0.1
Kelantan,1/1/2025,male,70-74,other_citizen,0.2
Kelantan,1/1/2025,male,70-74,other_noncitizen,0.1
Kelantan,1/1/2025,male,75-79,overall,11.5
Kelantan,1/1/2025,male,75-79,bumi_malay,10.5
Kelantan,1/1/2025,male,75-79,bumi_other,0.1
Kelantan,1/1/2025,male,75-79,chinese,0.7
Kelantan,1/1/2025,male,75-79,indian,0
Kelantan,1/1/2025,male,75-79,other_citizen,0.1
Kelantan,1/1/2025,male,75-79,other_noncitizen,0.1
Kelantan,1/1/2025,male,80-84,overall,4.8
Kelantan,1/1/2025,male,80-84,bumi_malay,4.3
Kelantan,1/1/2025,male,80-84,bumi_other,0.1
Kelantan,1/1/2025,male,80-84,chinese,0.3
Kelantan,1/1/2025,male,80-84,indian,0
Kelantan,1/1/2025,male,80-84,other_citizen,0.1
Kelantan,1/1/2025,male,80-84,other_noncitizen,0.1
Kelantan,1/1/2025,male,85+,overall,2.4
Kelantan,1/1/2025,male,85+,bumi_malay,2.1
Kelantan,1/1/2025,male,85+,bumi_other,0
Kelantan,1/1/2025,male,85+,chinese,0.2
Kelantan,1/1/2025,male,85+,indian,0
Kelantan,1/1/2025,male,85+,other_citizen,0.1
Kelantan,1/1/2025,male,85+,other_noncitizen,0
Melaka,1/1/2025,both,overall,overall,1052.5
Melaka,1/1/2025,both,overall,bumi_malay,690.2
Melaka,1/1/2025,both,overall,bumi_other,10
Melaka,1/1/2025,both,overall,chinese,203
Melaka,1/1/2025,both,overall,indian,52.4
Melaka,1/1/2025,both,overall,other_citizen,5.3
Melaka,1/1/2025,both,overall,other_noncitizen,91.5
Melaka,1/1/2025,both,0-4,overall,64.6
Melaka,1/1/2025,both,0-4,bumi_malay,53.7
Melaka,1/1/2025,both,0-4,bumi_other,0.8
Melaka,1/1/2025,both,0-4,chinese,6.9
Melaka,1/1/2025,both,0-4,indian,2.4
Melaka,1/1/2025,both,0-4,other_citizen,0.5
Melaka,1/1/2025,both,0-4,other_noncitizen,0.3
Melaka,1/1/2025,both,5-9,overall,83.3
Melaka,1/1/2025,both,5-9,bumi_malay,63
Melaka,1/1/2025,both,5-9,bumi_other,1.1
Melaka,1/1/2025,both,5-9,chinese,14.7
Melaka,1/1/2025,both,5-9,indian,3.8
Melaka,1/1/2025,both,5-9,other_citizen,0.3
Melaka,1/1/2025,both,5-9,other_noncitizen,0.4
Melaka,1/1/2025,both,10-14,overall,82.2
Melaka,1/1/2025,both,10-14,bumi_malay,63.4
Melaka,1/1/2025,both,10-14,bumi_other,1.1
Melaka,1/1/2025,both,10-14,chinese,13.9
Melaka,1/1/2025,both,10-14,indian,3.2
Melaka,1/1/2025,both,10-14,other_citizen,0.3
Melaka,1/1/2025,both,10-14,other_noncitizen,0.3
Melaka,1/1/2025,both,15-19,overall,69
Melaka,1/1/2025,both,15-19,bumi_malay,50.2
Melaka,1/1/2025,both,15-19,bumi_other,0.7
Melaka,1/1/2025,both,15-19,chinese,13.2
Melaka,1/1/2025,both,15-19,indian,3.9
Melaka,1/1/2025,both,15-19,other_citizen,0.2
Melaka,1/1/2025,both,15-19,other_noncitizen,0.7
Melaka,1/1/2025,both,20-24,overall,109.6
Melaka,1/1/2025,both,20-24,bumi_malay,77
Melaka,1/1/2025,both,20-24,bumi_other,0.6
Melaka,1/1/2025,both,20-24,chinese,17.1
Melaka,1/1/2025,both,20-24,indian,6.4
Melaka,1/1/2025,both,20-24,other_citizen,0.4
Melaka,1/1/2025,both,20-24,other_noncitizen,8
Melaka,1/1/2025,both,25-29,overall,98.4
Melaka,1/1/2025,both,25-29,bumi_malay,65.5
Melaka,1/1/2025,both,25-29,bumi_other,1
Melaka,1/1/2025,both,25-29,chinese,13.3
Melaka,1/1/2025,both,25-29,indian,4.5
Melaka,1/1/2025,both,25-29,other_citizen,0.5
Melaka,1/1/2025,both,25-29,other_noncitizen,13.6
Melaka,1/1/2025,both,30-34,overall,117.1
Melaka,1/1/2025,both,30-34,bumi_malay,53.2
Melaka,1/1/2025,both,30-34,bumi_other,1.2
Melaka,1/1/2025,both,30-34,chinese,14.3
Melaka,1/1/2025,both,30-34,indian,4.2
Melaka,1/1/2025,both,30-34,other_citizen,0.5
Melaka,1/1/2025,both,30-34,other_noncitizen,43.7
Melaka,1/1/2025,both,35-39,overall,77.8
Melaka,1/1/2025,both,35-39,bumi_malay,48.2
Melaka,1/1/2025,both,35-39,bumi_other,1
Melaka,1/1/2025,both,35-39,chinese,14
Melaka,1/1/2025,both,35-39,indian,3.6
Melaka,1/1/2025,both,35-39,other_citizen,0.5
Melaka,1/1/2025,both,35-39,other_noncitizen,10.4
Melaka,1/1/2025,both,40-44,overall,72.5
Melaka,1/1/2025,both,40-44,bumi_malay,46.9
Melaka,1/1/2025,both,40-44,bumi_other,0.9
Melaka,1/1/2025,both,40-44,chinese,13.7
Melaka,1/1/2025,both,40-44,indian,3.6
Melaka,1/1/2025,both,40-44,other_citizen,0.4
Melaka,1/1/2025,both,40-44,other_noncitizen,7
Melaka,1/1/2025,both,45-49,overall,80.2
Melaka,1/1/2025,both,45-49,bumi_malay,51.9
Melaka,1/1/2025,both,45-49,bumi_other,0.5
Melaka,1/1/2025,both,45-49,chinese,18.9
Melaka,1/1/2025,both,45-49,indian,5.3
Melaka,1/1/2025,both,45-49,other_citizen,0.3
Melaka,1/1/2025,both,45-49,other_noncitizen,3.3
Melaka,1/1/2025,both,50-54,overall,43.5
Melaka,1/1/2025,both,50-54,bumi_malay,27.1
Melaka,1/1/2025,both,50-54,bumi_other,0.4
Melaka,1/1/2025,both,50-54,chinese,11.7
Melaka,1/1/2025,both,50-54,indian,2.7
Melaka,1/1/2025,both,50-54,other_citizen,0.3
Melaka,1/1/2025,both,50-54,other_noncitizen,1.3
Melaka,1/1/2025,both,55-59,overall,38.7
Melaka,1/1/2025,both,55-59,bumi_malay,24.2
Melaka,1/1/2025,both,55-59,bumi_other,0.3
Melaka,1/1/2025,both,55-59,chinese,10.8
Melaka,1/1/2025,both,55-59,indian,2.2
Melaka,1/1/2025,both,55-59,other_citizen,0.2
Melaka,1/1/2025,both,55-59,other_noncitizen,1
Melaka,1/1/2025,both,60-64,overall,39.4
Melaka,1/1/2025,both,60-64,bumi_malay,23.7
Melaka,1/1/2025,both,60-64,bumi_other,0.2
Melaka,1/1/2025,both,60-64,chinese,12.3
Melaka,1/1/2025,both,60-64,indian,2.3
Melaka,1/1/2025,both,60-64,other_citizen,0.2
Melaka,1/1/2025,both,60-64,other_noncitizen,0.6
Melaka,1/1/2025,both,65-69,overall,30.5
Melaka,1/1/2025,both,65-69,bumi_malay,18
Melaka,1/1/2025,both,65-69,bumi_other,0.1
Melaka,1/1/2025,both,65-69,chinese,10
Melaka,1/1/2025,both,65-69,indian,1.8
Melaka,1/1/2025,both,65-69,other_citizen,0.2
Melaka,1/1/2025,both,65-69,other_noncitizen,0.4
Melaka,1/1/2025,both,70-74,overall,23.7
Melaka,1/1/2025,both,70-74,bumi_malay,13.2
Melaka,1/1/2025,both,70-74,bumi_other,0.1
Melaka,1/1/2025,both,70-74,chinese,8.6
Melaka,1/1/2025,both,70-74,indian,1.5
Melaka,1/1/2025,both,70-74,other_citizen,0.1
Melaka,1/1/2025,both,70-74,other_noncitizen,0.2
Melaka,1/1/2025,both,75-79,overall,13.5
Melaka,1/1/2025,both,75-79,bumi_malay,6.9
Melaka,1/1/2025,both,75-79,bumi_other,0.1
Melaka,1/1/2025,both,75-79,chinese,5.5
Melaka,1/1/2025,both,75-79,indian,0.8
Melaka,1/1/2025,both,75-79,other_citizen,0.1
Melaka,1/1/2025,both,75-79,other_noncitizen,0.1
Melaka,1/1/2025,both,80-84,overall,5.6
Melaka,1/1/2025,both,80-84,bumi_malay,2.7
Melaka,1/1/2025,both,80-84,bumi_other,0
Melaka,1/1/2025,both,80-84,chinese,2.6
Melaka,1/1/2025,both,80-84,indian,0.3
Melaka,1/1/2025,both,80-84,other_citizen,0.1
Melaka,1/1/2025,both,80-84,other_noncitizen,0.1
Melaka,1/1/2025,both,85+,overall,3.1
Melaka,1/1/2025,both,85+,bumi_malay,1.4
Melaka,1/1/2025,both,85+,bumi_other,0
Melaka,1/1/2025,both,85+,chinese,1.4
Melaka,1/1/2025,both,85+,indian,0.1
Melaka,1/1/2025,both,85+,other_citizen,0
Melaka,1/1/2025,both,85+,other_noncitizen,0.1
Melaka,1/1/2025,female,overall,overall,495.8
Melaka,1/1/2025,female,overall,bumi_malay,341.1
Melaka,1/1/2025,female,overall,bumi_other,4.8
Melaka,1/1/2025,female,overall,chinese,100.3
Melaka,1/1/2025,female,overall,indian,26.5
Melaka,1/1/2025,female,overall,other_citizen,2.4
Melaka,1/1/2025,female,overall,other_noncitizen,20.7
Melaka,1/1/2025,female,0-4,overall,31.3
Melaka,1/1/2025,female,0-4,bumi_malay,26
Melaka,1/1/2025,female,0-4,bumi_other,0.4
Melaka,1/1/2025,female,0-4,chinese,3.3
Melaka,1/1/2025,female,0-4,indian,1.2
Melaka,1/1/2025,female,0-4,other_citizen,0.2
Melaka,1/1/2025,female,0-4,other_noncitizen,0.2
Melaka,1/1/2025,female,5-9,overall,40.2
Melaka,1/1/2025,female,5-9,bumi_malay,30.3
Melaka,1/1/2025,female,5-9,bumi_other,0.5
Melaka,1/1/2025,female,5-9,chinese,7.2
Melaka,1/1/2025,female,5-9,indian,1.9
Melaka,1/1/2025,female,5-9,other_citizen,0.1
Melaka,1/1/2025,female,5-9,other_noncitizen,0.2
Melaka,1/1/2025,female,10-14,overall,39.6
Melaka,1/1/2025,female,10-14,bumi_malay,30.6
Melaka,1/1/2025,female,10-14,bumi_other,0.6
Melaka,1/1/2025,female,10-14,chinese,6.6
Melaka,1/1/2025,female,10-14,indian,1.6
Melaka,1/1/2025,female,10-14,other_citizen,0.1
Melaka,1/1/2025,female,10-14,other_noncitizen,0.1
Melaka,1/1/2025,female,15-19,overall,32.8
Melaka,1/1/2025,female,15-19,bumi_malay,24
Melaka,1/1/2025,female,15-19,bumi_other,0.3
Melaka,1/1/2025,female,15-19,chinese,6.2
Melaka,1/1/2025,female,15-19,indian,1.9
Melaka,1/1/2025,female,15-19,other_citizen,0.1
Melaka,1/1/2025,female,15-19,other_noncitizen,0.3
Melaka,1/1/2025,female,20-24,overall,50.6
Melaka,1/1/2025,female,20-24,bumi_malay,36.4
Melaka,1/1/2025,female,20-24,bumi_other,0.3
Melaka,1/1/2025,female,20-24,chinese,7.9
Melaka,1/1/2025,female,20-24,indian,3
Melaka,1/1/2025,female,20-24,other_citizen,0.2
Melaka,1/1/2025,female,20-24,other_noncitizen,2.8
Melaka,1/1/2025,female,25-29,overall,43.2
Melaka,1/1/2025,female,25-29,bumi_malay,31.8
Melaka,1/1/2025,female,25-29,bumi_other,0.4
Melaka,1/1/2025,female,25-29,chinese,5.8
Melaka,1/1/2025,female,25-29,indian,2.1
Melaka,1/1/2025,female,25-29,other_citizen,0.2
Melaka,1/1/2025,female,25-29,other_noncitizen,2.9
Melaka,1/1/2025,female,30-34,overall,45.9
Melaka,1/1/2025,female,30-34,bumi_malay,27.4
Melaka,1/1/2025,female,30-34,bumi_other,0.5
Melaka,1/1/2025,female,30-34,chinese,7.3
Melaka,1/1/2025,female,30-34,indian,2
Melaka,1/1/2025,female,30-34,other_citizen,0.2
Melaka,1/1/2025,female,30-34,other_noncitizen,8.5
Melaka,1/1/2025,female,35-39,overall,35.5
Melaka,1/1/2025,female,35-39,bumi_malay,23.9
Melaka,1/1/2025,female,35-39,bumi_other,0.5
Melaka,1/1/2025,female,35-39,chinese,6.9
Melaka,1/1/2025,female,35-39,indian,1.9
Melaka,1/1/2025,female,35-39,other_citizen,0.2
Melaka,1/1/2025,female,35-39,other_noncitizen,2
Melaka,1/1/2025,female,40-44,overall,33.8
Melaka,1/1/2025,female,40-44,bumi_malay,22.8
Melaka,1/1/2025,female,40-44,bumi_other,0.4
Melaka,1/1/2025,female,40-44,chinese,7
Melaka,1/1/2025,female,40-44,indian,1.8
Melaka,1/1/2025,female,40-44,other_citizen,0.2
Melaka,1/1/2025,female,40-44,other_noncitizen,1.6
Melaka,1/1/2025,female,45-49,overall,39.2
Melaka,1/1/2025,female,45-49,bumi_malay,25.9
Melaka,1/1/2025,female,45-49,bumi_other,0.2
Melaka,1/1/2025,female,45-49,chinese,9.3
Melaka,1/1/2025,female,45-49,indian,2.7
Melaka,1/1/2025,female,45-49,other_citizen,0.2
Melaka,1/1/2025,female,45-49,other_noncitizen,0.9
Melaka,1/1/2025,female,50-54,overall,22.5
Melaka,1/1/2025,female,50-54,bumi_malay,14.2
Melaka,1/1/2025,female,50-54,bumi_other,0.2
Melaka,1/1/2025,female,50-54,chinese,6.1
Melaka,1/1/2025,female,50-54,indian,1.4
Melaka,1/1/2025,female,50-54,other_citizen,0.2
Melaka,1/1/2025,female,50-54,other_noncitizen,0.4
Melaka,1/1/2025,female,55-59,overall,20
Melaka,1/1/2025,female,55-59,bumi_malay,12.7
Melaka,1/1/2025,female,55-59,bumi_other,0.2
Melaka,1/1/2025,female,55-59,chinese,5.6
Melaka,1/1/2025,female,55-59,indian,1.2
Melaka,1/1/2025,female,55-59,other_citizen,0.1
Melaka,1/1/2025,female,55-59,other_noncitizen,0.3
Melaka,1/1/2025,female,60-64,overall,20.4
Melaka,1/1/2025,female,60-64,bumi_malay,12.4
Melaka,1/1/2025,female,60-64,bumi_other,0.1
Melaka,1/1/2025,female,60-64,chinese,6.3
Melaka,1/1/2025,female,60-64,indian,1.3
Melaka,1/1/2025,female,60-64,other_citizen,0.1
Melaka,1/1/2025,female,60-64,other_noncitizen,0.2
Melaka,1/1/2025,female,65-69,overall,15.9
Melaka,1/1/2025,female,65-69,bumi_malay,9.4
Melaka,1/1/2025,female,65-69,bumi_other,0.1
Melaka,1/1/2025,female,65-69,chinese,5.2
Melaka,1/1/2025,female,65-69,indian,1
Melaka,1/1/2025,female,65-69,other_citizen,0.1
Melaka,1/1/2025,female,65-69,other_noncitizen,0.1
Melaka,1/1/2025,female,70-74,overall,12.9
Melaka,1/1/2025,female,70-74,bumi_malay,7.3
Melaka,1/1/2025,female,70-74,bumi_other,0.1
Melaka,1/1/2025,female,70-74,chinese,4.5
Melaka,1/1/2025,female,70-74,indian,0.9
Melaka,1/1/2025,female,70-74,other_citizen,0.1
Melaka,1/1/2025,female,70-74,other_noncitizen,0.1
Melaka,1/1/2025,female,75-79,overall,7.3
Melaka,1/1/2025,female,75-79,bumi_malay,3.8
Melaka,1/1/2025,female,75-79,bumi_other,0
Melaka,1/1/2025,female,75-79,chinese,2.9
Melaka,1/1/2025,female,75-79,indian,0.4
Melaka,1/1/2025,female,75-79,other_citizen,0.1
Melaka,1/1/2025,female,75-79,other_noncitizen,0
Melaka,1/1/2025,female,80-84,overall,3.1
Melaka,1/1/2025,female,80-84,bumi_malay,1.5
Melaka,1/1/2025,female,80-84,bumi_other,0
Melaka,1/1/2025,female,80-84,chinese,1.4
Melaka,1/1/2025,female,80-84,indian,0.2
Melaka,1/1/2025,female,80-84,other_citizen,0
Melaka,1/1/2025,female,80-84,other_noncitizen,0
Melaka,1/1/2025,female,85+,overall,1.6
Melaka,1/1/2025,female,85+,bumi_malay,0.7
Melaka,1/1/2025,female,85+,bumi_other,0
Melaka,1/1/2025,female,85+,chinese,0.7
Melaka,1/1/2025,female,85+,indian,0.1
Melaka,1/1/2025,female,85+,other_citizen,0
Melaka,1/1/2025,female,85+,other_noncitizen,0
Melaka,1/1/2025,male,overall,overall,556.7
Melaka,1/1/2025,male,overall,bumi_malay,349.1
Melaka,1/1/2025,male,overall,bumi_other,5.2
Melaka,1/1/2025,male,overall,chinese,102.7
Melaka,1/1/2025,male,overall,indian,26
Melaka,1/1/2025,male,overall,other_citizen,2.9
Melaka,1/1/2025,male,overall,other_noncitizen,70.8
Melaka,1/1/2025,male,0-4,overall,33.3
Melaka,1/1/2025,male,0-4,bumi_malay,27.7
Melaka,1/1/2025,male,0-4,bumi_other,0.4
Melaka,1/1/2025,male,0-4,chinese,3.6
Melaka,1/1/2025,male,0-4,indian,1.2
Melaka,1/1/2025,male,0-4,other_citizen,0.3
Melaka,1/1/2025,male,0-4,other_noncitizen,0.2
Melaka,1/1/2025,male,5-9,overall,43
Melaka,1/1/2025,male,5-9,bumi_malay,32.6
Melaka,1/1/2025,male,5-9,bumi_other,0.5
Melaka,1/1/2025,male,5-9,chinese,7.5
Melaka,1/1/2025,male,5-9,indian,1.9
Melaka,1/1/2025,male,5-9,other_citizen,0.2
Melaka,1/1/2025,male,5-9,other_noncitizen,0.2
Melaka,1/1/2025,male,10-14,overall,42.6
Melaka,1/1/2025,male,10-14,bumi_malay,32.8
Melaka,1/1/2025,male,10-14,bumi_other,0.6
Melaka,1/1/2025,male,10-14,chinese,7.3
Melaka,1/1/2025,male,10-14,indian,1.6
Melaka,1/1/2025,male,10-14,other_citizen,0.1
Melaka,1/1/2025,male,10-14,other_noncitizen,0.1
Melaka,1/1/2025,male,15-19,overall,36.1
Melaka,1/1/2025,male,15-19,bumi_malay,26.2
Melaka,1/1/2025,male,15-19,bumi_other,0.4
Melaka,1/1/2025,male,15-19,chinese,7
Melaka,1/1/2025,male,15-19,indian,2
Melaka,1/1/2025,male,15-19,other_citizen,0.1
Melaka,1/1/2025,male,15-19,other_noncitizen,0.4
Melaka,1/1/2025,male,20-24,overall,59
Melaka,1/1/2025,male,20-24,bumi_malay,40.6
Melaka,1/1/2025,male,20-24,bumi_other,0.3
Melaka,1/1/2025,male,20-24,chinese,9.2
Melaka,1/1/2025,male,20-24,indian,3.4
Melaka,1/1/2025,male,20-24,other_citizen,0.2
Melaka,1/1/2025,male,20-24,other_noncitizen,5.3
Melaka,1/1/2025,male,25-29,overall,55.2
Melaka,1/1/2025,male,25-29,bumi_malay,33.8
Melaka,1/1/2025,male,25-29,bumi_other,0.6
Melaka,1/1/2025,male,25-29,chinese,7.5
Melaka,1/1/2025,male,25-29,indian,2.4
Melaka,1/1/2025,male,25-29,other_citizen,0.3
Melaka,1/1/2025,male,25-29,other_noncitizen,10.7
Melaka,1/1/2025,male,30-34,overall,71.2
Melaka,1/1/2025,male,30-34,bumi_malay,25.8
Melaka,1/1/2025,male,30-34,bumi_other,0.7
Melaka,1/1/2025,male,30-34,chinese,6.9
Melaka,1/1/2025,male,30-34,indian,2.2
Melaka,1/1/2025,male,30-34,other_citizen,0.4
Melaka,1/1/2025,male,30-34,other_noncitizen,35.2
Melaka,1/1/2025,male,35-39,overall,42.3
Melaka,1/1/2025,male,35-39,bumi_malay,24.4
Melaka,1/1/2025,male,35-39,bumi_other,0.4
Melaka,1/1/2025,male,35-39,chinese,7.1
Melaka,1/1/2025,male,35-39,indian,1.7
Melaka,1/1/2025,male,35-39,other_citizen,0.3
Melaka,1/1/2025,male,35-39,other_noncitizen,8.4
Melaka,1/1/2025,male,40-44,overall,38.8
Melaka,1/1/2025,male,40-44,bumi_malay,24.2
Melaka,1/1/2025,male,40-44,bumi_other,0.5
Melaka,1/1/2025,male,40-44,chinese,6.7
Melaka,1/1/2025,male,40-44,indian,1.8
Melaka,1/1/2025,male,40-44,other_citizen,0.2
Melaka,1/1/2025,male,40-44,other_noncitizen,5.4
Melaka,1/1/2025,male,45-49,overall,41
Melaka,1/1/2025,male,45-49,bumi_malay,26
Melaka,1/1/2025,male,45-49,bumi_other,0.3
Melaka,1/1/2025,male,45-49,chinese,9.5
Melaka,1/1/2025,male,45-49,indian,2.6
Melaka,1/1/2025,male,45-49,other_citizen,0.2
Melaka,1/1/2025,male,45-49,other_noncitizen,2.4
Melaka,1/1/2025,male,50-54,overall,21
Melaka,1/1/2025,male,50-54,bumi_malay,12.9
Melaka,1/1/2025,male,50-54,bumi_other,0.2
Melaka,1/1/2025,male,50-54,chinese,5.6
Melaka,1/1/2025,male,50-54,indian,1.3
Melaka,1/1/2025,male,50-54,other_citizen,0.1
Melaka,1/1/2025,male,50-54,other_noncitizen,0.9
Melaka,1/1/2025,male,55-59,overall,18.7
Melaka,1/1/2025,male,55-59,bumi_malay,11.5
Melaka,1/1/2025,male,55-59,bumi_other,0.1
Melaka,1/1/2025,male,55-59,chinese,5.3
Melaka,1/1/2025,male,55-59,indian,1
Melaka,1/1/2025,male,55-59,other_citizen,0.1
Melaka,1/1/2025,male,55-59,other_noncitizen,0.7
Melaka,1/1/2025,male,60-64,overall,19
Melaka,1/1/2025,male,60-64,bumi_malay,11.3
Melaka,1/1/2025,male,60-64,bumi_other,0.1
Melaka,1/1/2025,male,60-64,chinese,6
Melaka,1/1/2025,male,60-64,indian,1.1
Melaka,1/1/2025,male,60-64,other_citizen,0.1
Melaka,1/1/2025,male,60-64,other_noncitizen,0.4
Melaka,1/1/2025,male,65-69,overall,14.6
Melaka,1/1/2025,male,65-69,bumi_malay,8.5
Melaka,1/1/2025,male,65-69,bumi_other,0.1
Melaka,1/1/2025,male,65-69,chinese,4.9
Melaka,1/1/2025,male,65-69,indian,0.8
Melaka,1/1/2025,male,65-69,other_citizen,0.1
Melaka,1/1/2025,male,65-69,other_noncitizen,0.2
Melaka,1/1/2025,male,70-74,overall,10.7
Melaka,1/1/2025,male,70-74,bumi_malay,5.9
Melaka,1/1/2025,male,70-74,bumi_other,0
Melaka,1/1/2025,male,70-74,chinese,4
Melaka,1/1/2025,male,70-74,indian,0.6
Melaka,1/1/2025,male,70-74,other_citizen,0.1
Melaka,1/1/2025,male,70-74,other_noncitizen,0.1
Melaka,1/1/2025,male,75-79,overall,6.2
Melaka,1/1/2025,male,75-79,bumi_malay,3.1
Melaka,1/1/2025,male,75-79,bumi_other,0
Melaka,1/1/2025,male,75-79,chinese,2.7
Melaka,1/1/2025,male,75-79,indian,0.3
Melaka,1/1/2025,male,75-79,other_citizen,0
Melaka,1/1/2025,male,75-79,other_noncitizen,0.1
Melaka,1/1/2025,male,80-84,overall,2.5
Melaka,1/1/2025,male,80-84,bumi_malay,1.2
Melaka,1/1/2025,male,80-84,bumi_other,0
Melaka,1/1/2025,male,80-84,chinese,1.2
Melaka,1/1/2025,male,80-84,indian,0.1
Melaka,1/1/2025,male,80-84,other_citizen,0
Melaka,1/1/2025,male,80-84,other_noncitizen,0
Melaka,1/1/2025,male,85+,overall,1.5
Melaka,1/1/2025,male,85+,bumi_malay,0.7
Melaka,1/1/2025,male,85+,bumi_other,0
Melaka,1/1/2025,male,85+,chinese,0.7
Melaka,1/1/2025,male,85+,indian,0.1
Melaka,1/1/2025,male,85+,other_citizen,0
Melaka,1/1/2025,male,85+,other_noncitizen,0
Negeri Sembilan,1/1/2025,both,overall,overall,1244.6
Negeri Sembilan,1/1/2025,both,overall,bumi_malay,733.5
Negeri Sembilan,1/1/2025,both,overall,bumi_other,23.2
Negeri Sembilan,1/1/2025,both,overall,chinese,245.2
Negeri Sembilan,1/1/2025,both,overall,indian,163.2
Negeri Sembilan,1/1/2025,both,overall,other_citizen,6.1
Negeri Sembilan,1/1/2025,both,overall,other_noncitizen,73.5
Negeri Sembilan,1/1/2025,both,0-4,overall,79.2
Negeri Sembilan,1/1/2025,both,0-4,bumi_malay,60.4
Negeri Sembilan,1/1/2025,both,0-4,bumi_other,2.1
Negeri Sembilan,1/1/2025,both,0-4,chinese,7
Negeri Sembilan,1/1/2025,both,0-4,indian,8.2
Negeri Sembilan,1/1/2025,both,0-4,other_citizen,0.5
Negeri Sembilan,1/1/2025,both,0-4,other_noncitizen,1
Negeri Sembilan,1/1/2025,both,5-9,overall,93
Negeri Sembilan,1/1/2025,both,5-9,bumi_malay,60.8
Negeri Sembilan,1/1/2025,both,5-9,bumi_other,2.6
Negeri Sembilan,1/1/2025,both,5-9,chinese,16.7
Negeri Sembilan,1/1/2025,both,5-9,indian,11.1
Negeri Sembilan,1/1/2025,both,5-9,other_citizen,0.4
Negeri Sembilan,1/1/2025,both,5-9,other_noncitizen,1.5
Negeri Sembilan,1/1/2025,both,10-14,overall,115.1
Negeri Sembilan,1/1/2025,both,10-14,bumi_malay,71.5
Negeri Sembilan,1/1/2025,both,10-14,bumi_other,2.4
Negeri Sembilan,1/1/2025,both,10-14,chinese,24.3
Negeri Sembilan,1/1/2025,both,10-14,indian,15.9
Negeri Sembilan,1/1/2025,both,10-14,other_citizen,0.4
Negeri Sembilan,1/1/2025,both,10-14,other_noncitizen,0.6
Negeri Sembilan,1/1/2025,both,15-19,overall,94
Negeri Sembilan,1/1/2025,both,15-19,bumi_malay,58.4
Negeri Sembilan,1/1/2025,both,15-19,bumi_other,2.1
Negeri Sembilan,1/1/2025,both,15-19,chinese,19.4
Negeri Sembilan,1/1/2025,both,15-19,indian,12.9
Negeri Sembilan,1/1/2025,both,15-19,other_citizen,0.4
Negeri Sembilan,1/1/2025,both,15-19,other_noncitizen,0.8
Negeri Sembilan,1/1/2025,both,20-24,overall,110
Negeri Sembilan,1/1/2025,both,20-24,bumi_malay,62.5
Negeri Sembilan,1/1/2025,both,20-24,bumi_other,2
Negeri Sembilan,1/1/2025,both,20-24,chinese,19.7
Negeri Sembilan,1/1/2025,both,20-24,indian,13.9
Negeri Sembilan,1/1/2025,both,20-24,other_citizen,0.3
Negeri Sembilan,1/1/2025,both,20-24,other_noncitizen,11.6
Negeri Sembilan,1/1/2025,both,25-29,overall,104.2
Negeri Sembilan,1/1/2025,both,25-29,bumi_malay,60.8
Negeri Sembilan,1/1/2025,both,25-29,bumi_other,2.3
Negeri Sembilan,1/1/2025,both,25-29,chinese,14.5
Negeri Sembilan,1/1/2025,both,25-29,indian,11.3
Negeri Sembilan,1/1/2025,both,25-29,other_citizen,0.5
Negeri Sembilan,1/1/2025,both,25-29,other_noncitizen,14.8
Negeri Sembilan,1/1/2025,both,30-34,overall,103.4
Negeri Sembilan,1/1/2025,both,30-34,bumi_malay,56.3
Negeri Sembilan,1/1/2025,both,30-34,bumi_other,1.9
Negeri Sembilan,1/1/2025,both,30-34,chinese,15.1
Negeri Sembilan,1/1/2025,both,30-34,indian,12.6
Negeri Sembilan,1/1/2025,both,30-34,other_citizen,0.7
Negeri Sembilan,1/1/2025,both,30-34,other_noncitizen,16.7
Negeri Sembilan,1/1/2025,both,35-39,overall,106.4
Negeri Sembilan,1/1/2025,both,35-39,bumi_malay,60.2
Negeri Sembilan,1/1/2025,both,35-39,bumi_other,1.6
Negeri Sembilan,1/1/2025,both,35-39,chinese,17.4
Negeri Sembilan,1/1/2025,both,35-39,indian,14.2
Negeri Sembilan,1/1/2025,both,35-39,other_citizen,0.8
Negeri Sembilan,1/1/2025,both,35-39,other_noncitizen,12.3
Negeri Sembilan,1/1/2025,both,40-44,overall,95.6
Negeri Sembilan,1/1/2025,both,40-44,bumi_malay,55.4
Negeri Sembilan,1/1/2025,both,40-44,bumi_other,1.6
Negeri Sembilan,1/1/2025,both,40-44,chinese,18.9
Negeri Sembilan,1/1/2025,both,40-44,indian,13.4
Negeri Sembilan,1/1/2025,both,40-44,other_citizen,0.6
Negeri Sembilan,1/1/2025,both,40-44,other_noncitizen,5.7
Negeri Sembilan,1/1/2025,both,45-49,overall,72.7
Negeri Sembilan,1/1/2025,both,45-49,bumi_malay,41
Negeri Sembilan,1/1/2025,both,45-49,bumi_other,1.2
Negeri Sembilan,1/1/2025,both,45-49,chinese,16.1
Negeri Sembilan,1/1/2025,both,45-49,indian,11
Negeri Sembilan,1/1/2025,both,45-49,other_citizen,0.4
Negeri Sembilan,1/1/2025,both,45-49,other_noncitizen,3.1
Negeri Sembilan,1/1/2025,both,50-54,overall,59.6
Negeri Sembilan,1/1/2025,both,50-54,bumi_malay,33.5
Negeri Sembilan,1/1/2025,both,50-54,bumi_other,1
Negeri Sembilan,1/1/2025,both,50-54,chinese,14.7
Negeri Sembilan,1/1/2025,both,50-54,indian,8.9
Negeri Sembilan,1/1/2025,both,50-54,other_citizen,0.3
Negeri Sembilan,1/1/2025,both,50-54,other_noncitizen,1.3
Negeri Sembilan,1/1/2025,both,55-59,overall,51.4
Negeri Sembilan,1/1/2025,both,55-59,bumi_malay,28.6
Negeri Sembilan,1/1/2025,both,55-59,bumi_other,0.8
Negeri Sembilan,1/1/2025,both,55-59,chinese,13.1
Negeri Sembilan,1/1/2025,both,55-59,indian,7.4
Negeri Sembilan,1/1/2025,both,55-59,other_citizen,0.2
Negeri Sembilan,1/1/2025,both,55-59,other_noncitizen,1.2
Negeri Sembilan,1/1/2025,both,60-64,overall,59.3
Negeri Sembilan,1/1/2025,both,60-64,bumi_malay,32.5
Negeri Sembilan,1/1/2025,both,60-64,bumi_other,0.6
Negeri Sembilan,1/1/2025,both,60-64,chinese,16.4
Negeri Sembilan,1/1/2025,both,60-64,indian,8.6
Negeri Sembilan,1/1/2025,both,60-64,other_citizen,0.2
Negeri Sembilan,1/1/2025,both,60-64,other_noncitizen,1.1
Negeri Sembilan,1/1/2025,both,65-69,overall,40.9
Negeri Sembilan,1/1/2025,both,65-69,bumi_malay,22.8
Negeri Sembilan,1/1/2025,both,65-69,bumi_other,0.4
Negeri Sembilan,1/1/2025,both,65-69,chinese,11.3
Negeri Sembilan,1/1/2025,both,65-69,indian,5.5
Negeri Sembilan,1/1/2025,both,65-69,other_citizen,0.2
Negeri Sembilan,1/1/2025,both,65-69,other_noncitizen,0.7
Negeri Sembilan,1/1/2025,both,70-74,overall,31.3
Negeri Sembilan,1/1/2025,both,70-74,bumi_malay,16.6
Negeri Sembilan,1/1/2025,both,70-74,bumi_other,0.3
Negeri Sembilan,1/1/2025,both,70-74,chinese,9.7
Negeri Sembilan,1/1/2025,both,70-74,indian,4.2
Negeri Sembilan,1/1/2025,both,70-74,other_citizen,0.1
Negeri Sembilan,1/1/2025,both,70-74,other_noncitizen,0.4
Negeri Sembilan,1/1/2025,both,75-79,overall,18.1
Negeri Sembilan,1/1/2025,both,75-79,bumi_malay,8.4
Negeri Sembilan,1/1/2025,both,75-79,bumi_other,0.2
Negeri Sembilan,1/1/2025,both,75-79,chinese,6.5
Negeri Sembilan,1/1/2025,both,75-79,indian,2.6
Negeri Sembilan,1/1/2025,both,75-79,other_citizen,0
Negeri Sembilan,1/1/2025,both,75-79,other_noncitizen,0.3
Negeri Sembilan,1/1/2025,both,80-84,overall,7.5
Negeri Sembilan,1/1/2025,both,80-84,bumi_malay,3.1
Negeri Sembilan,1/1/2025,both,80-84,bumi_other,0.1
Negeri Sembilan,1/1/2025,both,80-84,chinese,3
Negeri Sembilan,1/1/2025,both,80-84,indian,1
Negeri Sembilan,1/1/2025,both,80-84,other_citizen,0
Negeri Sembilan,1/1/2025,both,80-84,other_noncitizen,0.2
Negeri Sembilan,1/1/2025,both,85+,overall,2.9
Negeri Sembilan,1/1/2025,both,85+,bumi_malay,0.8
Negeri Sembilan,1/1/2025,both,85+,bumi_other,0.1
Negeri Sembilan,1/1/2025,both,85+,chinese,1.3
Negeri Sembilan,1/1/2025,both,85+,indian,0.6
Negeri Sembilan,1/1/2025,both,85+,other_citizen,0
Negeri Sembilan,1/1/2025,both,85+,other_noncitizen,0.1
Negeri Sembilan,1/1/2025,female,overall,overall,598.6
Negeri Sembilan,1/1/2025,female,overall,bumi_malay,363.1
Negeri Sembilan,1/1/2025,female,overall,bumi_other,11.2
Negeri Sembilan,1/1/2025,female,overall,chinese,121.3
Negeri Sembilan,1/1/2025,female,overall,indian,81.1
Negeri Sembilan,1/1/2025,female,overall,other_citizen,2.5
Negeri Sembilan,1/1/2025,female,overall,other_noncitizen,19.5
Negeri Sembilan,1/1/2025,female,0-4,overall,38.4
Negeri Sembilan,1/1/2025,female,0-4,bumi_malay,29.1
Negeri Sembilan,1/1/2025,female,0-4,bumi_other,1
Negeri Sembilan,1/1/2025,female,0-4,chinese,3.4
Negeri Sembilan,1/1/2025,female,0-4,indian,4
Negeri Sembilan,1/1/2025,female,0-4,other_citizen,0.3
Negeri Sembilan,1/1/2025,female,0-4,other_noncitizen,0.6
Negeri Sembilan,1/1/2025,female,5-9,overall,47
Negeri Sembilan,1/1/2025,female,5-9,bumi_malay,29.8
Negeri Sembilan,1/1/2025,female,5-9,bumi_other,1.2
Negeri Sembilan,1/1/2025,female,5-9,chinese,9.2
Negeri Sembilan,1/1/2025,female,5-9,indian,5.8
Negeri Sembilan,1/1/2025,female,5-9,other_citizen,0.2
Negeri Sembilan,1/1/2025,female,5-9,other_noncitizen,0.7
Negeri Sembilan,1/1/2025,female,10-14,overall,55
Negeri Sembilan,1/1/2025,female,10-14,bumi_malay,33.9
Negeri Sembilan,1/1/2025,female,10-14,bumi_other,1.1
Negeri Sembilan,1/1/2025,female,10-14,chinese,11.8
Negeri Sembilan,1/1/2025,female,10-14,indian,7.7
Negeri Sembilan,1/1/2025,female,10-14,other_citizen,0.2
Negeri Sembilan,1/1/2025,female,10-14,other_noncitizen,0.2
Negeri Sembilan,1/1/2025,female,15-19,overall,44
Negeri Sembilan,1/1/2025,female,15-19,bumi_malay,27.4
Negeri Sembilan,1/1/2025,female,15-19,bumi_other,1
Negeri Sembilan,1/1/2025,female,15-19,chinese,9
Negeri Sembilan,1/1/2025,female,15-19,indian,6.1
Negeri Sembilan,1/1/2025,female,15-19,other_citizen,0.2
Negeri Sembilan,1/1/2025,female,15-19,other_noncitizen,0.3
Negeri Sembilan,1/1/2025,female,20-24,overall,51.1
Negeri Sembilan,1/1/2025,female,20-24,bumi_malay,30.3
Negeri Sembilan,1/1/2025,female,20-24,bumi_other,1
Negeri Sembilan,1/1/2025,female,20-24,chinese,9.1
Negeri Sembilan,1/1/2025,female,20-24,indian,6.3
Negeri Sembilan,1/1/2025,female,20-24,other_citizen,0.1
Negeri Sembilan,1/1/2025,female,20-24,other_noncitizen,4.2
Negeri Sembilan,1/1/2025,female,25-29,overall,49
Negeri Sembilan,1/1/2025,female,25-29,bumi_malay,31.2
Negeri Sembilan,1/1/2025,female,25-29,bumi_other,1
Negeri Sembilan,1/1/2025,female,25-29,chinese,7
Negeri Sembilan,1/1/2025,female,25-29,indian,5.3
Negeri Sembilan,1/1/2025,female,25-29,other_citizen,0.2
Negeri Sembilan,1/1/2025,female,25-29,other_noncitizen,4.3
Negeri Sembilan,1/1/2025,female,30-34,overall,45.5
Negeri Sembilan,1/1/2025,female,30-34,bumi_malay,27.9
Negeri Sembilan,1/1/2025,female,30-34,bumi_other,0.9
Negeri Sembilan,1/1/2025,female,30-34,chinese,7.4
Negeri Sembilan,1/1/2025,female,30-34,indian,6.2
Negeri Sembilan,1/1/2025,female,30-34,other_citizen,0.2
Negeri Sembilan,1/1/2025,female,30-34,other_noncitizen,3
Negeri Sembilan,1/1/2025,female,35-39,overall,48.2
Negeri Sembilan,1/1/2025,female,35-39,bumi_malay,29.8
Negeri Sembilan,1/1/2025,female,35-39,bumi_other,0.8
Negeri Sembilan,1/1/2025,female,35-39,chinese,8.7
Negeri Sembilan,1/1/2025,female,35-39,indian,6.8
Negeri Sembilan,1/1/2025,female,35-39,other_citizen,0.2
Negeri Sembilan,1/1/2025,female,35-39,other_noncitizen,2
Negeri Sembilan,1/1/2025,female,40-44,overall,45.2
Negeri Sembilan,1/1/2025,female,40-44,bumi_malay,27.1
Negeri Sembilan,1/1/2025,female,40-44,bumi_other,0.8
Negeri Sembilan,1/1/2025,female,40-44,chinese,9.2
Negeri Sembilan,1/1/2025,female,40-44,indian,6.6
Negeri Sembilan,1/1/2025,female,40-44,other_citizen,0.2
Negeri Sembilan,1/1/2025,female,40-44,other_noncitizen,1.2
Negeri Sembilan,1/1/2025,female,45-49,overall,35.6
Negeri Sembilan,1/1/2025,female,45-49,bumi_malay,20.6
Negeri Sembilan,1/1/2025,female,45-49,bumi_other,0.6
Negeri Sembilan,1/1/2025,female,45-49,chinese,7.8
Negeri Sembilan,1/1/2025,female,45-49,indian,5.5
Negeri Sembilan,1/1/2025,female,45-49,other_citizen,0.2
Negeri Sembilan,1/1/2025,female,45-49,other_noncitizen,0.9
Negeri Sembilan,1/1/2025,female,50-54,overall,29.4
Negeri Sembilan,1/1/2025,female,50-54,bumi_malay,16.6
Negeri Sembilan,1/1/2025,female,50-54,bumi_other,0.5
Negeri Sembilan,1/1/2025,female,50-54,chinese,7.2
Negeri Sembilan,1/1/2025,female,50-54,indian,4.5
Negeri Sembilan,1/1/2025,female,50-54,other_citizen,0.1
Negeri Sembilan,1/1/2025,female,50-54,other_noncitizen,0.5
Negeri Sembilan,1/1/2025,female,55-59,overall,27
Negeri Sembilan,1/1/2025,female,55-59,bumi_malay,15.3
Negeri Sembilan,1/1/2025,female,55-59,bumi_other,0.4
Negeri Sembilan,1/1/2025,female,55-59,chinese,6.8
Negeri Sembilan,1/1/2025,female,55-59,indian,4
Negeri Sembilan,1/1/2025,female,55-59,other_citizen,0.1
Negeri Sembilan,1/1/2025,female,55-59,other_noncitizen,0.4
Negeri Sembilan,1/1/2025,female,60-64,overall,30.2
Negeri Sembilan,1/1/2025,female,60-64,bumi_malay,16.8
Negeri Sembilan,1/1/2025,female,60-64,bumi_other,0.3
Negeri Sembilan,1/1/2025,female,60-64,chinese,8.2
Negeri Sembilan,1/1/2025,female,60-64,indian,4.5
Negeri Sembilan,1/1/2025,female,60-64,other_citizen,0.1
Negeri Sembilan,1/1/2025,female,60-64,other_noncitizen,0.3
Negeri Sembilan,1/1/2025,female,65-69,overall,21.8
Negeri Sembilan,1/1/2025,female,65-69,bumi_malay,12.3
Negeri Sembilan,1/1/2025,female,65-69,bumi_other,0.2
Negeri Sembilan,1/1/2025,female,65-69,chinese,5.9
Negeri Sembilan,1/1/2025,female,65-69,indian,3
Negeri Sembilan,1/1/2025,female,65-69,other_citizen,0.1
Negeri Sembilan,1/1/2025,female,65-69,other_noncitizen,0.3
Negeri Sembilan,1/1/2025,female,70-74,overall,16.2
Negeri Sembilan,1/1/2025,female,70-74,bumi_malay,8.7
Negeri Sembilan,1/1/2025,female,70-74,bumi_other,0.1
Negeri Sembilan,1/1/2025,female,70-74,chinese,4.9
Negeri Sembilan,1/1/2025,female,70-74,indian,2.3
Negeri Sembilan,1/1/2025,female,70-74,other_citizen,0.1
Negeri Sembilan,1/1/2025,female,70-74,other_noncitizen,0.2
Negeri Sembilan,1/1/2025,female,75-79,overall,9.5
Negeri Sembilan,1/1/2025,female,75-79,bumi_malay,4.4
Negeri Sembilan,1/1/2025,female,75-79,bumi_other,0.1
Negeri Sembilan,1/1/2025,female,75-79,chinese,3.4
Negeri Sembilan,1/1/2025,female,75-79,indian,1.4
Negeri Sembilan,1/1/2025,female,75-79,other_citizen,0
Negeri Sembilan,1/1/2025,female,75-79,other_noncitizen,0.1
Negeri Sembilan,1/1/2025,female,80-84,overall,4.1
Negeri Sembilan,1/1/2025,female,80-84,bumi_malay,1.7
Negeri Sembilan,1/1/2025,female,80-84,bumi_other,0
Negeri Sembilan,1/1/2025,female,80-84,chinese,1.7
Negeri Sembilan,1/1/2025,female,80-84,indian,0.6
Negeri Sembilan,1/1/2025,female,80-84,other_citizen,0
Negeri Sembilan,1/1/2025,female,80-84,other_noncitizen,0.1
Negeri Sembilan,1/1/2025,female,85+,overall,1.4
Negeri Sembilan,1/1/2025,female,85+,bumi_malay,0.4
Negeri Sembilan,1/1/2025,female,85+,bumi_other,0
Negeri Sembilan,1/1/2025,female,85+,chinese,0.6
Negeri Sembilan,1/1/2025,female,85+,indian,0.3
Negeri Sembilan,1/1/2025,female,85+,other_citizen,0
Negeri Sembilan,1/1/2025,female,85+,other_noncitizen,0.1
Negeri Sembilan,1/1/2025,male,overall,overall,646
Negeri Sembilan,1/1/2025,male,overall,bumi_malay,370.4
Negeri Sembilan,1/1/2025,male,overall,bumi_other,12
Negeri Sembilan,1/1/2025,male,overall,chinese,123.9
Negeri Sembilan,1/1/2025,male,overall,indian,82.1
Negeri Sembilan,1/1/2025,male,overall,other_citizen,3.6
Negeri Sembilan,1/1/2025,male,overall,other_noncitizen,53.9
Negeri Sembilan,1/1/2025,male,0-4,overall,40.8
Negeri Sembilan,1/1/2025,male,0-4,bumi_malay,31.4
Negeri Sembilan,1/1/2025,male,0-4,bumi_other,1.1
Negeri Sembilan,1/1/2025,male,0-4,chinese,3.7
Negeri Sembilan,1/1/2025,male,0-4,indian,4.1
Negeri Sembilan,1/1/2025,male,0-4,other_citizen,0.3
Negeri Sembilan,1/1/2025,male,0-4,other_noncitizen,0.3
Negeri Sembilan,1/1/2025,male,5-9,overall,46
Negeri Sembilan,1/1/2025,male,5-9,bumi_malay,31
Negeri Sembilan,1/1/2025,male,5-9,bumi_other,1.4
Negeri Sembilan,1/1/2025,male,5-9,chinese,7.5
Negeri Sembilan,1/1/2025,male,5-9,indian,5.2
Negeri Sembilan,1/1/2025,male,5-9,other_citizen,0.2
Negeri Sembilan,1/1/2025,male,5-9,other_noncitizen,0.8
Negeri Sembilan,1/1/2025,male,10-14,overall,60.1
Negeri Sembilan,1/1/2025,male,10-14,bumi_malay,37.6
Negeri Sembilan,1/1/2025,male,10-14,bumi_other,1.3
Negeri Sembilan,1/1/2025,male,10-14,chinese,12.5
Negeri Sembilan,1/1/2025,male,10-14,indian,8.1
Negeri Sembilan,1/1/2025,male,10-14,other_citizen,0.2
Negeri Sembilan,1/1/2025,male,10-14,other_noncitizen,0.4
Negeri Sembilan,1/1/2025,male,15-19,overall,50
Negeri Sembilan,1/1/2025,male,15-19,bumi_malay,31
Negeri Sembilan,1/1/2025,male,15-19,bumi_other,1.1
Negeri Sembilan,1/1/2025,male,15-19,chinese,10.4
Negeri Sembilan,1/1/2025,male,15-19,indian,6.8
Negeri Sembilan,1/1/2025,male,15-19,other_citizen,0.2
Negeri Sembilan,1/1/2025,male,15-19,other_noncitizen,0.5
Negeri Sembilan,1/1/2025,male,20-24,overall,59
Negeri Sembilan,1/1/2025,male,20-24,bumi_malay,32.2
Negeri Sembilan,1/1/2025,male,20-24,bumi_other,1
Negeri Sembilan,1/1/2025,male,20-24,chinese,10.6
Negeri Sembilan,1/1/2025,male,20-24,indian,7.6
Negeri Sembilan,1/1/2025,male,20-24,other_citizen,0.2
Negeri Sembilan,1/1/2025,male,20-24,other_noncitizen,7.4
Negeri Sembilan,1/1/2025,male,25-29,overall,55.2
Negeri Sembilan,1/1/2025,male,25-29,bumi_malay,29.6
Negeri Sembilan,1/1/2025,male,25-29,bumi_other,1.2
Negeri Sembilan,1/1/2025,male,25-29,chinese,7.6
Negeri Sembilan,1/1/2025,male,25-29,indian,6
Negeri Sembilan,1/1/2025,male,25-29,other_citizen,0.3
Negeri Sembilan,1/1/2025,male,25-29,other_noncitizen,10.5
Negeri Sembilan,1/1/2025,male,30-34,overall,57.9
Negeri Sembilan,1/1/2025,male,30-34,bumi_malay,28.4
Negeri Sembilan,1/1/2025,male,30-34,bumi_other,1
Negeri Sembilan,1/1/2025,male,30-34,chinese,7.7
Negeri Sembilan,1/1/2025,male,30-34,indian,6.5
Negeri Sembilan,1/1/2025,male,30-34,other_citizen,0.5
Negeri Sembilan,1/1/2025,male,30-34,other_noncitizen,13.7
Negeri Sembilan,1/1/2025,male,35-39,overall,58.2
Negeri Sembilan,1/1/2025,male,35-39,bumi_malay,30.4
Negeri Sembilan,1/1/2025,male,35-39,bumi_other,0.8
Negeri Sembilan,1/1/2025,male,35-39,chinese,8.7
Negeri Sembilan,1/1/2025,male,35-39,indian,7.4
Negeri Sembilan,1/1/2025,male,35-39,other_citizen,0.6
Negeri Sembilan,1/1/2025,male,35-39,other_noncitizen,10.3
Negeri Sembilan,1/1/2025,male,40-44,overall,50.5
Negeri Sembilan,1/1/2025,male,40-44,bumi_malay,28.3
Negeri Sembilan,1/1/2025,male,40-44,bumi_other,0.8
Negeri Sembilan,1/1/2025,male,40-44,chinese,9.7
Negeri Sembilan,1/1/2025,male,40-44,indian,6.8
Negeri Sembilan,1/1/2025,male,40-44,other_citizen,0.4
Negeri Sembilan,1/1/2025,male,40-44,other_noncitizen,4.5
Negeri Sembilan,1/1/2025,male,45-49,overall,37.1
Negeri Sembilan,1/1/2025,male,45-49,bumi_malay,20.4
Negeri Sembilan,1/1/2025,male,45-49,bumi_other,0.6
Negeri Sembilan,1/1/2025,male,45-49,chinese,8.2
Negeri Sembilan,1/1/2025,male,45-49,indian,5.4
Negeri Sembilan,1/1/2025,male,45-49,other_citizen,0.2
Negeri Sembilan,1/1/2025,male,45-49,other_noncitizen,2.2
Negeri Sembilan,1/1/2025,male,50-54,overall,30.1
Negeri Sembilan,1/1/2025,male,50-54,bumi_malay,16.9
Negeri Sembilan,1/1/2025,male,50-54,bumi_other,0.5
Negeri Sembilan,1/1/2025,male,50-54,chinese,7.5
Negeri Sembilan,1/1/2025,male,50-54,indian,4.4
Negeri Sembilan,1/1/2025,male,50-54,other_citizen,0.1
Negeri Sembilan,1/1/2025,male,50-54,other_noncitizen,0.8
Negeri Sembilan,1/1/2025,male,55-59,overall,24.4
Negeri Sembilan,1/1/2025,male,55-59,bumi_malay,13.4
Negeri Sembilan,1/1/2025,male,55-59,bumi_other,0.4
Negeri Sembilan,1/1/2025,male,55-59,chinese,6.3
Negeri Sembilan,1/1/2025,male,55-59,indian,3.4
Negeri Sembilan,1/1/2025,male,55-59,other_citizen,0.1
Negeri Sembilan,1/1/2025,male,55-59,other_noncitizen,0.8
Negeri Sembilan,1/1/2025,male,60-64,overall,29.1
Negeri Sembilan,1/1/2025,male,60-64,bumi_malay,15.7
Negeri Sembilan,1/1/2025,male,60-64,bumi_other,0.3
Negeri Sembilan,1/1/2025,male,60-64,chinese,8.2
Negeri Sembilan,1/1/2025,male,60-64,indian,4.1
Negeri Sembilan,1/1/2025,male,60-64,other_citizen,0.1
Negeri Sembilan,1/1/2025,male,60-64,other_noncitizen,0.8
Negeri Sembilan,1/1/2025,male,65-69,overall,19
Negeri Sembilan,1/1/2025,male,65-69,bumi_malay,10.5
Negeri Sembilan,1/1/2025,male,65-69,bumi_other,0.2
Negeri Sembilan,1/1/2025,male,65-69,chinese,5.4
Negeri Sembilan,1/1/2025,male,65-69,indian,2.5
Negeri Sembilan,1/1/2025,male,65-69,other_citizen,0.1
Negeri Sembilan,1/1/2025,male,65-69,other_noncitizen,0.4
Negeri Sembilan,1/1/2025,male,70-74,overall,15.1
Negeri Sembilan,1/1/2025,male,70-74,bumi_malay,8
Negeri Sembilan,1/1/2025,male,70-74,bumi_other,0.1
Negeri Sembilan,1/1/2025,male,70-74,chinese,4.7
Negeri Sembilan,1/1/2025,male,70-74,indian,1.9
Negeri Sembilan,1/1/2025,male,70-74,other_citizen,0.1
Negeri Sembilan,1/1/2025,male,70-74,other_noncitizen,0.2
Negeri Sembilan,1/1/2025,male,75-79,overall,8.6
Negeri Sembilan,1/1/2025,male,75-79,bumi_malay,4
Negeri Sembilan,1/1/2025,male,75-79,bumi_other,0.1
Negeri Sembilan,1/1/2025,male,75-79,chinese,3.2
Negeri Sembilan,1/1/2025,male,75-79,indian,1.2
Negeri Sembilan,1/1/2025,male,75-79,other_citizen,0
Negeri Sembilan,1/1/2025,male,75-79,other_noncitizen,0.2
Negeri Sembilan,1/1/2025,male,80-84,overall,3.4
Negeri Sembilan,1/1/2025,male,80-84,bumi_malay,1.4
Negeri Sembilan,1/1/2025,male,80-84,bumi_other,0
Negeri Sembilan,1/1/2025,male,80-84,chinese,1.3
Negeri Sembilan,1/1/2025,male,80-84,indian,0.5
Negeri Sembilan,1/1/2025,male,80-84,other_citizen,0
Negeri Sembilan,1/1/2025,male,80-84,other_noncitizen,0.1
Negeri Sembilan,1/1/2025,male,85+,overall,1.5
Negeri Sembilan,1/1/2025,male,85+,bumi_malay,0.4
Negeri Sembilan,1/1/2025,male,85+,bumi_other,0
Negeri Sembilan,1/1/2025,male,85+,chinese,0.7
Negeri Sembilan,1/1/2025,male,85+,indian,0.3
Negeri Sembilan,1/1/2025,male,85+,other_citizen,0
Negeri Sembilan,1/1/2025,male,85+,other_noncitizen,0
Pahang,1/1/2025,both,overall,overall,1678.2
Pahang,1/1/2025,both,overall,bumi_malay,1195
Pahang,1/1/2025,both,overall,bumi_other,97.2
Pahang,1/1/2025,both,overall,chinese,218.6
Pahang,1/1/2025,both,overall,indian,55.9
Pahang,1/1/2025,both,overall,other_citizen,9.7
Pahang,1/1/2025,both,overall,other_noncitizen,101.9
Pahang,1/1/2025,both,0-4,overall,114.9
Pahang,1/1/2025,both,0-4,bumi_malay,95.1
Pahang,1/1/2025,both,0-4,bumi_other,9.5
Pahang,1/1/2025,both,0-4,chinese,6.4
Pahang,1/1/2025,both,0-4,indian,2.3
Pahang,1/1/2025,both,0-4,other_citizen,0.8
Pahang,1/1/2025,both,0-4,other_noncitizen,0.8
Pahang,1/1/2025,both,5-9,overall,135
Pahang,1/1/2025,both,5-9,bumi_malay,108.3
Pahang,1/1/2025,both,5-9,bumi_other,9
Pahang,1/1/2025,both,5-9,chinese,13.1
Pahang,1/1/2025,both,5-9,indian,3.4
Pahang,1/1/2025,both,5-9,other_citizen,0.8
Pahang,1/1/2025,both,5-9,other_noncitizen,0.5
Pahang,1/1/2025,both,10-14,overall,139.8
Pahang,1/1/2025,both,10-14,bumi_malay,106.1
Pahang,1/1/2025,both,10-14,bumi_other,8.3
Pahang,1/1/2025,both,10-14,chinese,19.6
Pahang,1/1/2025,both,10-14,indian,4.6
Pahang,1/1/2025,both,10-14,other_citizen,0.6
Pahang,1/1/2025,both,10-14,other_noncitizen,0.6
Pahang,1/1/2025,both,15-19,overall,148.5
Pahang,1/1/2025,both,15-19,bumi_malay,106.8
Pahang,1/1/2025,both,15-19,bumi_other,8.2
Pahang,1/1/2025,both,15-19,chinese,26.7
Pahang,1/1/2025,both,15-19,indian,5.6
Pahang,1/1/2025,both,15-19,other_citizen,0.5
Pahang,1/1/2025,both,15-19,other_noncitizen,0.7
Pahang,1/1/2025,both,20-24,overall,164.9
Pahang,1/1/2025,both,20-24,bumi_malay,116.4
Pahang,1/1/2025,both,20-24,bumi_other,9.6
Pahang,1/1/2025,both,20-24,chinese,23.7
Pahang,1/1/2025,both,20-24,indian,5.8
Pahang,1/1/2025,both,20-24,other_citizen,0.6
Pahang,1/1/2025,both,20-24,other_noncitizen,8.9
Pahang,1/1/2025,both,25-29,overall,135.3
Pahang,1/1/2025,both,25-29,bumi_malay,86.7
Pahang,1/1/2025,both,25-29,bumi_other,9.1
Pahang,1/1/2025,both,25-29,chinese,13
Pahang,1/1/2025,both,25-29,indian,4.5
Pahang,1/1/2025,both,25-29,other_citizen,0.8
Pahang,1/1/2025,both,25-29,other_noncitizen,21.1
Pahang,1/1/2025,both,30-34,overall,127.7
Pahang,1/1/2025,both,30-34,bumi_malay,78.3
Pahang,1/1/2025,both,30-34,bumi_other,8.4
Pahang,1/1/2025,both,30-34,chinese,12.4
Pahang,1/1/2025,both,30-34,indian,3.8
Pahang,1/1/2025,both,30-34,other_citizen,1
Pahang,1/1/2025,both,30-34,other_noncitizen,23.8
Pahang,1/1/2025,both,35-39,overall,133.4
Pahang,1/1/2025,both,35-39,bumi_malay,87.3
Pahang,1/1/2025,both,35-39,bumi_other,7.6
Pahang,1/1/2025,both,35-39,chinese,14.1
Pahang,1/1/2025,both,35-39,indian,3.9
Pahang,1/1/2025,both,35-39,other_citizen,1
Pahang,1/1/2025,both,35-39,other_noncitizen,19.5
Pahang,1/1/2025,both,40-44,overall,133.6
Pahang,1/1/2025,both,40-44,bumi_malay,92.5
Pahang,1/1/2025,both,40-44,bumi_other,6.4
Pahang,1/1/2025,both,40-44,chinese,16.1
Pahang,1/1/2025,both,40-44,indian,4.4
Pahang,1/1/2025,both,40-44,other_citizen,1
Pahang,1/1/2025,both,40-44,other_noncitizen,13.3
Pahang,1/1/2025,both,45-49,overall,112.7
Pahang,1/1/2025,both,45-49,bumi_malay,78.8
Pahang,1/1/2025,both,45-49,bumi_other,5.2
Pahang,1/1/2025,both,45-49,chinese,16.8
Pahang,1/1/2025,both,45-49,indian,4.3
Pahang,1/1/2025,both,45-49,other_citizen,0.8
Pahang,1/1/2025,both,45-49,other_noncitizen,6.8
Pahang,1/1/2025,both,50-54,overall,84.6
Pahang,1/1/2025,both,50-54,bumi_malay,59.2
Pahang,1/1/2025,both,50-54,bumi_other,4
Pahang,1/1/2025,both,50-54,chinese,14.4
Pahang,1/1/2025,both,50-54,indian,3.5
Pahang,1/1/2025,both,50-54,other_citizen,0.6
Pahang,1/1/2025,both,50-54,other_noncitizen,3
Pahang,1/1/2025,both,55-59,overall,66.3
Pahang,1/1/2025,both,55-59,bumi_malay,46.8
Pahang,1/1/2025,both,55-59,bumi_other,2.9
Pahang,1/1/2025,both,55-59,chinese,12
Pahang,1/1/2025,both,55-59,indian,2.6
Pahang,1/1/2025,both,55-59,other_citizen,0.4
Pahang,1/1/2025,both,55-59,other_noncitizen,1.7
Pahang,1/1/2025,both,60-64,overall,62
Pahang,1/1/2025,both,60-64,bumi_malay,44
Pahang,1/1/2025,both,60-64,bumi_other,2.3
Pahang,1/1/2025,both,60-64,chinese,12
Pahang,1/1/2025,both,60-64,indian,2.4
Pahang,1/1/2025,both,60-64,other_citizen,0.3
Pahang,1/1/2025,both,60-64,other_noncitizen,0.9
Pahang,1/1/2025,both,65-69,overall,43.8
Pahang,1/1/2025,both,65-69,bumi_malay,31.6
Pahang,1/1/2025,both,65-69,bumi_other,1.5
Pahang,1/1/2025,both,65-69,chinese,8.5
Pahang,1/1/2025,both,65-69,indian,1.8
Pahang,1/1/2025,both,65-69,other_citizen,0.2
Pahang,1/1/2025,both,65-69,other_noncitizen,0.1
Pahang,1/1/2025,both,70-74,overall,32.7
Pahang,1/1/2025,both,70-74,bumi_malay,25.1
Pahang,1/1/2025,both,70-74,bumi_other,1.8
Pahang,1/1/2025,both,70-74,chinese,4.3
Pahang,1/1/2025,both,70-74,indian,1.2
Pahang,1/1/2025,both,70-74,other_citizen,0.2
Pahang,1/1/2025,both,70-74,other_noncitizen,0.1
Pahang,1/1/2025,both,75-79,overall,23.2
Pahang,1/1/2025,both,75-79,bumi_malay,17.5
Pahang,1/1/2025,both,75-79,bumi_other,1.3
Pahang,1/1/2025,both,75-79,chinese,3.5
Pahang,1/1/2025,both,75-79,indian,0.9
Pahang,1/1/2025,both,75-79,other_citizen,0.1
Pahang,1/1/2025,both,75-79,other_noncitizen,0
Pahang,1/1/2025,both,80-84,overall,9.9
Pahang,1/1/2025,both,80-84,bumi_malay,7.2
Pahang,1/1/2025,both,80-84,bumi_other,0.8
Pahang,1/1/2025,both,80-84,chinese,1.4
Pahang,1/1/2025,both,80-84,indian,0.5
Pahang,1/1/2025,both,80-84,other_citizen,0
Pahang,1/1/2025,both,80-84,other_noncitizen,0
Pahang,1/1/2025,both,85+,overall,9.8
Pahang,1/1/2025,both,85+,bumi_malay,7.3
Pahang,1/1/2025,both,85+,bumi_other,1.4
Pahang,1/1/2025,both,85+,chinese,0.4
Pahang,1/1/2025,both,85+,indian,0.4
Pahang,1/1/2025,both,85+,other_citizen,0.1
Pahang,1/1/2025,both,85+,other_noncitizen,0.1
Pahang,1/1/2025,female,overall,overall,783.9
Pahang,1/1/2025,female,overall,bumi_malay,588.4
Pahang,1/1/2025,female,overall,bumi_other,47.6
Pahang,1/1/2025,female,overall,chinese,105.2
Pahang,1/1/2025,female,overall,indian,27.6
Pahang,1/1/2025,female,overall,other_citizen,3.7
Pahang,1/1/2025,female,overall,other_noncitizen,11.4
Pahang,1/1/2025,female,0-4,overall,55.6
Pahang,1/1/2025,female,0-4,bumi_malay,46
Pahang,1/1/2025,female,0-4,bumi_other,4.6
Pahang,1/1/2025,female,0-4,chinese,3
Pahang,1/1/2025,female,0-4,indian,1.1
Pahang,1/1/2025,female,0-4,other_citizen,0.4
Pahang,1/1/2025,female,0-4,other_noncitizen,0.4
Pahang,1/1/2025,female,5-9,overall,66.8
Pahang,1/1/2025,female,5-9,bumi_malay,53.1
Pahang,1/1/2025,female,5-9,bumi_other,4.9
Pahang,1/1/2025,female,5-9,chinese,6.3
Pahang,1/1/2025,female,5-9,indian,1.8
Pahang,1/1/2025,female,5-9,other_citizen,0.4
Pahang,1/1/2025,female,5-9,other_noncitizen,0.2
Pahang,1/1/2025,female,10-14,overall,68.4
Pahang,1/1/2025,female,10-14,bumi_malay,52
Pahang,1/1/2025,female,10-14,bumi_other,3.9
Pahang,1/1/2025,female,10-14,chinese,9.7
Pahang,1/1/2025,female,10-14,indian,2.3
Pahang,1/1/2025,female,10-14,other_citizen,0.2
Pahang,1/1/2025,female,10-14,other_noncitizen,0.2
Pahang,1/1/2025,female,15-19,overall,70.3
Pahang,1/1/2025,female,15-19,bumi_malay,51.1
Pahang,1/1/2025,female,15-19,bumi_other,3.8
Pahang,1/1/2025,female,15-19,chinese,12.4
Pahang,1/1/2025,female,15-19,indian,2.5
Pahang,1/1/2025,female,15-19,other_citizen,0.3
Pahang,1/1/2025,female,15-19,other_noncitizen,0.2
Pahang,1/1/2025,female,20-24,overall,74.4
Pahang,1/1/2025,female,20-24,bumi_malay,55.7
Pahang,1/1/2025,female,20-24,bumi_other,4.8
Pahang,1/1/2025,female,20-24,chinese,10.3
Pahang,1/1/2025,female,20-24,indian,2.8
Pahang,1/1/2025,female,20-24,other_citizen,0.3
Pahang,1/1/2025,female,20-24,other_noncitizen,0.5
Pahang,1/1/2025,female,25-29,overall,55.7
Pahang,1/1/2025,female,25-29,bumi_malay,42.1
Pahang,1/1/2025,female,25-29,bumi_other,4.3
Pahang,1/1/2025,female,25-29,chinese,5.9
Pahang,1/1/2025,female,25-29,indian,2.1
Pahang,1/1/2025,female,25-29,other_citizen,0.3
Pahang,1/1/2025,female,25-29,other_noncitizen,1
Pahang,1/1/2025,female,30-34,overall,52.2
Pahang,1/1/2025,female,30-34,bumi_malay,38.2
Pahang,1/1/2025,female,30-34,bumi_other,4.1
Pahang,1/1/2025,female,30-34,chinese,6.2
Pahang,1/1/2025,female,30-34,indian,1.8
Pahang,1/1/2025,female,30-34,other_citizen,0.3
Pahang,1/1/2025,female,30-34,other_noncitizen,1.7
Pahang,1/1/2025,female,35-39,overall,58.5
Pahang,1/1/2025,female,35-39,bumi_malay,43.5
Pahang,1/1/2025,female,35-39,bumi_other,3.9
Pahang,1/1/2025,female,35-39,chinese,7
Pahang,1/1/2025,female,35-39,indian,1.9
Pahang,1/1/2025,female,35-39,other_citizen,0.3
Pahang,1/1/2025,female,35-39,other_noncitizen,1.9
Pahang,1/1/2025,female,40-44,overall,60.3
Pahang,1/1/2025,female,40-44,bumi_malay,45.1
Pahang,1/1/2025,female,40-44,bumi_other,3
Pahang,1/1/2025,female,40-44,chinese,7.8
Pahang,1/1/2025,female,40-44,indian,2.1
Pahang,1/1/2025,female,40-44,other_citizen,0.3
Pahang,1/1/2025,female,40-44,other_noncitizen,2
Pahang,1/1/2025,female,45-49,overall,55.6
Pahang,1/1/2025,female,45-49,bumi_malay,40.1
Pahang,1/1/2025,female,45-49,bumi_other,2.5
Pahang,1/1/2025,female,45-49,chinese,9.1
Pahang,1/1/2025,female,45-49,indian,2.2
Pahang,1/1/2025,female,45-49,other_citizen,0.3
Pahang,1/1/2025,female,45-49,other_noncitizen,1.3
Pahang,1/1/2025,female,50-54,overall,40.9
Pahang,1/1/2025,female,50-54,bumi_malay,29.3
Pahang,1/1/2025,female,50-54,bumi_other,1.9
Pahang,1/1/2025,female,50-54,chinese,6.9
Pahang,1/1/2025,female,50-54,indian,1.7
Pahang,1/1/2025,female,50-54,other_citizen,0.2
Pahang,1/1/2025,female,50-54,other_noncitizen,0.9
Pahang,1/1/2025,female,55-59,overall,32.6
Pahang,1/1/2025,female,55-59,bumi_malay,23.6
Pahang,1/1/2025,female,55-59,bumi_other,1.4
Pahang,1/1/2025,female,55-59,chinese,5.7
Pahang,1/1/2025,female,55-59,indian,1.2
Pahang,1/1/2025,female,55-59,other_citizen,0.2
Pahang,1/1/2025,female,55-59,other_noncitizen,0.6
Pahang,1/1/2025,female,60-64,overall,31.1
Pahang,1/1/2025,female,60-64,bumi_malay,22.5
Pahang,1/1/2025,female,60-64,bumi_other,1.2
Pahang,1/1/2025,female,60-64,chinese,5.7
Pahang,1/1/2025,female,60-64,indian,1.3
Pahang,1/1/2025,female,60-64,other_citizen,0.1
Pahang,1/1/2025,female,60-64,other_noncitizen,0.3
Pahang,1/1/2025,female,65-69,overall,22.7
Pahang,1/1/2025,female,65-69,bumi_malay,16.6
Pahang,1/1/2025,female,65-69,bumi_other,0.8
Pahang,1/1/2025,female,65-69,chinese,4.2
Pahang,1/1/2025,female,65-69,indian,1
Pahang,1/1/2025,female,65-69,other_citizen,0.1
Pahang,1/1/2025,female,65-69,other_noncitizen,0.1
Pahang,1/1/2025,female,70-74,overall,16.8
Pahang,1/1/2025,female,70-74,bumi_malay,13.2
Pahang,1/1/2025,female,70-74,bumi_other,0.8
Pahang,1/1/2025,female,70-74,chinese,2.1
Pahang,1/1/2025,female,70-74,indian,0.6
Pahang,1/1/2025,female,70-74,other_citizen,0
Pahang,1/1/2025,female,70-74,other_noncitizen,0.1
Pahang,1/1/2025,female,75-79,overall,12.3
Pahang,1/1/2025,female,75-79,bumi_malay,9.1
Pahang,1/1/2025,female,75-79,bumi_other,0.7
Pahang,1/1/2025,female,75-79,chinese,2
Pahang,1/1/2025,female,75-79,indian,0.5
Pahang,1/1/2025,female,75-79,other_citizen,0
Pahang,1/1/2025,female,75-79,other_noncitizen,0
Pahang,1/1/2025,female,80-84,overall,5.2
Pahang,1/1/2025,female,80-84,bumi_malay,3.8
Pahang,1/1/2025,female,80-84,bumi_other,0.5
Pahang,1/1/2025,female,80-84,chinese,0.7
Pahang,1/1/2025,female,80-84,indian,0.2
Pahang,1/1/2025,female,80-84,other_citizen,0
Pahang,1/1/2025,female,80-84,other_noncitizen,0
Pahang,1/1/2025,female,85+,overall,4.5
Pahang,1/1/2025,female,85+,bumi_malay,3.5
Pahang,1/1/2025,female,85+,bumi_other,0.6
Pahang,1/1/2025,female,85+,chinese,0.1
Pahang,1/1/2025,female,85+,indian,0.2
Pahang,1/1/2025,female,85+,other_citizen,0.1
Pahang,1/1/2025,female,85+,other_noncitizen,0
Pahang,1/1/2025,male,overall,overall,894.3
Pahang,1/1/2025,male,overall,bumi_malay,606.6
Pahang,1/1/2025,male,overall,bumi_other,49.6
Pahang,1/1/2025,male,overall,chinese,113.4
Pahang,1/1/2025,male,overall,indian,28.3
Pahang,1/1/2025,male,overall,other_citizen,6
Pahang,1/1/2025,male,overall,other_noncitizen,90.5
Pahang,1/1/2025,male,0-4,overall,59.3
Pahang,1/1/2025,male,0-4,bumi_malay,49.1
Pahang,1/1/2025,male,0-4,bumi_other,4.9
Pahang,1/1/2025,male,0-4,chinese,3.4
Pahang,1/1/2025,male,0-4,indian,1.2
Pahang,1/1/2025,male,0-4,other_citizen,0.4
Pahang,1/1/2025,male,0-4,other_noncitizen,0.4
Pahang,1/1/2025,male,5-9,overall,68.3
Pahang,1/1/2025,male,5-9,bumi_malay,55.2
Pahang,1/1/2025,male,5-9,bumi_other,4.1
Pahang,1/1/2025,male,5-9,chinese,6.8
Pahang,1/1/2025,male,5-9,indian,1.5
Pahang,1/1/2025,male,5-9,other_citizen,0.3
Pahang,1/1/2025,male,5-9,other_noncitizen,0.3
Pahang,1/1/2025,male,10-14,overall,71.4
Pahang,1/1/2025,male,10-14,bumi_malay,54.1
Pahang,1/1/2025,male,10-14,bumi_other,4.5
Pahang,1/1/2025,male,10-14,chinese,9.8
Pahang,1/1/2025,male,10-14,indian,2.3
Pahang,1/1/2025,male,10-14,other_citizen,0.3
Pahang,1/1/2025,male,10-14,other_noncitizen,0.4
Pahang,1/1/2025,male,15-19,overall,78.3
Pahang,1/1/2025,male,15-19,bumi_malay,55.7
Pahang,1/1/2025,male,15-19,bumi_other,4.4
Pahang,1/1/2025,male,15-19,chinese,14.3
Pahang,1/1/2025,male,15-19,indian,3.1
Pahang,1/1/2025,male,15-19,other_citizen,0.2
Pahang,1/1/2025,male,15-19,other_noncitizen,0.5
Pahang,1/1/2025,male,20-24,overall,90.5
Pahang,1/1/2025,male,20-24,bumi_malay,60.7
Pahang,1/1/2025,male,20-24,bumi_other,4.7
Pahang,1/1/2025,male,20-24,chinese,13.4
Pahang,1/1/2025,male,20-24,indian,3
Pahang,1/1/2025,male,20-24,other_citizen,0.3
Pahang,1/1/2025,male,20-24,other_noncitizen,8.4
Pahang,1/1/2025,male,25-29,overall,79.6
Pahang,1/1/2025,male,25-29,bumi_malay,44.6
Pahang,1/1/2025,male,25-29,bumi_other,4.8
Pahang,1/1/2025,male,25-29,chinese,7.2
Pahang,1/1/2025,male,25-29,indian,2.4
Pahang,1/1/2025,male,25-29,other_citizen,0.4
Pahang,1/1/2025,male,25-29,other_noncitizen,20.1
Pahang,1/1/2025,male,30-34,overall,75.4
Pahang,1/1/2025,male,30-34,bumi_malay,40.1
Pahang,1/1/2025,male,30-34,bumi_other,4.3
Pahang,1/1/2025,male,30-34,chinese,6.3
Pahang,1/1/2025,male,30-34,indian,2
Pahang,1/1/2025,male,30-34,other_citizen,0.7
Pahang,1/1/2025,male,30-34,other_noncitizen,22.1
Pahang,1/1/2025,male,35-39,overall,74.9
Pahang,1/1/2025,male,35-39,bumi_malay,43.8
Pahang,1/1/2025,male,35-39,bumi_other,3.7
Pahang,1/1/2025,male,35-39,chinese,7.1
Pahang,1/1/2025,male,35-39,indian,2
Pahang,1/1/2025,male,35-39,other_citizen,0.7
Pahang,1/1/2025,male,35-39,other_noncitizen,17.6
Pahang,1/1/2025,male,40-44,overall,73.3
Pahang,1/1/2025,male,40-44,bumi_malay,47.4
Pahang,1/1/2025,male,40-44,bumi_other,3.3
Pahang,1/1/2025,male,40-44,chinese,8.3
Pahang,1/1/2025,male,40-44,indian,2.3
Pahang,1/1/2025,male,40-44,other_citizen,0.7
Pahang,1/1/2025,male,40-44,other_noncitizen,11.3
Pahang,1/1/2025,male,45-49,overall,57.1
Pahang,1/1/2025,male,45-49,bumi_malay,38.7
Pahang,1/1/2025,male,45-49,bumi_other,2.6
Pahang,1/1/2025,male,45-49,chinese,7.7
Pahang,1/1/2025,male,45-49,indian,2.1
Pahang,1/1/2025,male,45-49,other_citizen,0.5
Pahang,1/1/2025,male,45-49,other_noncitizen,5.4
Pahang,1/1/2025,male,50-54,overall,43.7
Pahang,1/1/2025,male,50-54,bumi_malay,29.9
Pahang,1/1/2025,male,50-54,bumi_other,2.1
Pahang,1/1/2025,male,50-54,chinese,7.6
Pahang,1/1/2025,male,50-54,indian,1.7
Pahang,1/1/2025,male,50-54,other_citizen,0.4
Pahang,1/1/2025,male,50-54,other_noncitizen,2.1
Pahang,1/1/2025,male,55-59,overall,33.6
Pahang,1/1/2025,male,55-59,bumi_malay,23.2
Pahang,1/1/2025,male,55-59,bumi_other,1.4
Pahang,1/1/2025,male,55-59,chinese,6.4
Pahang,1/1/2025,male,55-59,indian,1.3
Pahang,1/1/2025,male,55-59,other_citizen,0.2
Pahang,1/1/2025,male,55-59,other_noncitizen,1.1
Pahang,1/1/2025,male,60-64,overall,30.9
Pahang,1/1/2025,male,60-64,bumi_malay,21.5
Pahang,1/1/2025,male,60-64,bumi_other,1.2
Pahang,1/1/2025,male,60-64,chinese,6.3
Pahang,1/1/2025,male,60-64,indian,1.2
Pahang,1/1/2025,male,60-64,other_citizen,0.2
Pahang,1/1/2025,male,60-64,other_noncitizen,0.6
Pahang,1/1/2025,male,65-69,overall,21.1
Pahang,1/1/2025,male,65-69,bumi_malay,15
Pahang,1/1/2025,male,65-69,bumi_other,0.7
Pahang,1/1/2025,male,65-69,chinese,4.3
Pahang,1/1/2025,male,65-69,indian,0.8
Pahang,1/1/2025,male,65-69,other_citizen,0.1
Pahang,1/1/2025,male,65-69,other_noncitizen,0.1
Pahang,1/1/2025,male,70-74,overall,15.9
Pahang,1/1/2025,male,70-74,bumi_malay,12
Pahang,1/1/2025,male,70-74,bumi_other,1
Pahang,1/1/2025,male,70-74,chinese,2.2
Pahang,1/1/2025,male,70-74,indian,0.6
Pahang,1/1/2025,male,70-74,other_citizen,0.1
Pahang,1/1/2025,male,70-74,other_noncitizen,0.1
Pahang,1/1/2025,male,75-79,overall,10.9
Pahang,1/1/2025,male,75-79,bumi_malay,8.4
Pahang,1/1/2025,male,75-79,bumi_other,0.6
Pahang,1/1/2025,male,75-79,chinese,1.5
Pahang,1/1/2025,male,75-79,indian,0.4
Pahang,1/1/2025,male,75-79,other_citizen,0
Pahang,1/1/2025,male,75-79,other_noncitizen,0
Pahang,1/1/2025,male,80-84,overall,4.7
Pahang,1/1/2025,male,80-84,bumi_malay,3.4
Pahang,1/1/2025,male,80-84,bumi_other,0.3
Pahang,1/1/2025,male,80-84,chinese,0.7
Pahang,1/1/2025,male,80-84,indian,0.3
Pahang,1/1/2025,male,80-84,other_citizen,0
Pahang,1/1/2025,male,80-84,other_noncitizen,0
Pahang,1/1/2025,male,85+,overall,5.4
Pahang,1/1/2025,male,85+,bumi_malay,3.8
Pahang,1/1/2025,male,85+,bumi_other,0.9
Pahang,1/1/2025,male,85+,chinese,0.3
Pahang,1/1/2025,male,85+,indian,0.2
Pahang,1/1/2025,male,85+,other_citizen,0
Pahang,1/1/2025,male,85+,other_noncitizen,0.1
Perak,1/1/2025,both,overall,overall,2574.9
Perak,1/1/2025,both,overall,bumi_malay,1430.1
Perak,1/1/2025,both,overall,bumi_other,76.8
Perak,1/1/2025,both,overall,chinese,627.2
Perak,1/1/2025,both,overall,indian,270.2
Perak,1/1/2025,both,overall,other_citizen,11
Perak,1/1/2025,both,overall,other_noncitizen,159.5
Perak,1/1/2025,both,0-4,overall,146.1
Perak,1/1/2025,both,0-4,bumi_malay,110
Perak,1/1/2025,both,0-4,bumi_other,5.8
Perak,1/1/2025,both,0-4,chinese,16.9
Perak,1/1/2025,both,0-4,indian,11.9
Perak,1/1/2025,both,0-4,other_citizen,0.6
Perak,1/1/2025,both,0-4,other_noncitizen,0.9
Perak,1/1/2025,both,5-9,overall,171.1
Perak,1/1/2025,both,5-9,bumi_malay,114.3
Perak,1/1/2025,both,5-9,bumi_other,6.2
Perak,1/1/2025,both,5-9,chinese,34.1
Perak,1/1/2025,both,5-9,indian,14.9
Perak,1/1/2025,both,5-9,other_citizen,0.7
Perak,1/1/2025,both,5-9,other_noncitizen,0.9
Perak,1/1/2025,both,10-14,overall,210.8
Perak,1/1/2025,both,10-14,bumi_malay,135.6
Perak,1/1/2025,both,10-14,bumi_other,7
Perak,1/1/2025,both,10-14,chinese,45.9
Perak,1/1/2025,both,10-14,indian,21
Perak,1/1/2025,both,10-14,other_citizen,0.8
Perak,1/1/2025,both,10-14,other_noncitizen,0.6
Perak,1/1/2025,both,15-19,overall,199.1
Perak,1/1/2025,both,15-19,bumi_malay,122.2
Perak,1/1/2025,both,15-19,bumi_other,7.2
Perak,1/1/2025,both,15-19,chinese,45.9
Perak,1/1/2025,both,15-19,indian,22
Perak,1/1/2025,both,15-19,other_citizen,0.7
Perak,1/1/2025,both,15-19,other_noncitizen,1.1
Perak,1/1/2025,both,20-24,overall,243
Perak,1/1/2025,both,20-24,bumi_malay,135
Perak,1/1/2025,both,20-24,bumi_other,7
Perak,1/1/2025,both,20-24,chinese,52.9
Perak,1/1/2025,both,20-24,indian,25.6
Perak,1/1/2025,both,20-24,other_citizen,0.7
Perak,1/1/2025,both,20-24,other_noncitizen,21.7
Perak,1/1/2025,both,25-29,overall,235.5
Perak,1/1/2025,both,25-29,bumi_malay,126
Perak,1/1/2025,both,25-29,bumi_other,9.9
Perak,1/1/2025,both,25-29,chinese,42.8
Perak,1/1/2025,both,25-29,indian,21.4
Perak,1/1/2025,both,25-29,other_citizen,1
Perak,1/1/2025,both,25-29,other_noncitizen,34.4
Perak,1/1/2025,both,30-34,overall,193.3
Perak,1/1/2025,both,30-34,bumi_malay,99.1
Perak,1/1/2025,both,30-34,bumi_other,6.9
Perak,1/1/2025,both,30-34,chinese,32.3
Perak,1/1/2025,both,30-34,indian,19
Perak,1/1/2025,both,30-34,other_citizen,0.9
Perak,1/1/2025,both,30-34,other_noncitizen,35
Perak,1/1/2025,both,35-39,overall,187.7
Perak,1/1/2025,both,35-39,bumi_malay,100.5
Perak,1/1/2025,both,35-39,bumi_other,6.1
Perak,1/1/2025,both,35-39,chinese,33.7
Perak,1/1/2025,both,35-39,indian,18.6
Perak,1/1/2025,both,35-39,other_citizen,1
Perak,1/1/2025,both,35-39,other_noncitizen,27.9
Perak,1/1/2025,both,40-44,overall,186.9
Perak,1/1/2025,both,40-44,bumi_malay,100.8
Perak,1/1/2025,both,40-44,bumi_other,5.3
Perak,1/1/2025,both,40-44,chinese,40.3
Perak,1/1/2025,both,40-44,indian,19.8
Perak,1/1/2025,both,40-44,other_citizen,0.9
Perak,1/1/2025,both,40-44,other_noncitizen,19.7
Perak,1/1/2025,both,45-49,overall,158.2
Perak,1/1/2025,both,45-49,bumi_malay,82
Perak,1/1/2025,both,45-49,bumi_other,3.8
Perak,1/1/2025,both,45-49,chinese,42.3
Perak,1/1/2025,both,45-49,indian,19.9
Perak,1/1/2025,both,45-49,other_citizen,0.9
Perak,1/1/2025,both,45-49,other_noncitizen,9.3
Perak,1/1/2025,both,50-54,overall,127.4
Perak,1/1/2025,both,50-54,bumi_malay,64.4
Perak,1/1/2025,both,50-54,bumi_other,3.1
Perak,1/1/2025,both,50-54,chinese,40.4
Perak,1/1/2025,both,50-54,indian,15
Perak,1/1/2025,both,50-54,other_citizen,0.7
Perak,1/1/2025,both,50-54,other_noncitizen,3.8
Perak,1/1/2025,both,55-59,overall,120.7
Perak,1/1/2025,both,55-59,bumi_malay,61.3
Perak,1/1/2025,both,55-59,bumi_other,2.8
Perak,1/1/2025,both,55-59,chinese,40.3
Perak,1/1/2025,both,55-59,indian,14.3
Perak,1/1/2025,both,55-59,other_citizen,0.6
Perak,1/1/2025,both,55-59,other_noncitizen,1.5
Perak,1/1/2025,both,60-64,overall,128.8
Perak,1/1/2025,both,60-64,bumi_malay,63.7
Perak,1/1/2025,both,60-64,bumi_other,2.1
Perak,1/1/2025,both,60-64,chinese,46
Perak,1/1/2025,both,60-64,indian,15.6
Perak,1/1/2025,both,60-64,other_citizen,0.5
Perak,1/1/2025,both,60-64,other_noncitizen,0.9
Perak,1/1/2025,both,65-69,overall,100.9
Perak,1/1/2025,both,65-69,bumi_malay,48.4
Perak,1/1/2025,both,65-69,bumi_other,1.5
Perak,1/1/2025,both,65-69,chinese,37.3
Perak,1/1/2025,both,65-69,indian,12.6
Perak,1/1/2025,both,65-69,other_citizen,0.4
Perak,1/1/2025,both,65-69,other_noncitizen,0.6
Perak,1/1/2025,both,70-74,overall,78.4
Perak,1/1/2025,both,70-74,bumi_malay,35
Perak,1/1/2025,both,70-74,bumi_other,0.8
Perak,1/1/2025,both,70-74,chinese,32.5
Perak,1/1/2025,both,70-74,indian,9.3
Perak,1/1/2025,both,70-74,other_citizen,0.3
Perak,1/1/2025,both,70-74,other_noncitizen,0.6
Perak,1/1/2025,both,75-79,overall,50.9
Perak,1/1/2025,both,75-79,bumi_malay,20.1
Perak,1/1/2025,both,75-79,bumi_other,0.6
Perak,1/1/2025,both,75-79,chinese,23.9
Perak,1/1/2025,both,75-79,indian,5.6
Perak,1/1/2025,both,75-79,other_citizen,0.2
Perak,1/1/2025,both,75-79,other_noncitizen,0.4
Perak,1/1/2025,both,80-84,overall,22.9
Perak,1/1/2025,both,80-84,bumi_malay,7.8
Perak,1/1/2025,both,80-84,bumi_other,0.4
Perak,1/1/2025,both,80-84,chinese,12.2
Perak,1/1/2025,both,80-84,indian,2.2
Perak,1/1/2025,both,80-84,other_citizen,0.1
Perak,1/1/2025,both,80-84,other_noncitizen,0.2
Perak,1/1/2025,both,85+,overall,13.2
Perak,1/1/2025,both,85+,bumi_malay,3.9
Perak,1/1/2025,both,85+,bumi_other,0.4
Perak,1/1/2025,both,85+,chinese,7.4
Perak,1/1/2025,both,85+,indian,1.3
Perak,1/1/2025,both,85+,other_citizen,0.1
Perak,1/1/2025,both,85+,other_noncitizen,0.1
Perak,1/1/2025,female,overall,overall,1229.8
Perak,1/1/2025,female,overall,bumi_malay,713
Perak,1/1/2025,female,overall,bumi_other,38.4
Perak,1/1/2025,female,overall,chinese,311.5
Perak,1/1/2025,female,overall,indian,138.8
Perak,1/1/2025,female,overall,other_citizen,5.5
Perak,1/1/2025,female,overall,other_noncitizen,22.6
Perak,1/1/2025,female,0-4,overall,71
Perak,1/1/2025,female,0-4,bumi_malay,53.4
Perak,1/1/2025,female,0-4,bumi_other,2.8
Perak,1/1/2025,female,0-4,chinese,8.3
Perak,1/1/2025,female,0-4,indian,5.8
Perak,1/1/2025,female,0-4,other_citizen,0.3
Perak,1/1/2025,female,0-4,other_noncitizen,0.4
Perak,1/1/2025,female,5-9,overall,83.2
Perak,1/1/2025,female,5-9,bumi_malay,55.2
Perak,1/1/2025,female,5-9,bumi_other,3.1
Perak,1/1/2025,female,5-9,chinese,16.8
Perak,1/1/2025,female,5-9,indian,7.3
Perak,1/1/2025,female,5-9,other_citizen,0.3
Perak,1/1/2025,female,5-9,other_noncitizen,0.4
Perak,1/1/2025,female,10-14,overall,101.2
Perak,1/1/2025,female,10-14,bumi_malay,65.4
Perak,1/1/2025,female,10-14,bumi_other,3.5
Perak,1/1/2025,female,10-14,chinese,21.6
Perak,1/1/2025,female,10-14,indian,10.1
Perak,1/1/2025,female,10-14,other_citizen,0.4
Perak,1/1/2025,female,10-14,other_noncitizen,0.3
Perak,1/1/2025,female,15-19,overall,94.8
Perak,1/1/2025,female,15-19,bumi_malay,58.7
Perak,1/1/2025,female,15-19,bumi_other,3.6
Perak,1/1/2025,female,15-19,chinese,21.2
Perak,1/1/2025,female,15-19,indian,10.5
Perak,1/1/2025,female,15-19,other_citizen,0.3
Perak,1/1/2025,female,15-19,other_noncitizen,0.6
Perak,1/1/2025,female,20-24,overall,108.5
Perak,1/1/2025,female,20-24,bumi_malay,65.2
Perak,1/1/2025,female,20-24,bumi_other,3.5
Perak,1/1/2025,female,20-24,chinese,24.7
Perak,1/1/2025,female,20-24,indian,12.3
Perak,1/1/2025,female,20-24,other_citizen,0.4
Perak,1/1/2025,female,20-24,other_noncitizen,2.4
Perak,1/1/2025,female,25-29,overall,102.1
Perak,1/1/2025,female,25-29,bumi_malay,62
Perak,1/1/2025,female,25-29,bumi_other,5.3
Perak,1/1/2025,female,25-29,chinese,21
Perak,1/1/2025,female,25-29,indian,10.6
Perak,1/1/2025,female,25-29,other_citizen,0.5
Perak,1/1/2025,female,25-29,other_noncitizen,2.7
Perak,1/1/2025,female,30-34,overall,81.2
Perak,1/1/2025,female,30-34,bumi_malay,48.3
Perak,1/1/2025,female,30-34,bumi_other,3.3
Perak,1/1/2025,female,30-34,chinese,15.9
Perak,1/1/2025,female,30-34,indian,9.6
Perak,1/1/2025,female,30-34,other_citizen,0.4
Perak,1/1/2025,female,30-34,other_noncitizen,3.7
Perak,1/1/2025,female,35-39,overall,83.3
Perak,1/1/2025,female,35-39,bumi_malay,49.9
Perak,1/1/2025,female,35-39,bumi_other,3
Perak,1/1/2025,female,35-39,chinese,17
Perak,1/1/2025,female,35-39,indian,9.5
Perak,1/1/2025,female,35-39,other_citizen,0.4
Perak,1/1/2025,female,35-39,other_noncitizen,3.4
Perak,1/1/2025,female,40-44,overall,86.2
Perak,1/1/2025,female,40-44,bumi_malay,50
Perak,1/1/2025,female,40-44,bumi_other,2.6
Perak,1/1/2025,female,40-44,chinese,19.9
Perak,1/1/2025,female,40-44,indian,10.1
Perak,1/1/2025,female,40-44,other_citizen,0.4
Perak,1/1/2025,female,40-44,other_noncitizen,3.2
Perak,1/1/2025,female,45-49,overall,76.4
Perak,1/1/2025,female,45-49,bumi_malay,40.7
Perak,1/1/2025,female,45-49,bumi_other,1.9
Perak,1/1/2025,female,45-49,chinese,20.7
Perak,1/1/2025,female,45-49,indian,10.4
Perak,1/1/2025,female,45-49,other_citizen,0.5
Perak,1/1/2025,female,45-49,other_noncitizen,2.1
Perak,1/1/2025,female,50-54,overall,66.2
Perak,1/1/2025,female,50-54,bumi_malay,34
Perak,1/1/2025,female,50-54,bumi_other,1.5
Perak,1/1/2025,female,50-54,chinese,20.7
Perak,1/1/2025,female,50-54,indian,8.3
Perak,1/1/2025,female,50-54,other_citizen,0.4
Perak,1/1/2025,female,50-54,other_noncitizen,1.3
Perak,1/1/2025,female,55-59,overall,63.4
Perak,1/1/2025,female,55-59,bumi_malay,32.7
Perak,1/1/2025,female,55-59,bumi_other,1.4
Perak,1/1/2025,female,55-59,chinese,20.4
Perak,1/1/2025,female,55-59,indian,7.9
Perak,1/1/2025,female,55-59,other_citizen,0.3
Perak,1/1/2025,female,55-59,other_noncitizen,0.6
Perak,1/1/2025,female,60-64,overall,67.3
Perak,1/1/2025,female,60-64,bumi_malay,33.6
Perak,1/1/2025,female,60-64,bumi_other,1
Perak,1/1/2025,female,60-64,chinese,23.3
Perak,1/1/2025,female,60-64,indian,8.7
Perak,1/1/2025,female,60-64,other_citizen,0.3
Perak,1/1/2025,female,60-64,other_noncitizen,0.4
Perak,1/1/2025,female,65-69,overall,53.8
Perak,1/1/2025,female,65-69,bumi_malay,25.9
Perak,1/1/2025,female,65-69,bumi_other,0.7
Perak,1/1/2025,female,65-69,chinese,19.4
Perak,1/1/2025,female,65-69,indian,7.2
Perak,1/1/2025,female,65-69,other_citizen,0.2
Perak,1/1/2025,female,65-69,other_noncitizen,0.4
Perak,1/1/2025,female,70-74,overall,42.4
Perak,1/1/2025,female,70-74,bumi_malay,19.3
Perak,1/1/2025,female,70-74,bumi_other,0.4
Perak,1/1/2025,female,70-74,chinese,16.9
Perak,1/1/2025,female,70-74,indian,5.3
Perak,1/1/2025,female,70-74,other_citizen,0.2
Perak,1/1/2025,female,70-74,other_noncitizen,0.3
Perak,1/1/2025,female,75-79,overall,28.1
Perak,1/1/2025,female,75-79,bumi_malay,11.5
Perak,1/1/2025,female,75-79,bumi_other,0.3
Perak,1/1/2025,female,75-79,chinese,12.7
Perak,1/1/2025,female,75-79,indian,3.3
Perak,1/1/2025,female,75-79,other_citizen,0.1
Perak,1/1/2025,female,75-79,other_noncitizen,0.3
Perak,1/1/2025,female,80-84,overall,12.9
Perak,1/1/2025,female,80-84,bumi_malay,4.6
Perak,1/1/2025,female,80-84,bumi_other,0.2
Perak,1/1/2025,female,80-84,chinese,6.6
Perak,1/1/2025,female,80-84,indian,1.3
Perak,1/1/2025,female,80-84,other_citizen,0.1
Perak,1/1/2025,female,80-84,other_noncitizen,0.1
Perak,1/1/2025,female,85+,overall,7.8
Perak,1/1/2025,female,85+,bumi_malay,2.4
Perak,1/1/2025,female,85+,bumi_other,0.2
Perak,1/1/2025,female,85+,chinese,4.3
Perak,1/1/2025,female,85+,indian,0.8
Perak,1/1/2025,female,85+,other_citizen,0.1
Perak,1/1/2025,female,85+,other_noncitizen,0.1
Perak,1/1/2025,male,overall,overall,1345.1
Perak,1/1/2025,male,overall,bumi_malay,717.1
Perak,1/1/2025,male,overall,bumi_other,38.5
Perak,1/1/2025,male,overall,chinese,315.7
Perak,1/1/2025,male,overall,indian,131.4
Perak,1/1/2025,male,overall,other_citizen,5.5
Perak,1/1/2025,male,overall,other_noncitizen,136.9
Perak,1/1/2025,male,0-4,overall,75.1
Perak,1/1/2025,male,0-4,bumi_malay,56.7
Perak,1/1/2025,male,0-4,bumi_other,2.9
Perak,1/1/2025,male,0-4,chinese,8.6
Perak,1/1/2025,male,0-4,indian,6
Perak,1/1/2025,male,0-4,other_citizen,0.3
Perak,1/1/2025,male,0-4,other_noncitizen,0.5
Perak,1/1/2025,male,5-9,overall,87.9
Perak,1/1/2025,male,5-9,bumi_malay,59.1
Perak,1/1/2025,male,5-9,bumi_other,3.1
Perak,1/1/2025,male,5-9,chinese,17.3
Perak,1/1/2025,male,5-9,indian,7.6
Perak,1/1/2025,male,5-9,other_citizen,0.3
Perak,1/1/2025,male,5-9,other_noncitizen,0.5
Perak,1/1/2025,male,10-14,overall,109.6
Perak,1/1/2025,male,10-14,bumi_malay,70.2
Perak,1/1/2025,male,10-14,bumi_other,3.5
Perak,1/1/2025,male,10-14,chinese,24.3
Perak,1/1/2025,male,10-14,indian,10.9
Perak,1/1/2025,male,10-14,other_citizen,0.4
Perak,1/1/2025,male,10-14,other_noncitizen,0.3
Perak,1/1/2025,male,15-19,overall,104.3
Perak,1/1/2025,male,15-19,bumi_malay,63.5
Perak,1/1/2025,male,15-19,bumi_other,3.6
Perak,1/1/2025,male,15-19,chinese,24.7
Perak,1/1/2025,male,15-19,indian,11.5
Perak,1/1/2025,male,15-19,other_citizen,0.4
Perak,1/1/2025,male,15-19,other_noncitizen,0.5
Perak,1/1/2025,male,20-24,overall,134.5
Perak,1/1/2025,male,20-24,bumi_malay,69.8
Perak,1/1/2025,male,20-24,bumi_other,3.5
Perak,1/1/2025,male,20-24,chinese,28.2
Perak,1/1/2025,male,20-24,indian,13.3
Perak,1/1/2025,male,20-24,other_citizen,0.3
Perak,1/1/2025,male,20-24,other_noncitizen,19.3
Perak,1/1/2025,male,25-29,overall,133.4
Perak,1/1/2025,male,25-29,bumi_malay,64
Perak,1/1/2025,male,25-29,bumi_other,4.6
Perak,1/1/2025,male,25-29,chinese,21.8
Perak,1/1/2025,male,25-29,indian,10.8
Perak,1/1/2025,male,25-29,other_citizen,0.5
Perak,1/1/2025,male,25-29,other_noncitizen,31.7
Perak,1/1/2025,male,30-34,overall,112.1
Perak,1/1/2025,male,30-34,bumi_malay,50.8
Perak,1/1/2025,male,30-34,bumi_other,3.6
Perak,1/1/2025,male,30-34,chinese,16.4
Perak,1/1/2025,male,30-34,indian,9.4
Perak,1/1/2025,male,30-34,other_citizen,0.6
Perak,1/1/2025,male,30-34,other_noncitizen,31.3
Perak,1/1/2025,male,35-39,overall,104.4
Perak,1/1/2025,male,35-39,bumi_malay,50.6
Perak,1/1/2025,male,35-39,bumi_other,3
Perak,1/1/2025,male,35-39,chinese,16.7
Perak,1/1/2025,male,35-39,indian,9.1
Perak,1/1/2025,male,35-39,other_citizen,0.5
Perak,1/1/2025,male,35-39,other_noncitizen,24.5
Perak,1/1/2025,male,40-44,overall,100.6
Perak,1/1/2025,male,40-44,bumi_malay,50.8
Perak,1/1/2025,male,40-44,bumi_other,2.7
Perak,1/1/2025,male,40-44,chinese,20.5
Perak,1/1/2025,male,40-44,indian,9.7
Perak,1/1/2025,male,40-44,other_citizen,0.4
Perak,1/1/2025,male,40-44,other_noncitizen,16.5
Perak,1/1/2025,male,45-49,overall,81.8
Perak,1/1/2025,male,45-49,bumi_malay,41.2
Perak,1/1/2025,male,45-49,bumi_other,1.9
Perak,1/1/2025,male,45-49,chinese,21.6
Perak,1/1/2025,male,45-49,indian,9.6
Perak,1/1/2025,male,45-49,other_citizen,0.4
Perak,1/1/2025,male,45-49,other_noncitizen,7.2
Perak,1/1/2025,male,50-54,overall,61.2
Perak,1/1/2025,male,50-54,bumi_malay,30.4
Perak,1/1/2025,male,50-54,bumi_other,1.5
Perak,1/1/2025,male,50-54,chinese,19.8
Perak,1/1/2025,male,50-54,indian,6.7
Perak,1/1/2025,male,50-54,other_citizen,0.3
Perak,1/1/2025,male,50-54,other_noncitizen,2.5
Perak,1/1/2025,male,55-59,overall,57.3
Perak,1/1/2025,male,55-59,bumi_malay,28.6
Perak,1/1/2025,male,55-59,bumi_other,1.4
Perak,1/1/2025,male,55-59,chinese,19.8
Perak,1/1/2025,male,55-59,indian,6.4
Perak,1/1/2025,male,55-59,other_citizen,0.2
Perak,1/1/2025,male,55-59,other_noncitizen,0.8
Perak,1/1/2025,male,60-64,overall,61.6
Perak,1/1/2025,male,60-64,bumi_malay,30.1
Perak,1/1/2025,male,60-64,bumi_other,1.1
Perak,1/1/2025,male,60-64,chinese,22.7
Perak,1/1/2025,male,60-64,indian,7
Perak,1/1/2025,male,60-64,other_citizen,0.2
Perak,1/1/2025,male,60-64,other_noncitizen,0.5
Perak,1/1/2025,male,65-69,overall,47.1
Perak,1/1/2025,male,65-69,bumi_malay,22.5
Perak,1/1/2025,male,65-69,bumi_other,0.8
Perak,1/1/2025,male,65-69,chinese,18
Perak,1/1/2025,male,65-69,indian,5.5
Perak,1/1/2025,male,65-69,other_citizen,0.2
Perak,1/1/2025,male,65-69,other_noncitizen,0.3
Perak,1/1/2025,male,70-74,overall,36.1
Perak,1/1/2025,male,70-74,bumi_malay,15.6
Perak,1/1/2025,male,70-74,bumi_other,0.4
Perak,1/1/2025,male,70-74,chinese,15.6
Perak,1/1/2025,male,70-74,indian,4
Perak,1/1/2025,male,70-74,other_citizen,0.2
Perak,1/1/2025,male,70-74,other_noncitizen,0.2
Perak,1/1/2025,male,75-79,overall,22.8
Perak,1/1/2025,male,75-79,bumi_malay,8.6
Perak,1/1/2025,male,75-79,bumi_other,0.3
Perak,1/1/2025,male,75-79,chinese,11.2
Perak,1/1/2025,male,75-79,indian,2.4
Perak,1/1/2025,male,75-79,other_citizen,0.1
Perak,1/1/2025,male,75-79,other_noncitizen,0.2
Perak,1/1/2025,male,80-84,overall,10
Perak,1/1/2025,male,80-84,bumi_malay,3.1
Perak,1/1/2025,male,80-84,bumi_other,0.2
Perak,1/1/2025,male,80-84,chinese,5.5
Perak,1/1/2025,male,80-84,indian,1
Perak,1/1/2025,male,80-84,other_citizen,0.1
Perak,1/1/2025,male,80-84,other_noncitizen,0.1
Perak,1/1/2025,male,85+,overall,5.3
Perak,1/1/2025,male,85+,bumi_malay,1.5
Perak,1/1/2025,male,85+,bumi_other,0.2
Perak,1/1/2025,male,85+,chinese,3.1
Perak,1/1/2025,male,85+,indian,0.5
Perak,1/1/2025,male,85+,other_citizen,0
Perak,1/1/2025,male,85+,other_noncitizen,0
Perlis,1/1/2025,both,overall,overall,297.8
Perlis,1/1/2025,both,overall,bumi_malay,253.8
Perlis,1/1/2025,both,overall,bumi_other,1.5
Perlis,1/1/2025,both,overall,chinese,19.9
Perlis,1/1/2025,both,overall,indian,5.1
Perlis,1/1/2025,both,overall,other_citizen,5.8
Perlis,1/1/2025,both,overall,other_noncitizen,11.7
Perlis,1/1/2025,both,0-4,overall,18.8
Perlis,1/1/2025,both,0-4,bumi_malay,17.6
Perlis,1/1/2025,both,0-4,bumi_other,0.1
Perlis,1/1/2025,both,0-4,chinese,0.6
Perlis,1/1/2025,both,0-4,indian,0.1
Perlis,1/1/2025,both,0-4,other_citizen,0.4
Perlis,1/1/2025,both,0-4,other_noncitizen,0.1
Perlis,1/1/2025,both,5-9,overall,19.1
Perlis,1/1/2025,both,5-9,bumi_malay,17.6
Perlis,1/1/2025,both,5-9,bumi_other,0.1
Perlis,1/1/2025,both,5-9,chinese,0.8
Perlis,1/1/2025,both,5-9,indian,0.2
Perlis,1/1/2025,both,5-9,other_citizen,0.3
Perlis,1/1/2025,both,5-9,other_noncitizen,0.1
Perlis,1/1/2025,both,10-14,overall,19.4
Perlis,1/1/2025,both,10-14,bumi_malay,17.7
Perlis,1/1/2025,both,10-14,bumi_other,0.1
Perlis,1/1/2025,both,10-14,chinese,1
Perlis,1/1/2025,both,10-14,indian,0.2
Perlis,1/1/2025,both,10-14,other_citizen,0.4
Perlis,1/1/2025,both,10-14,other_noncitizen,0.1
Perlis,1/1/2025,both,15-19,overall,19.9
Perlis,1/1/2025,both,15-19,bumi_malay,17.8
Perlis,1/1/2025,both,15-19,bumi_other,0.1
Perlis,1/1/2025,both,15-19,chinese,1.2
Perlis,1/1/2025,both,15-19,indian,0.3
Perlis,1/1/2025,both,15-19,other_citizen,0.3
Perlis,1/1/2025,both,15-19,other_noncitizen,0.2
Perlis,1/1/2025,both,20-24,overall,38.4
Perlis,1/1/2025,both,20-24,bumi_malay,33.3
Perlis,1/1/2025,both,20-24,bumi_other,0.1
Perlis,1/1/2025,both,20-24,chinese,2.2
Perlis,1/1/2025,both,20-24,indian,0.7
Perlis,1/1/2025,both,20-24,other_citizen,0.5
Perlis,1/1/2025,both,20-24,other_noncitizen,1.6
Perlis,1/1/2025,both,25-29,overall,33
Perlis,1/1/2025,both,25-29,bumi_malay,26.6
Perlis,1/1/2025,both,25-29,bumi_other,0.3
Perlis,1/1/2025,both,25-29,chinese,2.6
Perlis,1/1/2025,both,25-29,indian,1.3
Perlis,1/1/2025,both,25-29,other_citizen,0.5
Perlis,1/1/2025,both,25-29,other_noncitizen,1.7
Perlis,1/1/2025,both,30-34,overall,21.2
Perlis,1/1/2025,both,30-34,bumi_malay,17.7
Perlis,1/1/2025,both,30-34,bumi_other,0.2
Perlis,1/1/2025,both,30-34,chinese,1
Perlis,1/1/2025,both,30-34,indian,0.4
Perlis,1/1/2025,both,30-34,other_citizen,0.3
Perlis,1/1/2025,both,30-34,other_noncitizen,1.5
Perlis,1/1/2025,both,35-39,overall,20.3
Perlis,1/1/2025,both,35-39,bumi_malay,16.8
Perlis,1/1/2025,both,35-39,bumi_other,0.1
Perlis,1/1/2025,both,35-39,chinese,1
Perlis,1/1/2025,both,35-39,indian,0.2
Perlis,1/1/2025,both,35-39,other_citizen,0.4
Perlis,1/1/2025,both,35-39,other_noncitizen,1.8
Perlis,1/1/2025,both,40-44,overall,19.5
Perlis,1/1/2025,both,40-44,bumi_malay,16.1
Perlis,1/1/2025,both,40-44,bumi_other,0.1
Perlis,1/1/2025,both,40-44,chinese,1.2
Perlis,1/1/2025,both,40-44,indian,0.2
Perlis,1/1/2025,both,40-44,other_citizen,0.4
Perlis,1/1/2025,both,40-44,other_noncitizen,1.5
Perlis,1/1/2025,both,45-49,overall,25.7
Perlis,1/1/2025,both,45-49,bumi_malay,21.5
Perlis,1/1/2025,both,45-49,bumi_other,0.1
Perlis,1/1/2025,both,45-49,chinese,2.2
Perlis,1/1/2025,both,45-49,indian,0.6
Perlis,1/1/2025,both,45-49,other_citizen,0.4
Perlis,1/1/2025,both,45-49,other_noncitizen,1
Perlis,1/1/2025,both,50-54,overall,12.9
Perlis,1/1/2025,both,50-54,bumi_malay,10.3
Perlis,1/1/2025,both,50-54,bumi_other,0
Perlis,1/1/2025,both,50-54,chinese,1.1
Perlis,1/1/2025,both,50-54,indian,0.2
Perlis,1/1/2025,both,50-54,other_citizen,0.4
Perlis,1/1/2025,both,50-54,other_noncitizen,0.8
Perlis,1/1/2025,both,55-59,overall,12
Perlis,1/1/2025,both,55-59,bumi_malay,9.9
Perlis,1/1/2025,both,55-59,bumi_other,0
Perlis,1/1/2025,both,55-59,chinese,1
Perlis,1/1/2025,both,55-59,indian,0.1
Perlis,1/1/2025,both,55-59,other_citizen,0.4
Perlis,1/1/2025,both,55-59,other_noncitizen,0.6
Perlis,1/1/2025,both,60-64,overall,12.1
Perlis,1/1/2025,both,60-64,bumi_malay,9.9
Perlis,1/1/2025,both,60-64,bumi_other,0
Perlis,1/1/2025,both,60-64,chinese,1.3
Perlis,1/1/2025,both,60-64,indian,0.2
Perlis,1/1/2025,both,60-64,other_citizen,0.4
Perlis,1/1/2025,both,60-64,other_noncitizen,0.3
Perlis,1/1/2025,both,65-69,overall,9.4
Perlis,1/1/2025,both,65-69,bumi_malay,7.8
Perlis,1/1/2025,both,65-69,bumi_other,0
Perlis,1/1/2025,both,65-69,chinese,1
Perlis,1/1/2025,both,65-69,indian,0.1
Perlis,1/1/2025,both,65-69,other_citizen,0.3
Perlis,1/1/2025,both,65-69,other_noncitizen,0.2
Perlis,1/1/2025,both,70-74,overall,8
Perlis,1/1/2025,both,70-74,bumi_malay,6.6
Perlis,1/1/2025,both,70-74,bumi_other,0
Perlis,1/1/2025,both,70-74,chinese,1
Perlis,1/1/2025,both,70-74,indian,0.1
Perlis,1/1/2025,both,70-74,other_citizen,0.2
Perlis,1/1/2025,both,70-74,other_noncitizen,0.1
Perlis,1/1/2025,both,75-79,overall,4.6
Perlis,1/1/2025,both,75-79,bumi_malay,3.8
Perlis,1/1/2025,both,75-79,bumi_other,0
Perlis,1/1/2025,both,75-79,chinese,0.6
Perlis,1/1/2025,both,75-79,indian,0.1
Perlis,1/1/2025,both,75-79,other_citizen,0.1
Perlis,1/1/2025,both,75-79,other_noncitizen,0
Perlis,1/1/2025,both,80-84,overall,2.2
Perlis,1/1/2025,both,80-84,bumi_malay,1.8
Perlis,1/1/2025,both,80-84,bumi_other,0
Perlis,1/1/2025,both,80-84,chinese,0.3
Perlis,1/1/2025,both,80-84,indian,0
Perlis,1/1/2025,both,80-84,other_citizen,0.1
Perlis,1/1/2025,both,80-84,other_noncitizen,0
Perlis,1/1/2025,both,85+,overall,1.3
Perlis,1/1/2025,both,85+,bumi_malay,1.1
Perlis,1/1/2025,both,85+,bumi_other,0
Perlis,1/1/2025,both,85+,chinese,0.1
Perlis,1/1/2025,both,85+,indian,0
Perlis,1/1/2025,both,85+,other_citizen,0
Perlis,1/1/2025,both,85+,other_noncitizen,0
Perlis,1/1/2025,female,overall,overall,149.4
Perlis,1/1/2025,female,overall,bumi_malay,127.4
Perlis,1/1/2025,female,overall,bumi_other,0.7
Perlis,1/1/2025,female,overall,chinese,9.7
Perlis,1/1/2025,female,overall,indian,2.5
Perlis,1/1/2025,female,overall,other_citizen,3
Perlis,1/1/2025,female,overall,other_noncitizen,6.2
Perlis,1/1/2025,female,0-4,overall,9
Perlis,1/1/2025,female,0-4,bumi_malay,8.4
Perlis,1/1/2025,female,0-4,bumi_other,0
Perlis,1/1/2025,female,0-4,chinese,0.3
Perlis,1/1/2025,female,0-4,indian,0.1
Perlis,1/1/2025,female,0-4,other_citizen,0.2
Perlis,1/1/2025,female,0-4,other_noncitizen,0.1
Perlis,1/1/2025,female,5-9,overall,9.3
Perlis,1/1/2025,female,5-9,bumi_malay,8.5
Perlis,1/1/2025,female,5-9,bumi_other,0.1
Perlis,1/1/2025,female,5-9,chinese,0.4
Perlis,1/1/2025,female,5-9,indian,0.1
Perlis,1/1/2025,female,5-9,other_citizen,0.2
Perlis,1/1/2025,female,5-9,other_noncitizen,0
Perlis,1/1/2025,female,10-14,overall,9.3
Perlis,1/1/2025,female,10-14,bumi_malay,8.5
Perlis,1/1/2025,female,10-14,bumi_other,0.1
Perlis,1/1/2025,female,10-14,chinese,0.4
Perlis,1/1/2025,female,10-14,indian,0.1
Perlis,1/1/2025,female,10-14,other_citizen,0.2
Perlis,1/1/2025,female,10-14,other_noncitizen,0
Perlis,1/1/2025,female,15-19,overall,9.5
Perlis,1/1/2025,female,15-19,bumi_malay,8.6
Perlis,1/1/2025,female,15-19,bumi_other,0
Perlis,1/1/2025,female,15-19,chinese,0.5
Perlis,1/1/2025,female,15-19,indian,0.1
Perlis,1/1/2025,female,15-19,other_citizen,0.2
Perlis,1/1/2025,female,15-19,other_noncitizen,0.1
Perlis,1/1/2025,female,20-24,overall,18.2
Perlis,1/1/2025,female,20-24,bumi_malay,16
Perlis,1/1/2025,female,20-24,bumi_other,0
Perlis,1/1/2025,female,20-24,chinese,1
Perlis,1/1/2025,female,20-24,indian,0.3
Perlis,1/1/2025,female,20-24,other_citizen,0.2
Perlis,1/1/2025,female,20-24,other_noncitizen,0.7
Perlis,1/1/2025,female,25-29,overall,16.6
Perlis,1/1/2025,female,25-29,bumi_malay,13.6
Perlis,1/1/2025,female,25-29,bumi_other,0.1
Perlis,1/1/2025,female,25-29,chinese,1.2
Perlis,1/1/2025,female,25-29,indian,0.7
Perlis,1/1/2025,female,25-29,other_citizen,0.2
Perlis,1/1/2025,female,25-29,other_noncitizen,0.8
Perlis,1/1/2025,female,30-34,overall,10
Perlis,1/1/2025,female,30-34,bumi_malay,8.4
Perlis,1/1/2025,female,30-34,bumi_other,0.1
Perlis,1/1/2025,female,30-34,chinese,0.5
Perlis,1/1/2025,female,30-34,indian,0.2
Perlis,1/1/2025,female,30-34,other_citizen,0.2
Perlis,1/1/2025,female,30-34,other_noncitizen,0.7
Perlis,1/1/2025,female,35-39,overall,9.9
Perlis,1/1/2025,female,35-39,bumi_malay,8.1
Perlis,1/1/2025,female,35-39,bumi_other,0.1
Perlis,1/1/2025,female,35-39,chinese,0.5
Perlis,1/1/2025,female,35-39,indian,0.1
Perlis,1/1/2025,female,35-39,other_citizen,0.2
Perlis,1/1/2025,female,35-39,other_noncitizen,0.9
Perlis,1/1/2025,female,40-44,overall,9.8
Perlis,1/1/2025,female,40-44,bumi_malay,8
Perlis,1/1/2025,female,40-44,bumi_other,0
Perlis,1/1/2025,female,40-44,chinese,0.5
Perlis,1/1/2025,female,40-44,indian,0.1
Perlis,1/1/2025,female,40-44,other_citizen,0.2
Perlis,1/1/2025,female,40-44,other_noncitizen,0.9
Perlis,1/1/2025,female,45-49,overall,13.3
Perlis,1/1/2025,female,45-49,bumi_malay,11
Perlis,1/1/2025,female,45-49,bumi_other,0
Perlis,1/1/2025,female,45-49,chinese,1.1
Perlis,1/1/2025,female,45-49,indian,0.3
Perlis,1/1/2025,female,45-49,other_citizen,0.2
Perlis,1/1/2025,female,45-49,other_noncitizen,0.7
Perlis,1/1/2025,female,50-54,overall,7.4
Perlis,1/1/2025,female,50-54,bumi_malay,5.9
Perlis,1/1/2025,female,50-54,bumi_other,0
Perlis,1/1/2025,female,50-54,chinese,0.6
Perlis,1/1/2025,female,50-54,indian,0.1
Perlis,1/1/2025,female,50-54,other_citizen,0.2
Perlis,1/1/2025,female,50-54,other_noncitizen,0.5
Perlis,1/1/2025,female,55-59,overall,6.4
Perlis,1/1/2025,female,55-59,bumi_malay,5.2
Perlis,1/1/2025,female,55-59,bumi_other,0
Perlis,1/1/2025,female,55-59,chinese,0.5
Perlis,1/1/2025,female,55-59,indian,0.1
Perlis,1/1/2025,female,55-59,other_citizen,0.2
Perlis,1/1/2025,female,55-59,other_noncitizen,0.4
Perlis,1/1/2025,female,60-64,overall,6.4
Perlis,1/1/2025,female,60-64,bumi_malay,5.3
Perlis,1/1/2025,female,60-64,bumi_other,0
Perlis,1/1/2025,female,60-64,chinese,0.6
Perlis,1/1/2025,female,60-64,indian,0.1
Perlis,1/1/2025,female,60-64,other_citizen,0.2
Perlis,1/1/2025,female,60-64,other_noncitizen,0.2
Perlis,1/1/2025,female,65-69,overall,5.1
Perlis,1/1/2025,female,65-69,bumi_malay,4.2
Perlis,1/1/2025,female,65-69,bumi_other,0
Perlis,1/1/2025,female,65-69,chinese,0.5
Perlis,1/1/2025,female,65-69,indian,0.1
Perlis,1/1/2025,female,65-69,other_citizen,0.2
Perlis,1/1/2025,female,65-69,other_noncitizen,0.1
Perlis,1/1/2025,female,70-74,overall,4.6
Perlis,1/1/2025,female,70-74,bumi_malay,3.8
Perlis,1/1/2025,female,70-74,bumi_other,0
Perlis,1/1/2025,female,70-74,chinese,0.5
Perlis,1/1/2025,female,70-74,indian,0.1
Perlis,1/1/2025,female,70-74,other_citizen,0.1
Perlis,1/1/2025,female,70-74,other_noncitizen,0.1
Perlis,1/1/2025,female,75-79,overall,2.5
Perlis,1/1/2025,female,75-79,bumi_malay,2.1
Perlis,1/1/2025,female,75-79,bumi_other,0
Perlis,1/1/2025,female,75-79,chinese,0.3
Perlis,1/1/2025,female,75-79,indian,0
Perlis,1/1/2025,female,75-79,other_citizen,0.1
Perlis,1/1/2025,female,75-79,other_noncitizen,0
Perlis,1/1/2025,female,80-84,overall,1.3
Perlis,1/1/2025,female,80-84,bumi_malay,1.1
Perlis,1/1/2025,female,80-84,bumi_other,0
Perlis,1/1/2025,female,80-84,chinese,0.1
Perlis,1/1/2025,female,80-84,indian,0
Perlis,1/1/2025,female,80-84,other_citizen,0
Perlis,1/1/2025,female,80-84,other_noncitizen,0
Perlis,1/1/2025,female,85+,overall,0.8
Perlis,1/1/2025,female,85+,bumi_malay,0.7
Perlis,1/1/2025,female,85+,bumi_other,0
Perlis,1/1/2025,female,85+,chinese,0.1
Perlis,1/1/2025,female,85+,indian,0
Perlis,1/1/2025,female,85+,other_citizen,0
Perlis,1/1/2025,female,85+,other_noncitizen,0
Perlis,1/1/2025,male,overall,overall,148.3
Perlis,1/1/2025,male,overall,bumi_malay,126.4
Perlis,1/1/2025,male,overall,bumi_other,0.9
Perlis,1/1/2025,male,overall,chinese,10.3
Perlis,1/1/2025,male,overall,indian,2.6
Perlis,1/1/2025,male,overall,other_citizen,2.8
Perlis,1/1/2025,male,overall,other_noncitizen,5.5
Perlis,1/1/2025,male,0-4,overall,9.8
Perlis,1/1/2025,male,0-4,bumi_malay,9.2
Perlis,1/1/2025,male,0-4,bumi_other,0
Perlis,1/1/2025,male,0-4,chinese,0.3
Perlis,1/1/2025,male,0-4,indian,0.1
Perlis,1/1/2025,male,0-4,other_citizen,0.2
Perlis,1/1/2025,male,0-4,other_noncitizen,0
Perlis,1/1/2025,male,5-9,overall,9.9
Perlis,1/1/2025,male,5-9,bumi_malay,9.1
Perlis,1/1/2025,male,5-9,bumi_other,0.1
Perlis,1/1/2025,male,5-9,chinese,0.4
Perlis,1/1/2025,male,5-9,indian,0.1
Perlis,1/1/2025,male,5-9,other_citizen,0.2
Perlis,1/1/2025,male,5-9,other_noncitizen,0
Perlis,1/1/2025,male,10-14,overall,10.1
Perlis,1/1/2025,male,10-14,bumi_malay,9.2
Perlis,1/1/2025,male,10-14,bumi_other,0.1
Perlis,1/1/2025,male,10-14,chinese,0.5
Perlis,1/1/2025,male,10-14,indian,0.1
Perlis,1/1/2025,male,10-14,other_citizen,0.2
Perlis,1/1/2025,male,10-14,other_noncitizen,0.1
Perlis,1/1/2025,male,15-19,overall,10.4
Perlis,1/1/2025,male,15-19,bumi_malay,9.2
Perlis,1/1/2025,male,15-19,bumi_other,0
Perlis,1/1/2025,male,15-19,chinese,0.7
Perlis,1/1/2025,male,15-19,indian,0.1
Perlis,1/1/2025,male,15-19,other_citizen,0.2
Perlis,1/1/2025,male,15-19,other_noncitizen,0.1
Perlis,1/1/2025,male,20-24,overall,20.2
Perlis,1/1/2025,male,20-24,bumi_malay,17.4
Perlis,1/1/2025,male,20-24,bumi_other,0.1
Perlis,1/1/2025,male,20-24,chinese,1.2
Perlis,1/1/2025,male,20-24,indian,0.4
Perlis,1/1/2025,male,20-24,other_citizen,0.3
Perlis,1/1/2025,male,20-24,other_noncitizen,0.9
Perlis,1/1/2025,male,25-29,overall,16.4
Perlis,1/1/2025,male,25-29,bumi_malay,13
Perlis,1/1/2025,male,25-29,bumi_other,0.2
Perlis,1/1/2025,male,25-29,chinese,1.3
Perlis,1/1/2025,male,25-29,indian,0.7
Perlis,1/1/2025,male,25-29,other_citizen,0.3
Perlis,1/1/2025,male,25-29,other_noncitizen,1
Perlis,1/1/2025,male,30-34,overall,11.2
Perlis,1/1/2025,male,30-34,bumi_malay,9.3
Perlis,1/1/2025,male,30-34,bumi_other,0.1
Perlis,1/1/2025,male,30-34,chinese,0.5
Perlis,1/1/2025,male,30-34,indian,0.2
Perlis,1/1/2025,male,30-34,other_citizen,0.2
Perlis,1/1/2025,male,30-34,other_noncitizen,0.8
Perlis,1/1/2025,male,35-39,overall,10.4
Perlis,1/1/2025,male,35-39,bumi_malay,8.6
Perlis,1/1/2025,male,35-39,bumi_other,0.1
Perlis,1/1/2025,male,35-39,chinese,0.5
Perlis,1/1/2025,male,35-39,indian,0.1
Perlis,1/1/2025,male,35-39,other_citizen,0.2
Perlis,1/1/2025,male,35-39,other_noncitizen,0.9
Perlis,1/1/2025,male,40-44,overall,9.7
Perlis,1/1/2025,male,40-44,bumi_malay,8.1
Perlis,1/1/2025,male,40-44,bumi_other,0.1
Perlis,1/1/2025,male,40-44,chinese,0.6
Perlis,1/1/2025,male,40-44,indian,0.1
Perlis,1/1/2025,male,40-44,other_citizen,0.2
Perlis,1/1/2025,male,40-44,other_noncitizen,0.6
Perlis,1/1/2025,male,45-49,overall,12.5
Perlis,1/1/2025,male,45-49,bumi_malay,10.4
Perlis,1/1/2025,male,45-49,bumi_other,0
Perlis,1/1/2025,male,45-49,chinese,1.1
Perlis,1/1/2025,male,45-49,indian,0.3
Perlis,1/1/2025,male,45-49,other_citizen,0.2
Perlis,1/1/2025,male,45-49,other_noncitizen,0.3
Perlis,1/1/2025,male,50-54,overall,5.5
Perlis,1/1/2025,male,50-54,bumi_malay,4.4
Perlis,1/1/2025,male,50-54,bumi_other,0
Perlis,1/1/2025,male,50-54,chinese,0.5
Perlis,1/1/2025,male,50-54,indian,0.1
Perlis,1/1/2025,male,50-54,other_citizen,0.2
Perlis,1/1/2025,male,50-54,other_noncitizen,0.3
Perlis,1/1/2025,male,55-59,overall,5.6
Perlis,1/1/2025,male,55-59,bumi_malay,4.7
Perlis,1/1/2025,male,55-59,bumi_other,0
Perlis,1/1/2025,male,55-59,chinese,0.5
Perlis,1/1/2025,male,55-59,indian,0.1
Perlis,1/1/2025,male,55-59,other_citizen,0.2
Perlis,1/1/2025,male,55-59,other_noncitizen,0.2
Perlis,1/1/2025,male,60-64,overall,5.7
Perlis,1/1/2025,male,60-64,bumi_malay,4.7
Perlis,1/1/2025,male,60-64,bumi_other,0
Perlis,1/1/2025,male,60-64,chinese,0.7
Perlis,1/1/2025,male,60-64,indian,0.1
Perlis,1/1/2025,male,60-64,other_citizen,0.2
Perlis,1/1/2025,male,60-64,other_noncitizen,0.1
Perlis,1/1/2025,male,65-69,overall,4.3
Perlis,1/1/2025,male,65-69,bumi_malay,3.6
Perlis,1/1/2025,male,65-69,bumi_other,0
Perlis,1/1/2025,male,65-69,chinese,0.5
Perlis,1/1/2025,male,65-69,indian,0.1
Perlis,1/1/2025,male,65-69,other_citizen,0.1
Perlis,1/1/2025,male,65-69,other_noncitizen,0.1
Perlis,1/1/2025,male,70-74,overall,3.3
Perlis,1/1/2025,male,70-74,bumi_malay,2.7
Perlis,1/1/2025,male,70-74,bumi_other,0
Perlis,1/1/2025,male,70-74,chinese,0.4
Perlis,1/1/2025,male,70-74,indian,0
Perlis,1/1/2025,male,70-74,other_citizen,0.1
Perlis,1/1/2025,male,70-74,other_noncitizen,0
Perlis,1/1/2025,male,75-79,overall,2.1
Perlis,1/1/2025,male,75-79,bumi_malay,1.7
Perlis,1/1/2025,male,75-79,bumi_other,0
Perlis,1/1/2025,male,75-79,chinese,0.3
Perlis,1/1/2025,male,75-79,indian,0
Perlis,1/1/2025,male,75-79,other_citizen,0
Perlis,1/1/2025,male,75-79,other_noncitizen,0
Perlis,1/1/2025,male,80-84,overall,0.9
Perlis,1/1/2025,male,80-84,bumi_malay,0.7
Perlis,1/1/2025,male,80-84,bumi_other,0
Perlis,1/1/2025,male,80-84,chinese,0.1
Perlis,1/1/2025,male,80-84,indian,0
Perlis,1/1/2025,male,80-84,other_citizen,0
Perlis,1/1/2025,male,80-84,other_noncitizen,0
Perlis,1/1/2025,male,85+,overall,0.5
Perlis,1/1/2025,male,85+,bumi_malay,0.4
Perlis,1/1/2025,male,85+,bumi_other,0
Perlis,1/1/2025,male,85+,chinese,0.1
Perlis,1/1/2025,male,85+,indian,0
Perlis,1/1/2025,male,85+,other_citizen,0
Perlis,1/1/2025,male,85+,other_noncitizen,0
Pulau Pinang,1/1/2025,both,overall,overall,1803.3
Pulau Pinang,1/1/2025,both,overall,bumi_malay,741.6
Pulau Pinang,1/1/2025,both,overall,bumi_other,7.3
Pulau Pinang,1/1/2025,both,overall,chinese,709.2
Pulau Pinang,1/1/2025,both,overall,indian,154.9
Pulau Pinang,1/1/2025,both,overall,other_citizen,10.3
Pulau Pinang,1/1/2025,both,overall,other_noncitizen,179.9
Pulau Pinang,1/1/2025,both,0-4,overall,109.4
Pulau Pinang,1/1/2025,both,0-4,bumi_malay,56.1
Pulau Pinang,1/1/2025,both,0-4,bumi_other,0.5
Pulau Pinang,1/1/2025,both,0-4,chinese,21.2
Pulau Pinang,1/1/2025,both,0-4,indian,7.6
Pulau Pinang,1/1/2025,both,0-4,other_citizen,0.4
Pulau Pinang,1/1/2025,both,0-4,other_noncitizen,23.6
Pulau Pinang,1/1/2025,both,5-9,overall,110.2
Pulau Pinang,1/1/2025,both,5-9,bumi_malay,50.2
Pulau Pinang,1/1/2025,both,5-9,bumi_other,0.6
Pulau Pinang,1/1/2025,both,5-9,chinese,38.9
Pulau Pinang,1/1/2025,both,5-9,indian,8.7
Pulau Pinang,1/1/2025,both,5-9,other_citizen,0.7
Pulau Pinang,1/1/2025,both,5-9,other_noncitizen,11.1
Pulau Pinang,1/1/2025,both,10-14,overall,111.2
Pulau Pinang,1/1/2025,both,10-14,bumi_malay,49.5
Pulau Pinang,1/1/2025,both,10-14,bumi_other,0.5
Pulau Pinang,1/1/2025,both,10-14,chinese,47.5
Pulau Pinang,1/1/2025,both,10-14,indian,10.2
Pulau Pinang,1/1/2025,both,10-14,other_citizen,0.6
Pulau Pinang,1/1/2025,both,10-14,other_noncitizen,3
Pulau Pinang,1/1/2025,both,15-19,overall,118.8
Pulau Pinang,1/1/2025,both,15-19,bumi_malay,49.4
Pulau Pinang,1/1/2025,both,15-19,bumi_other,0.5
Pulau Pinang,1/1/2025,both,15-19,chinese,50
Pulau Pinang,1/1/2025,both,15-19,indian,12.1
Pulau Pinang,1/1/2025,both,15-19,other_citizen,0.8
Pulau Pinang,1/1/2025,both,15-19,other_noncitizen,6.1
Pulau Pinang,1/1/2025,both,20-24,overall,156.1
Pulau Pinang,1/1/2025,both,20-24,bumi_malay,61
Pulau Pinang,1/1/2025,both,20-24,bumi_other,0.5
Pulau Pinang,1/1/2025,both,20-24,chinese,47.1
Pulau Pinang,1/1/2025,both,20-24,indian,13.1
Pulau Pinang,1/1/2025,both,20-24,other_citizen,0.8
Pulau Pinang,1/1/2025,both,20-24,other_noncitizen,33.6
Pulau Pinang,1/1/2025,both,25-29,overall,176.2
Pulau Pinang,1/1/2025,both,25-29,bumi_malay,69.4
Pulau Pinang,1/1/2025,both,25-29,bumi_other,0.3
Pulau Pinang,1/1/2025,both,25-29,chinese,51.3
Pulau Pinang,1/1/2025,both,25-29,indian,13.1
Pulau Pinang,1/1/2025,both,25-29,other_citizen,1.2
Pulau Pinang,1/1/2025,both,25-29,other_noncitizen,40.8
Pulau Pinang,1/1/2025,both,30-34,overall,166.2
Pulau Pinang,1/1/2025,both,30-34,bumi_malay,71
Pulau Pinang,1/1/2025,both,30-34,bumi_other,0.9
Pulau Pinang,1/1/2025,both,30-34,chinese,55.8
Pulau Pinang,1/1/2025,both,30-34,indian,13.2
Pulau Pinang,1/1/2025,both,30-34,other_citizen,1.1
Pulau Pinang,1/1/2025,both,30-34,other_noncitizen,24.2
Pulau Pinang,1/1/2025,both,35-39,overall,148.4
Pulau Pinang,1/1/2025,both,35-39,bumi_malay,71.4
Pulau Pinang,1/1/2025,both,35-39,bumi_other,0.8
Pulau Pinang,1/1/2025,both,35-39,chinese,48.7
Pulau Pinang,1/1/2025,both,35-39,indian,12
Pulau Pinang,1/1/2025,both,35-39,other_citizen,0.6
Pulau Pinang,1/1/2025,both,35-39,other_noncitizen,14.9
Pulau Pinang,1/1/2025,both,40-44,overall,143
Pulau Pinang,1/1/2025,both,40-44,bumi_malay,65.7
Pulau Pinang,1/1/2025,both,40-44,bumi_other,0.7
Pulau Pinang,1/1/2025,both,40-44,chinese,54.5
Pulau Pinang,1/1/2025,both,40-44,indian,12.6
Pulau Pinang,1/1/2025,both,40-44,other_citizen,0.5
Pulau Pinang,1/1/2025,both,40-44,other_noncitizen,8.9
Pulau Pinang,1/1/2025,both,45-49,overall,115
Pulau Pinang,1/1/2025,both,45-49,bumi_malay,47.2
Pulau Pinang,1/1/2025,both,45-49,bumi_other,0.5
Pulau Pinang,1/1/2025,both,45-49,chinese,51.5
Pulau Pinang,1/1/2025,both,45-49,indian,10.5
Pulau Pinang,1/1/2025,both,45-49,other_citizen,0.8
Pulau Pinang,1/1/2025,both,45-49,other_noncitizen,4.5
Pulau Pinang,1/1/2025,both,50-54,overall,110.1
Pulau Pinang,1/1/2025,both,50-54,bumi_malay,42.9
Pulau Pinang,1/1/2025,both,50-54,bumi_other,0.4
Pulau Pinang,1/1/2025,both,50-54,chinese,52.5
Pulau Pinang,1/1/2025,both,50-54,indian,10.4
Pulau Pinang,1/1/2025,both,50-54,other_citizen,0.8
Pulau Pinang,1/1/2025,both,50-54,other_noncitizen,3.2
Pulau Pinang,1/1/2025,both,55-59,overall,100.6
Pulau Pinang,1/1/2025,both,55-59,bumi_malay,35.8
Pulau Pinang,1/1/2025,both,55-59,bumi_other,0.3
Pulau Pinang,1/1/2025,both,55-59,chinese,52.3
Pulau Pinang,1/1/2025,both,55-59,indian,9.4
Pulau Pinang,1/1/2025,both,55-59,other_citizen,0.6
Pulau Pinang,1/1/2025,both,55-59,other_noncitizen,2.3
Pulau Pinang,1/1/2025,both,60-64,overall,86.1
Pulau Pinang,1/1/2025,both,60-64,bumi_malay,29
Pulau Pinang,1/1/2025,both,60-64,bumi_other,0.2
Pulau Pinang,1/1/2025,both,60-64,chinese,45.9
Pulau Pinang,1/1/2025,both,60-64,indian,8.6
Pulau Pinang,1/1/2025,both,60-64,other_citizen,0.5
Pulau Pinang,1/1/2025,both,60-64,other_noncitizen,1.8
Pulau Pinang,1/1/2025,both,65-69,overall,72.5
Pulau Pinang,1/1/2025,both,65-69,bumi_malay,23.1
Pulau Pinang,1/1/2025,both,65-69,bumi_other,0.2
Pulau Pinang,1/1/2025,both,65-69,chinese,40.9
Pulau Pinang,1/1/2025,both,65-69,indian,7
Pulau Pinang,1/1/2025,both,65-69,other_citizen,0.5
Pulau Pinang,1/1/2025,both,65-69,other_noncitizen,0.8
Pulau Pinang,1/1/2025,both,70-74,overall,44.7
Pulau Pinang,1/1/2025,both,70-74,bumi_malay,13
Pulau Pinang,1/1/2025,both,70-74,bumi_other,0.1
Pulau Pinang,1/1/2025,both,70-74,chinese,27
Pulau Pinang,1/1/2025,both,70-74,indian,3.9
Pulau Pinang,1/1/2025,both,70-74,other_citizen,0.2
Pulau Pinang,1/1/2025,both,70-74,other_noncitizen,0.6
Pulau Pinang,1/1/2025,both,75-79,overall,23.5
Pulau Pinang,1/1/2025,both,75-79,bumi_malay,5.3
Pulau Pinang,1/1/2025,both,75-79,bumi_other,0.1
Pulau Pinang,1/1/2025,both,75-79,chinese,15.8
Pulau Pinang,1/1/2025,both,75-79,indian,1.8
Pulau Pinang,1/1/2025,both,75-79,other_citizen,0.2
Pulau Pinang,1/1/2025,both,75-79,other_noncitizen,0.4
Pulau Pinang,1/1/2025,both,80-84,overall,9.1
Pulau Pinang,1/1/2025,both,80-84,bumi_malay,1.6
Pulau Pinang,1/1/2025,both,80-84,bumi_other,0
Pulau Pinang,1/1/2025,both,80-84,chinese,6.6
Pulau Pinang,1/1/2025,both,80-84,indian,0.6
Pulau Pinang,1/1/2025,both,80-84,other_citizen,0.1
Pulau Pinang,1/1/2025,both,80-84,other_noncitizen,0.2
Pulau Pinang,1/1/2025,both,85+,overall,2.1
Pulau Pinang,1/1/2025,both,85+,bumi_malay,0.1
Pulau Pinang,1/1/2025,both,85+,bumi_other,0
Pulau Pinang,1/1/2025,both,85+,chinese,1.8
Pulau Pinang,1/1/2025,both,85+,indian,0.1
Pulau Pinang,1/1/2025,both,85+,other_citizen,0
Pulau Pinang,1/1/2025,both,85+,other_noncitizen,0.1
Pulau Pinang,1/1/2025,female,overall,overall,878.6
Pulau Pinang,1/1/2025,female,overall,bumi_malay,365.3
Pulau Pinang,1/1/2025,female,overall,bumi_other,3.7
Pulau Pinang,1/1/2025,female,overall,chinese,351.4
Pulau Pinang,1/1/2025,female,overall,indian,77.4
Pulau Pinang,1/1/2025,female,overall,other_citizen,5.1
Pulau Pinang,1/1/2025,female,overall,other_noncitizen,75.8
Pulau Pinang,1/1/2025,female,0-4,overall,52.5
Pulau Pinang,1/1/2025,female,0-4,bumi_malay,27.1
Pulau Pinang,1/1/2025,female,0-4,bumi_other,0.2
Pulau Pinang,1/1/2025,female,0-4,chinese,10.3
Pulau Pinang,1/1/2025,female,0-4,indian,3.7
Pulau Pinang,1/1/2025,female,0-4,other_citizen,0.2
Pulau Pinang,1/1/2025,female,0-4,other_noncitizen,10.9
Pulau Pinang,1/1/2025,female,5-9,overall,52.9
Pulau Pinang,1/1/2025,female,5-9,bumi_malay,24.7
Pulau Pinang,1/1/2025,female,5-9,bumi_other,0.3
Pulau Pinang,1/1/2025,female,5-9,chinese,18.2
Pulau Pinang,1/1/2025,female,5-9,indian,4
Pulau Pinang,1/1/2025,female,5-9,other_citizen,0.3
Pulau Pinang,1/1/2025,female,5-9,other_noncitizen,5.5
Pulau Pinang,1/1/2025,female,10-14,overall,51.6
Pulau Pinang,1/1/2025,female,10-14,bumi_malay,23.3
Pulau Pinang,1/1/2025,female,10-14,bumi_other,0.2
Pulau Pinang,1/1/2025,female,10-14,chinese,21.6
Pulau Pinang,1/1/2025,female,10-14,indian,4.8
Pulau Pinang,1/1/2025,female,10-14,other_citizen,0.3
Pulau Pinang,1/1/2025,female,10-14,other_noncitizen,1.3
Pulau Pinang,1/1/2025,female,15-19,overall,56
Pulau Pinang,1/1/2025,female,15-19,bumi_malay,23.4
Pulau Pinang,1/1/2025,female,15-19,bumi_other,0.2
Pulau Pinang,1/1/2025,female,15-19,chinese,23.2
Pulau Pinang,1/1/2025,female,15-19,indian,5.6
Pulau Pinang,1/1/2025,female,15-19,other_citizen,0.4
Pulau Pinang,1/1/2025,female,15-19,other_noncitizen,3.3
Pulau Pinang,1/1/2025,female,20-24,overall,75.3
Pulau Pinang,1/1/2025,female,20-24,bumi_malay,29.6
Pulau Pinang,1/1/2025,female,20-24,bumi_other,0.2
Pulau Pinang,1/1/2025,female,20-24,chinese,23
Pulau Pinang,1/1/2025,female,20-24,indian,6.3
Pulau Pinang,1/1/2025,female,20-24,other_citizen,0.5
Pulau Pinang,1/1/2025,female,20-24,other_noncitizen,15.7
Pulau Pinang,1/1/2025,female,25-29,overall,80.4
Pulau Pinang,1/1/2025,female,25-29,bumi_malay,32.1
Pulau Pinang,1/1/2025,female,25-29,bumi_other,0.1
Pulau Pinang,1/1/2025,female,25-29,chinese,26.2
Pulau Pinang,1/1/2025,female,25-29,indian,6.5
Pulau Pinang,1/1/2025,female,25-29,other_citizen,0.6
Pulau Pinang,1/1/2025,female,25-29,other_noncitizen,15
Pulau Pinang,1/1/2025,female,30-34,overall,79.6
Pulau Pinang,1/1/2025,female,30-34,bumi_malay,35.7
Pulau Pinang,1/1/2025,female,30-34,bumi_other,0.5
Pulau Pinang,1/1/2025,female,30-34,chinese,27.4
Pulau Pinang,1/1/2025,female,30-34,indian,6.6
Pulau Pinang,1/1/2025,female,30-34,other_citizen,0.3
Pulau Pinang,1/1/2025,female,30-34,other_noncitizen,9.1
Pulau Pinang,1/1/2025,female,35-39,overall,74.9
Pulau Pinang,1/1/2025,female,35-39,bumi_malay,36.9
Pulau Pinang,1/1/2025,female,35-39,bumi_other,0.7
Pulau Pinang,1/1/2025,female,35-39,chinese,25.1
Pulau Pinang,1/1/2025,female,35-39,indian,6.1
Pulau Pinang,1/1/2025,female,35-39,other_citizen,0.2
Pulau Pinang,1/1/2025,female,35-39,other_noncitizen,5.8
Pulau Pinang,1/1/2025,female,40-44,overall,70
Pulau Pinang,1/1/2025,female,40-44,bumi_malay,32.3
Pulau Pinang,1/1/2025,female,40-44,bumi_other,0.4
Pulau Pinang,1/1/2025,female,40-44,chinese,27.6
Pulau Pinang,1/1/2025,female,40-44,indian,6
Pulau Pinang,1/1/2025,female,40-44,other_citizen,0.2
Pulau Pinang,1/1/2025,female,40-44,other_noncitizen,3.5
Pulau Pinang,1/1/2025,female,45-49,overall,56
Pulau Pinang,1/1/2025,female,45-49,bumi_malay,23.3
Pulau Pinang,1/1/2025,female,45-49,bumi_other,0.2
Pulau Pinang,1/1/2025,female,45-49,chinese,25
Pulau Pinang,1/1/2025,female,45-49,indian,5.2
Pulau Pinang,1/1/2025,female,45-49,other_citizen,0.4
Pulau Pinang,1/1/2025,female,45-49,other_noncitizen,1.9
Pulau Pinang,1/1/2025,female,50-54,overall,54.2
Pulau Pinang,1/1/2025,female,50-54,bumi_malay,21.1
Pulau Pinang,1/1/2025,female,50-54,bumi_other,0.2
Pulau Pinang,1/1/2025,female,50-54,chinese,26
Pulau Pinang,1/1/2025,female,50-54,indian,5.4
Pulau Pinang,1/1/2025,female,50-54,other_citizen,0.5
Pulau Pinang,1/1/2025,female,50-54,other_noncitizen,1.1
Pulau Pinang,1/1/2025,female,55-59,overall,50.9
Pulau Pinang,1/1/2025,female,55-59,bumi_malay,18
Pulau Pinang,1/1/2025,female,55-59,bumi_other,0.1
Pulau Pinang,1/1/2025,female,55-59,chinese,26.5
Pulau Pinang,1/1/2025,female,55-59,indian,5.1
Pulau Pinang,1/1/2025,female,55-59,other_citizen,0.4
Pulau Pinang,1/1/2025,female,55-59,other_noncitizen,0.9
Pulau Pinang,1/1/2025,female,60-64,overall,43.5
Pulau Pinang,1/1/2025,female,60-64,bumi_malay,14.9
Pulau Pinang,1/1/2025,female,60-64,bumi_other,0.1
Pulau Pinang,1/1/2025,female,60-64,chinese,22.8
Pulau Pinang,1/1/2025,female,60-64,indian,4.7
Pulau Pinang,1/1/2025,female,60-64,other_citizen,0.3
Pulau Pinang,1/1/2025,female,60-64,other_noncitizen,0.7
Pulau Pinang,1/1/2025,female,65-69,overall,37.4
Pulau Pinang,1/1/2025,female,65-69,bumi_malay,12.2
Pulau Pinang,1/1/2025,female,65-69,bumi_other,0.1
Pulau Pinang,1/1/2025,female,65-69,chinese,20.5
Pulau Pinang,1/1/2025,female,65-69,indian,3.9
Pulau Pinang,1/1/2025,female,65-69,other_citizen,0.2
Pulau Pinang,1/1/2025,female,65-69,other_noncitizen,0.4
Pulau Pinang,1/1/2025,female,70-74,overall,23.8
Pulau Pinang,1/1/2025,female,70-74,bumi_malay,6.9
Pulau Pinang,1/1/2025,female,70-74,bumi_other,0
Pulau Pinang,1/1/2025,female,70-74,chinese,14.4
Pulau Pinang,1/1/2025,female,70-74,indian,2.1
Pulau Pinang,1/1/2025,female,70-74,other_citizen,0.1
Pulau Pinang,1/1/2025,female,70-74,other_noncitizen,0.3
Pulau Pinang,1/1/2025,female,75-79,overall,12.8
Pulau Pinang,1/1/2025,female,75-79,bumi_malay,2.9
Pulau Pinang,1/1/2025,female,75-79,bumi_other,0
Pulau Pinang,1/1/2025,female,75-79,chinese,8.6
Pulau Pinang,1/1/2025,female,75-79,indian,1
Pulau Pinang,1/1/2025,female,75-79,other_citizen,0.1
Pulau Pinang,1/1/2025,female,75-79,other_noncitizen,0.2
Pulau Pinang,1/1/2025,female,80-84,overall,5.2
Pulau Pinang,1/1/2025,female,80-84,bumi_malay,0.9
Pulau Pinang,1/1/2025,female,80-84,bumi_other,0
Pulau Pinang,1/1/2025,female,80-84,chinese,3.8
Pulau Pinang,1/1/2025,female,80-84,indian,0.4
Pulau Pinang,1/1/2025,female,80-84,other_citizen,0
Pulau Pinang,1/1/2025,female,80-84,other_noncitizen,0.1
Pulau Pinang,1/1/2025,female,85+,overall,1.4
Pulau Pinang,1/1/2025,female,85+,bumi_malay,0.1
Pulau Pinang,1/1/2025,female,85+,bumi_other,0
Pulau Pinang,1/1/2025,female,85+,chinese,1.2
Pulau Pinang,1/1/2025,female,85+,indian,0
Pulau Pinang,1/1/2025,female,85+,other_citizen,0
Pulau Pinang,1/1/2025,female,85+,other_noncitizen,0.1
Pulau Pinang,1/1/2025,male,overall,overall,924.7
Pulau Pinang,1/1/2025,male,overall,bumi_malay,376.3
Pulau Pinang,1/1/2025,male,overall,bumi_other,3.6
Pulau Pinang,1/1/2025,male,overall,chinese,357.9
Pulau Pinang,1/1/2025,male,overall,indian,77.5
Pulau Pinang,1/1/2025,male,overall,other_citizen,5.2
Pulau Pinang,1/1/2025,male,overall,other_noncitizen,104.1
Pulau Pinang,1/1/2025,male,0-4,overall,57
Pulau Pinang,1/1/2025,male,0-4,bumi_malay,29
Pulau Pinang,1/1/2025,male,0-4,bumi_other,0.3
Pulau Pinang,1/1/2025,male,0-4,chinese,10.9
Pulau Pinang,1/1/2025,male,0-4,indian,3.8
Pulau Pinang,1/1/2025,male,0-4,other_citizen,0.2
Pulau Pinang,1/1/2025,male,0-4,other_noncitizen,12.7
Pulau Pinang,1/1/2025,male,5-9,overall,57.3
Pulau Pinang,1/1/2025,male,5-9,bumi_malay,25.5
Pulau Pinang,1/1/2025,male,5-9,bumi_other,0.3
Pulau Pinang,1/1/2025,male,5-9,chinese,20.7
Pulau Pinang,1/1/2025,male,5-9,indian,4.8
Pulau Pinang,1/1/2025,male,5-9,other_citizen,0.4
Pulau Pinang,1/1/2025,male,5-9,other_noncitizen,5.6
Pulau Pinang,1/1/2025,male,10-14,overall,59.6
Pulau Pinang,1/1/2025,male,10-14,bumi_malay,26.1
Pulau Pinang,1/1/2025,male,10-14,bumi_other,0.3
Pulau Pinang,1/1/2025,male,10-14,chinese,25.9
Pulau Pinang,1/1/2025,male,10-14,indian,5.4
Pulau Pinang,1/1/2025,male,10-14,other_citizen,0.3
Pulau Pinang,1/1/2025,male,10-14,other_noncitizen,1.7
Pulau Pinang,1/1/2025,male,15-19,overall,62.8
Pulau Pinang,1/1/2025,male,15-19,bumi_malay,26
Pulau Pinang,1/1/2025,male,15-19,bumi_other,0.3
Pulau Pinang,1/1/2025,male,15-19,chinese,26.8
Pulau Pinang,1/1/2025,male,15-19,indian,6.5
Pulau Pinang,1/1/2025,male,15-19,other_citizen,0.4
Pulau Pinang,1/1/2025,male,15-19,other_noncitizen,2.8
Pulau Pinang,1/1/2025,male,20-24,overall,80.7
Pulau Pinang,1/1/2025,male,20-24,bumi_malay,31.4
Pulau Pinang,1/1/2025,male,20-24,bumi_other,0.3
Pulau Pinang,1/1/2025,male,20-24,chinese,24.1
Pulau Pinang,1/1/2025,male,20-24,indian,6.7
Pulau Pinang,1/1/2025,male,20-24,other_citizen,0.3
Pulau Pinang,1/1/2025,male,20-24,other_noncitizen,17.9
Pulau Pinang,1/1/2025,male,25-29,overall,95.7
Pulau Pinang,1/1/2025,male,25-29,bumi_malay,37.3
Pulau Pinang,1/1/2025,male,25-29,bumi_other,0.2
Pulau Pinang,1/1/2025,male,25-29,chinese,25.1
Pulau Pinang,1/1/2025,male,25-29,indian,6.7
Pulau Pinang,1/1/2025,male,25-29,other_citizen,0.6
Pulau Pinang,1/1/2025,male,25-29,other_noncitizen,25.8
Pulau Pinang,1/1/2025,male,30-34,overall,86.5
Pulau Pinang,1/1/2025,male,30-34,bumi_malay,35.3
Pulau Pinang,1/1/2025,male,30-34,bumi_other,0.4
Pulau Pinang,1/1/2025,male,30-34,chinese,28.4
Pulau Pinang,1/1/2025,male,30-34,indian,6.6
Pulau Pinang,1/1/2025,male,30-34,other_citizen,0.8
Pulau Pinang,1/1/2025,male,30-34,other_noncitizen,15.1
Pulau Pinang,1/1/2025,male,35-39,overall,73.5
Pulau Pinang,1/1/2025,male,35-39,bumi_malay,34.5
Pulau Pinang,1/1/2025,male,35-39,bumi_other,0.1
Pulau Pinang,1/1/2025,male,35-39,chinese,23.6
Pulau Pinang,1/1/2025,male,35-39,indian,5.9
Pulau Pinang,1/1/2025,male,35-39,other_citizen,0.4
Pulau Pinang,1/1/2025,male,35-39,other_noncitizen,9.1
Pulau Pinang,1/1/2025,male,40-44,overall,73
Pulau Pinang,1/1/2025,male,40-44,bumi_malay,33.4
Pulau Pinang,1/1/2025,male,40-44,bumi_other,0.4
Pulau Pinang,1/1/2025,male,40-44,chinese,26.9
Pulau Pinang,1/1/2025,male,40-44,indian,6.6
Pulau Pinang,1/1/2025,male,40-44,other_citizen,0.3
Pulau Pinang,1/1/2025,male,40-44,other_noncitizen,5.4
Pulau Pinang,1/1/2025,male,45-49,overall,59
Pulau Pinang,1/1/2025,male,45-49,bumi_malay,23.9
Pulau Pinang,1/1/2025,male,45-49,bumi_other,0.3
Pulau Pinang,1/1/2025,male,45-49,chinese,26.5
Pulau Pinang,1/1/2025,male,45-49,indian,5.3
Pulau Pinang,1/1/2025,male,45-49,other_citizen,0.4
Pulau Pinang,1/1/2025,male,45-49,other_noncitizen,2.5
Pulau Pinang,1/1/2025,male,50-54,overall,55.9
Pulau Pinang,1/1/2025,male,50-54,bumi_malay,21.8
Pulau Pinang,1/1/2025,male,50-54,bumi_other,0.3
Pulau Pinang,1/1/2025,male,50-54,chinese,26.5
Pulau Pinang,1/1/2025,male,50-54,indian,5
Pulau Pinang,1/1/2025,male,50-54,other_citizen,0.3
Pulau Pinang,1/1/2025,male,50-54,other_noncitizen,2.1
Pulau Pinang,1/1/2025,male,55-59,overall,49.7
Pulau Pinang,1/1/2025,male,55-59,bumi_malay,17.8
Pulau Pinang,1/1/2025,male,55-59,bumi_other,0.2
Pulau Pinang,1/1/2025,male,55-59,chinese,25.8
Pulau Pinang,1/1/2025,male,55-59,indian,4.3
Pulau Pinang,1/1/2025,male,55-59,other_citizen,0.3
Pulau Pinang,1/1/2025,male,55-59,other_noncitizen,1.4
Pulau Pinang,1/1/2025,male,60-64,overall,42.5
Pulau Pinang,1/1/2025,male,60-64,bumi_malay,14.1
Pulau Pinang,1/1/2025,male,60-64,bumi_other,0.1
Pulau Pinang,1/1/2025,male,60-64,chinese,23.1
Pulau Pinang,1/1/2025,male,60-64,indian,4
Pulau Pinang,1/1/2025,male,60-64,other_citizen,0.2
Pulau Pinang,1/1/2025,male,60-64,other_noncitizen,1.1
Pulau Pinang,1/1/2025,male,65-69,overall,35.1
Pulau Pinang,1/1/2025,male,65-69,bumi_malay,10.9
Pulau Pinang,1/1/2025,male,65-69,bumi_other,0.1
Pulau Pinang,1/1/2025,male,65-69,chinese,20.4
Pulau Pinang,1/1/2025,male,65-69,indian,3.1
Pulau Pinang,1/1/2025,male,65-69,other_citizen,0.3
Pulau Pinang,1/1/2025,male,65-69,other_noncitizen,0.4
Pulau Pinang,1/1/2025,male,70-74,overall,20.9
Pulau Pinang,1/1/2025,male,70-74,bumi_malay,6.1
Pulau Pinang,1/1/2025,male,70-74,bumi_other,0.1
Pulau Pinang,1/1/2025,male,70-74,chinese,12.6
Pulau Pinang,1/1/2025,male,70-74,indian,1.8
Pulau Pinang,1/1/2025,male,70-74,other_citizen,0.1
Pulau Pinang,1/1/2025,male,70-74,other_noncitizen,0.3
Pulau Pinang,1/1/2025,male,75-79,overall,10.7
Pulau Pinang,1/1/2025,male,75-79,bumi_malay,2.5
Pulau Pinang,1/1/2025,male,75-79,bumi_other,0
Pulau Pinang,1/1/2025,male,75-79,chinese,7.2
Pulau Pinang,1/1/2025,male,75-79,indian,0.7
Pulau Pinang,1/1/2025,male,75-79,other_citizen,0.1
Pulau Pinang,1/1/2025,male,75-79,other_noncitizen,0.2
Pulau Pinang,1/1/2025,male,80-84,overall,3.9
Pulau Pinang,1/1/2025,male,80-84,bumi_malay,0.7
Pulau Pinang,1/1/2025,male,80-84,bumi_other,0
Pulau Pinang,1/1/2025,male,80-84,chinese,2.8
Pulau Pinang,1/1/2025,male,80-84,indian,0.3
Pulau Pinang,1/1/2025,male,80-84,other_citizen,0
Pulau Pinang,1/1/2025,male,80-84,other_noncitizen,0.1
Pulau Pinang,1/1/2025,male,85+,overall,0.8
Pulau Pinang,1/1/2025,male,85+,bumi_malay,0.1
Pulau Pinang,1/1/2025,male,85+,bumi_other,0
Pulau Pinang,1/1/2025,male,85+,chinese,0.6
Pulau Pinang,1/1/2025,male,85+,indian,0
Pulau Pinang,1/1/2025,male,85+,other_citizen,0
Pulau Pinang,1/1/2025,male,85+,other_noncitizen,0
Sabah,1/1/2025,both,overall,overall,3759.6
Sabah,1/1/2025,both,overall,bumi_malay,331.1
Sabah,1/1/2025,both,overall,bumi_other,2094.3
Sabah,1/1/2025,both,overall,chinese,242.1
Sabah,1/1/2025,both,overall,indian,5.9
Sabah,1/1/2025,both,overall,other_citizen,46
Sabah,1/1/2025,both,overall,other_noncitizen,1040.2
Sabah,1/1/2025,both,0-4,overall,287.2
Sabah,1/1/2025,both,0-4,bumi_malay,37.3
Sabah,1/1/2025,both,0-4,bumi_other,140.7
Sabah,1/1/2025,both,0-4,chinese,5.7
Sabah,1/1/2025,both,0-4,indian,0.3
Sabah,1/1/2025,both,0-4,other_citizen,7.8
Sabah,1/1/2025,both,0-4,other_noncitizen,95.4
Sabah,1/1/2025,both,5-9,overall,308.5
Sabah,1/1/2025,both,5-9,bumi_malay,29
Sabah,1/1/2025,both,5-9,bumi_other,169.9
Sabah,1/1/2025,both,5-9,chinese,14.1
Sabah,1/1/2025,both,5-9,indian,0.5
Sabah,1/1/2025,both,5-9,other_citizen,3
Sabah,1/1/2025,both,5-9,other_noncitizen,92.1
Sabah,1/1/2025,both,10-14,overall,271.7
Sabah,1/1/2025,both,10-14,bumi_malay,29.4
Sabah,1/1/2025,both,10-14,bumi_other,155.6
Sabah,1/1/2025,both,10-14,chinese,18.8
Sabah,1/1/2025,both,10-14,indian,0.5
Sabah,1/1/2025,both,10-14,other_citizen,3.8
Sabah,1/1/2025,both,10-14,other_noncitizen,63.6
Sabah,1/1/2025,both,15-19,overall,398.7
Sabah,1/1/2025,both,15-19,bumi_malay,26
Sabah,1/1/2025,both,15-19,bumi_other,219.9
Sabah,1/1/2025,both,15-19,chinese,30.2
Sabah,1/1/2025,both,15-19,indian,0.5
Sabah,1/1/2025,both,15-19,other_citizen,3.2
Sabah,1/1/2025,both,15-19,other_noncitizen,119
Sabah,1/1/2025,both,20-24,overall,402.6
Sabah,1/1/2025,both,20-24,bumi_malay,46.2
Sabah,1/1/2025,both,20-24,bumi_other,190.5
Sabah,1/1/2025,both,20-24,chinese,16.5
Sabah,1/1/2025,both,20-24,indian,0.6
Sabah,1/1/2025,both,20-24,other_citizen,3.3
Sabah,1/1/2025,both,20-24,other_noncitizen,145.6
Sabah,1/1/2025,both,25-29,overall,398.2
Sabah,1/1/2025,both,25-29,bumi_malay,20.7
Sabah,1/1/2025,both,25-29,bumi_other,188.7
Sabah,1/1/2025,both,25-29,chinese,18.9
Sabah,1/1/2025,both,25-29,indian,0.6
Sabah,1/1/2025,both,25-29,other_citizen,3.2
Sabah,1/1/2025,both,25-29,other_noncitizen,166.2
Sabah,1/1/2025,both,30-34,overall,342.8
Sabah,1/1/2025,both,30-34,bumi_malay,22.1
Sabah,1/1/2025,both,30-34,bumi_other,195.3
Sabah,1/1/2025,both,30-34,chinese,20.4
Sabah,1/1/2025,both,30-34,indian,0.6
Sabah,1/1/2025,both,30-34,other_citizen,3.6
Sabah,1/1/2025,both,30-34,other_noncitizen,100.7
Sabah,1/1/2025,both,35-39,overall,301.7
Sabah,1/1/2025,both,35-39,bumi_malay,28.7
Sabah,1/1/2025,both,35-39,bumi_other,170.2
Sabah,1/1/2025,both,35-39,chinese,20.1
Sabah,1/1/2025,both,35-39,indian,0.5
Sabah,1/1/2025,both,35-39,other_citizen,3.5
Sabah,1/1/2025,both,35-39,other_noncitizen,78.6
Sabah,1/1/2025,both,40-44,overall,264.8
Sabah,1/1/2025,both,40-44,bumi_malay,24.9
Sabah,1/1/2025,both,40-44,bumi_other,162.5
Sabah,1/1/2025,both,40-44,chinese,20.5
Sabah,1/1/2025,both,40-44,indian,0.4
Sabah,1/1/2025,both,40-44,other_citizen,3.5
Sabah,1/1/2025,both,40-44,other_noncitizen,52.8
Sabah,1/1/2025,both,45-49,overall,181.5
Sabah,1/1/2025,both,45-49,bumi_malay,16.7
Sabah,1/1/2025,both,45-49,bumi_other,112.1
Sabah,1/1/2025,both,45-49,chinese,16.1
Sabah,1/1/2025,both,45-49,indian,0.3
Sabah,1/1/2025,both,45-49,other_citizen,2.8
Sabah,1/1/2025,both,45-49,other_noncitizen,33.5
Sabah,1/1/2025,both,50-54,overall,146.6
Sabah,1/1/2025,both,50-54,bumi_malay,13.1
Sabah,1/1/2025,both,50-54,bumi_other,95.6
Sabah,1/1/2025,both,50-54,chinese,14.3
Sabah,1/1/2025,both,50-54,indian,0.2
Sabah,1/1/2025,both,50-54,other_citizen,2.4
Sabah,1/1/2025,both,50-54,other_noncitizen,21
Sabah,1/1/2025,both,55-59,overall,118.9
Sabah,1/1/2025,both,55-59,bumi_malay,10.1
Sabah,1/1/2025,both,55-59,bumi_other,81.9
Sabah,1/1/2025,both,55-59,chinese,13.4
Sabah,1/1/2025,both,55-59,indian,0.2
Sabah,1/1/2025,both,55-59,other_citizen,1.8
Sabah,1/1/2025,both,55-59,other_noncitizen,11.5
Sabah,1/1/2025,both,60-64,overall,96.6
Sabah,1/1/2025,both,60-64,bumi_malay,8.7
Sabah,1/1/2025,both,60-64,bumi_other,65.9
Sabah,1/1/2025,both,60-64,chinese,13.4
Sabah,1/1/2025,both,60-64,indian,0.2
Sabah,1/1/2025,both,60-64,other_citizen,1.3
Sabah,1/1/2025,both,60-64,other_noncitizen,7.1
Sabah,1/1/2025,both,65-69,overall,96
Sabah,1/1/2025,both,65-69,bumi_malay,4.8
Sabah,1/1/2025,both,65-69,bumi_other,53.2
Sabah,1/1/2025,both,65-69,chinese,11.1
Sabah,1/1/2025,both,65-69,indian,0.2
Sabah,1/1/2025,both,65-69,other_citizen,1
Sabah,1/1/2025,both,65-69,other_noncitizen,25.8
Sabah,1/1/2025,both,70-74,overall,71.2
Sabah,1/1/2025,both,70-74,bumi_malay,8.1
Sabah,1/1/2025,both,70-74,bumi_other,45.3
Sabah,1/1/2025,both,70-74,chinese,4.9
Sabah,1/1/2025,both,70-74,indian,0.2
Sabah,1/1/2025,both,70-74,other_citizen,0.9
Sabah,1/1/2025,both,70-74,other_noncitizen,11.9
Sabah,1/1/2025,both,75-79,overall,35.8
Sabah,1/1/2025,both,75-79,bumi_malay,3.5
Sabah,1/1/2025,both,75-79,bumi_other,23
Sabah,1/1/2025,both,75-79,chinese,2.7
Sabah,1/1/2025,both,75-79,indian,0.1
Sabah,1/1/2025,both,75-79,other_citizen,0.5
Sabah,1/1/2025,both,75-79,other_noncitizen,6
Sabah,1/1/2025,both,80-84,overall,19.9
Sabah,1/1/2025,both,80-84,bumi_malay,1.6
Sabah,1/1/2025,both,80-84,bumi_other,13.2
Sabah,1/1/2025,both,80-84,chinese,1
Sabah,1/1/2025,both,80-84,indian,0
Sabah,1/1/2025,both,80-84,other_citizen,0.3
Sabah,1/1/2025,both,80-84,other_noncitizen,3.8
Sabah,1/1/2025,both,85+,overall,16.9
Sabah,1/1/2025,both,85+,bumi_malay,0.3
Sabah,1/1/2025,both,85+,bumi_other,10.7
Sabah,1/1/2025,both,85+,chinese,0.1
Sabah,1/1/2025,both,85+,indian,0
Sabah,1/1/2025,both,85+,other_citizen,0.1
Sabah,1/1/2025,both,85+,other_noncitizen,5.7
Sabah,1/1/2025,female,overall,overall,1796.7
Sabah,1/1/2025,female,overall,bumi_malay,146.2
Sabah,1/1/2025,female,overall,bumi_other,1040.9
Sabah,1/1/2025,female,overall,chinese,115.1
Sabah,1/1/2025,female,overall,indian,2.7
Sabah,1/1/2025,female,overall,other_citizen,22.5
Sabah,1/1/2025,female,overall,other_noncitizen,469.4
Sabah,1/1/2025,female,0-4,overall,138.9
Sabah,1/1/2025,female,0-4,bumi_malay,18.1
Sabah,1/1/2025,female,0-4,bumi_other,67.7
Sabah,1/1/2025,female,0-4,chinese,2.7
Sabah,1/1/2025,female,0-4,indian,0.2
Sabah,1/1/2025,female,0-4,other_citizen,3.8
Sabah,1/1/2025,female,0-4,other_noncitizen,46.4
Sabah,1/1/2025,female,5-9,overall,147.8
Sabah,1/1/2025,female,5-9,bumi_malay,13.6
Sabah,1/1/2025,female,5-9,bumi_other,81
Sabah,1/1/2025,female,5-9,chinese,6.8
Sabah,1/1/2025,female,5-9,indian,0.2
Sabah,1/1/2025,female,5-9,other_citizen,1.4
Sabah,1/1/2025,female,5-9,other_noncitizen,44.7
Sabah,1/1/2025,female,10-14,overall,132.8
Sabah,1/1/2025,female,10-14,bumi_malay,14
Sabah,1/1/2025,female,10-14,bumi_other,76.2
Sabah,1/1/2025,female,10-14,chinese,9
Sabah,1/1/2025,female,10-14,indian,0.3
Sabah,1/1/2025,female,10-14,other_citizen,1.9
Sabah,1/1/2025,female,10-14,other_noncitizen,31.5
Sabah,1/1/2025,female,15-19,overall,189.3
Sabah,1/1/2025,female,15-19,bumi_malay,12.5
Sabah,1/1/2025,female,15-19,bumi_other,107.7
Sabah,1/1/2025,female,15-19,chinese,14.2
Sabah,1/1/2025,female,15-19,indian,0.2
Sabah,1/1/2025,female,15-19,other_citizen,1.5
Sabah,1/1/2025,female,15-19,other_noncitizen,53.1
Sabah,1/1/2025,female,20-24,overall,186.8
Sabah,1/1/2025,female,20-24,bumi_malay,17.8
Sabah,1/1/2025,female,20-24,bumi_other,92.3
Sabah,1/1/2025,female,20-24,chinese,7.5
Sabah,1/1/2025,female,20-24,indian,0.3
Sabah,1/1/2025,female,20-24,other_citizen,1.6
Sabah,1/1/2025,female,20-24,other_noncitizen,67.4
Sabah,1/1/2025,female,25-29,overall,186.9
Sabah,1/1/2025,female,25-29,bumi_malay,8.3
Sabah,1/1/2025,female,25-29,bumi_other,93.8
Sabah,1/1/2025,female,25-29,chinese,9.1
Sabah,1/1/2025,female,25-29,indian,0.2
Sabah,1/1/2025,female,25-29,other_citizen,1.6
Sabah,1/1/2025,female,25-29,other_noncitizen,73.9
Sabah,1/1/2025,female,30-34,overall,160.8
Sabah,1/1/2025,female,30-34,bumi_malay,8.9
Sabah,1/1/2025,female,30-34,bumi_other,99.7
Sabah,1/1/2025,female,30-34,chinese,9.8
Sabah,1/1/2025,female,30-34,indian,0.3
Sabah,1/1/2025,female,30-34,other_citizen,1.8
Sabah,1/1/2025,female,30-34,other_noncitizen,40.3
Sabah,1/1/2025,female,35-39,overall,146.7
Sabah,1/1/2025,female,35-39,bumi_malay,12.3
Sabah,1/1/2025,female,35-39,bumi_other,89.5
Sabah,1/1/2025,female,35-39,chinese,9.9
Sabah,1/1/2025,female,35-39,indian,0.2
Sabah,1/1/2025,female,35-39,other_citizen,1.8
Sabah,1/1/2025,female,35-39,other_noncitizen,33
Sabah,1/1/2025,female,40-44,overall,126.5
Sabah,1/1/2025,female,40-44,bumi_malay,10.1
Sabah,1/1/2025,female,40-44,bumi_other,82.5
Sabah,1/1/2025,female,40-44,chinese,9.8
Sabah,1/1/2025,female,40-44,indian,0.2
Sabah,1/1/2025,female,40-44,other_citizen,1.8
Sabah,1/1/2025,female,40-44,other_noncitizen,22
Sabah,1/1/2025,female,45-49,overall,86.9
Sabah,1/1/2025,female,45-49,bumi_malay,6.9
Sabah,1/1/2025,female,45-49,bumi_other,57.4
Sabah,1/1/2025,female,45-49,chinese,7.6
Sabah,1/1/2025,female,45-49,indian,0.1
Sabah,1/1/2025,female,45-49,other_citizen,1.5
Sabah,1/1/2025,female,45-49,other_noncitizen,13.4
Sabah,1/1/2025,female,50-54,overall,70.9
Sabah,1/1/2025,female,50-54,bumi_malay,5.1
Sabah,1/1/2025,female,50-54,bumi_other,49.5
Sabah,1/1/2025,female,50-54,chinese,6.6
Sabah,1/1/2025,female,50-54,indian,0.1
Sabah,1/1/2025,female,50-54,other_citizen,1.2
Sabah,1/1/2025,female,50-54,other_noncitizen,8.4
Sabah,1/1/2025,female,55-59,overall,57.7
Sabah,1/1/2025,female,55-59,bumi_malay,3.8
Sabah,1/1/2025,female,55-59,bumi_other,41.4
Sabah,1/1/2025,female,55-59,chinese,6.3
Sabah,1/1/2025,female,55-59,indian,0.1
Sabah,1/1/2025,female,55-59,other_citizen,0.8
Sabah,1/1/2025,female,55-59,other_noncitizen,5.3
Sabah,1/1/2025,female,60-64,overall,46.8
Sabah,1/1/2025,female,60-64,bumi_malay,3.3
Sabah,1/1/2025,female,60-64,bumi_other,33.7
Sabah,1/1/2025,female,60-64,chinese,6.1
Sabah,1/1/2025,female,60-64,indian,0.1
Sabah,1/1/2025,female,60-64,other_citizen,0.6
Sabah,1/1/2025,female,60-64,other_noncitizen,3
Sabah,1/1/2025,female,65-69,overall,46.3
Sabah,1/1/2025,female,65-69,bumi_malay,1.9
Sabah,1/1/2025,female,65-69,bumi_other,25.6
Sabah,1/1/2025,female,65-69,chinese,5.1
Sabah,1/1/2025,female,65-69,indian,0.1
Sabah,1/1/2025,female,65-69,other_citizen,0.5
Sabah,1/1/2025,female,65-69,other_noncitizen,13.2
Sabah,1/1/2025,female,70-74,overall,34.6
Sabah,1/1/2025,female,70-74,bumi_malay,5.4
Sabah,1/1/2025,female,70-74,bumi_other,21
Sabah,1/1/2025,female,70-74,chinese,2.5
Sabah,1/1/2025,female,70-74,indian,0.1
Sabah,1/1/2025,female,70-74,other_citizen,0.4
Sabah,1/1/2025,female,70-74,other_noncitizen,5.3
Sabah,1/1/2025,female,75-79,overall,18.5
Sabah,1/1/2025,female,75-79,bumi_malay,2.6
Sabah,1/1/2025,female,75-79,bumi_other,11.4
Sabah,1/1/2025,female,75-79,chinese,1.5
Sabah,1/1/2025,female,75-79,indian,0
Sabah,1/1/2025,female,75-79,other_citizen,0.2
Sabah,1/1/2025,female,75-79,other_noncitizen,2.8
Sabah,1/1/2025,female,80-84,overall,10.7
Sabah,1/1/2025,female,80-84,bumi_malay,1.2
Sabah,1/1/2025,female,80-84,bumi_other,6.3
Sabah,1/1/2025,female,80-84,chinese,0.6
Sabah,1/1/2025,female,80-84,indian,0
Sabah,1/1/2025,female,80-84,other_citizen,0.1
Sabah,1/1/2025,female,80-84,other_noncitizen,2.4
Sabah,1/1/2025,female,85+,overall,7.9
Sabah,1/1/2025,female,85+,bumi_malay,0.2
Sabah,1/1/2025,female,85+,bumi_other,4.3
Sabah,1/1/2025,female,85+,chinese,0
Sabah,1/1/2025,female,85+,indian,0
Sabah,1/1/2025,female,85+,other_citizen,0.1
Sabah,1/1/2025,female,85+,other_noncitizen,3.3
Sabah,1/1/2025,male,overall,overall,1962.9
Sabah,1/1/2025,male,overall,bumi_malay,185
Sabah,1/1/2025,male,overall,bumi_other,1053.4
Sabah,1/1/2025,male,overall,chinese,127.1
Sabah,1/1/2025,male,overall,indian,3.3
Sabah,1/1/2025,male,overall,other_citizen,23.4
Sabah,1/1/2025,male,overall,other_noncitizen,570.8
Sabah,1/1/2025,male,0-4,overall,148.3
Sabah,1/1/2025,male,0-4,bumi_malay,19.3
Sabah,1/1/2025,male,0-4,bumi_other,73
Sabah,1/1/2025,male,0-4,chinese,2.9
Sabah,1/1/2025,male,0-4,indian,0.2
Sabah,1/1/2025,male,0-4,other_citizen,4
Sabah,1/1/2025,male,0-4,other_noncitizen,49
Sabah,1/1/2025,male,5-9,overall,160.8
Sabah,1/1/2025,male,5-9,bumi_malay,15.3
Sabah,1/1/2025,male,5-9,bumi_other,88.9
Sabah,1/1/2025,male,5-9,chinese,7.2
Sabah,1/1/2025,male,5-9,indian,0.2
Sabah,1/1/2025,male,5-9,other_citizen,1.6
Sabah,1/1/2025,male,5-9,other_noncitizen,47.5
Sabah,1/1/2025,male,10-14,overall,138.9
Sabah,1/1/2025,male,10-14,bumi_malay,15.3
Sabah,1/1/2025,male,10-14,bumi_other,79.5
Sabah,1/1/2025,male,10-14,chinese,9.8
Sabah,1/1/2025,male,10-14,indian,0.3
Sabah,1/1/2025,male,10-14,other_citizen,2
Sabah,1/1/2025,male,10-14,other_noncitizen,32
Sabah,1/1/2025,male,15-19,overall,209.4
Sabah,1/1/2025,male,15-19,bumi_malay,13.5
Sabah,1/1/2025,male,15-19,bumi_other,112.2
Sabah,1/1/2025,male,15-19,chinese,15.9
Sabah,1/1/2025,male,15-19,indian,0.2
Sabah,1/1/2025,male,15-19,other_citizen,1.7
Sabah,1/1/2025,male,15-19,other_noncitizen,65.9
Sabah,1/1/2025,male,20-24,overall,215.8
Sabah,1/1/2025,male,20-24,bumi_malay,28.4
Sabah,1/1/2025,male,20-24,bumi_other,98.2
Sabah,1/1/2025,male,20-24,chinese,9
Sabah,1/1/2025,male,20-24,indian,0.3
Sabah,1/1/2025,male,20-24,other_citizen,1.7
Sabah,1/1/2025,male,20-24,other_noncitizen,78.2
Sabah,1/1/2025,male,25-29,overall,211.3
Sabah,1/1/2025,male,25-29,bumi_malay,12.4
Sabah,1/1/2025,male,25-29,bumi_other,94.9
Sabah,1/1/2025,male,25-29,chinese,9.8
Sabah,1/1/2025,male,25-29,indian,0.3
Sabah,1/1/2025,male,25-29,other_citizen,1.6
Sabah,1/1/2025,male,25-29,other_noncitizen,92.3
Sabah,1/1/2025,male,30-34,overall,182
Sabah,1/1/2025,male,30-34,bumi_malay,13.2
Sabah,1/1/2025,male,30-34,bumi_other,95.6
Sabah,1/1/2025,male,30-34,chinese,10.6
Sabah,1/1/2025,male,30-34,indian,0.3
Sabah,1/1/2025,male,30-34,other_citizen,1.8
Sabah,1/1/2025,male,30-34,other_noncitizen,60.4
Sabah,1/1/2025,male,35-39,overall,155
Sabah,1/1/2025,male,35-39,bumi_malay,16.4
Sabah,1/1/2025,male,35-39,bumi_other,80.7
Sabah,1/1/2025,male,35-39,chinese,10.3
Sabah,1/1/2025,male,35-39,indian,0.3
Sabah,1/1/2025,male,35-39,other_citizen,1.7
Sabah,1/1/2025,male,35-39,other_noncitizen,45.7
Sabah,1/1/2025,male,40-44,overall,138.3
Sabah,1/1/2025,male,40-44,bumi_malay,14.8
Sabah,1/1/2025,male,40-44,bumi_other,80
Sabah,1/1/2025,male,40-44,chinese,10.7
Sabah,1/1/2025,male,40-44,indian,0.2
Sabah,1/1/2025,male,40-44,other_citizen,1.7
Sabah,1/1/2025,male,40-44,other_noncitizen,30.8
Sabah,1/1/2025,male,45-49,overall,94.6
Sabah,1/1/2025,male,45-49,bumi_malay,9.8
Sabah,1/1/2025,male,45-49,bumi_other,54.7
Sabah,1/1/2025,male,45-49,chinese,8.6
Sabah,1/1/2025,male,45-49,indian,0.2
Sabah,1/1/2025,male,45-49,other_citizen,1.4
Sabah,1/1/2025,male,45-49,other_noncitizen,20.1
Sabah,1/1/2025,male,50-54,overall,75.8
Sabah,1/1/2025,male,50-54,bumi_malay,8
Sabah,1/1/2025,male,50-54,bumi_other,46.2
Sabah,1/1/2025,male,50-54,chinese,7.7
Sabah,1/1/2025,male,50-54,indian,0.1
Sabah,1/1/2025,male,50-54,other_citizen,1.2
Sabah,1/1/2025,male,50-54,other_noncitizen,12.6
Sabah,1/1/2025,male,55-59,overall,61.1
Sabah,1/1/2025,male,55-59,bumi_malay,6.3
Sabah,1/1/2025,male,55-59,bumi_other,40.5
Sabah,1/1/2025,male,55-59,chinese,7
Sabah,1/1/2025,male,55-59,indian,0.1
Sabah,1/1/2025,male,55-59,other_citizen,0.9
Sabah,1/1/2025,male,55-59,other_noncitizen,6.2
Sabah,1/1/2025,male,60-64,overall,49.7
Sabah,1/1/2025,male,60-64,bumi_malay,5.4
Sabah,1/1/2025,male,60-64,bumi_other,32.2
Sabah,1/1/2025,male,60-64,chinese,7.3
Sabah,1/1/2025,male,60-64,indian,0.1
Sabah,1/1/2025,male,60-64,other_citizen,0.7
Sabah,1/1/2025,male,60-64,other_noncitizen,4
Sabah,1/1/2025,male,65-69,overall,49.7
Sabah,1/1/2025,male,65-69,bumi_malay,2.9
Sabah,1/1/2025,male,65-69,bumi_other,27.6
Sabah,1/1/2025,male,65-69,chinese,6
Sabah,1/1/2025,male,65-69,indian,0.1
Sabah,1/1/2025,male,65-69,other_citizen,0.6
Sabah,1/1/2025,male,65-69,other_noncitizen,12.6
Sabah,1/1/2025,male,70-74,overall,36.6
Sabah,1/1/2025,male,70-74,bumi_malay,2.7
Sabah,1/1/2025,male,70-74,bumi_other,24.4
Sabah,1/1/2025,male,70-74,chinese,2.4
Sabah,1/1/2025,male,70-74,indian,0.1
Sabah,1/1/2025,male,70-74,other_citizen,0.5
Sabah,1/1/2025,male,70-74,other_noncitizen,6.6
Sabah,1/1/2025,male,75-79,overall,17.3
Sabah,1/1/2025,male,75-79,bumi_malay,0.9
Sabah,1/1/2025,male,75-79,bumi_other,11.6
Sabah,1/1/2025,male,75-79,chinese,1.3
Sabah,1/1/2025,male,75-79,indian,0
Sabah,1/1/2025,male,75-79,other_citizen,0.3
Sabah,1/1/2025,male,75-79,other_noncitizen,3.2
Sabah,1/1/2025,male,80-84,overall,9.2
Sabah,1/1/2025,male,80-84,bumi_malay,0.3
Sabah,1/1/2025,male,80-84,bumi_other,6.9
Sabah,1/1/2025,male,80-84,chinese,0.4
Sabah,1/1/2025,male,80-84,indian,0
Sabah,1/1/2025,male,80-84,other_citizen,0.1
Sabah,1/1/2025,male,80-84,other_noncitizen,1.4
Sabah,1/1/2025,male,85+,overall,9
Sabah,1/1/2025,male,85+,bumi_malay,0.1
Sabah,1/1/2025,male,85+,bumi_other,6.4
Sabah,1/1/2025,male,85+,chinese,0
Sabah,1/1/2025,male,85+,indian,0
Sabah,1/1/2025,male,85+,other_citizen,0.1
Sabah,1/1/2025,male,85+,other_noncitizen,2.4
Sarawak,1/1/2025,both,overall,overall,2529.8
Sarawak,1/1/2025,both,overall,bumi_malay,608.3
Sarawak,1/1/2025,both,overall,bumi_other,1225.1
Sarawak,1/1/2025,both,overall,chinese,558
Sarawak,1/1/2025,both,overall,indian,5
Sarawak,1/1/2025,both,overall,other_citizen,6.6
Sarawak,1/1/2025,both,overall,other_noncitizen,126.8
Sarawak,1/1/2025,both,0-4,overall,158.5
Sarawak,1/1/2025,both,0-4,bumi_malay,45.9
Sarawak,1/1/2025,both,0-4,bumi_other,84.3
Sarawak,1/1/2025,both,0-4,chinese,24.2
Sarawak,1/1/2025,both,0-4,indian,0.2
Sarawak,1/1/2025,both,0-4,other_citizen,0.4
Sarawak,1/1/2025,both,0-4,other_noncitizen,3.4
Sarawak,1/1/2025,both,5-9,overall,156.3
Sarawak,1/1/2025,both,5-9,bumi_malay,46.8
Sarawak,1/1/2025,both,5-9,bumi_other,77
Sarawak,1/1/2025,both,5-9,chinese,27.8
Sarawak,1/1/2025,both,5-9,indian,0.2
Sarawak,1/1/2025,both,5-9,other_citizen,0.3
Sarawak,1/1/2025,both,5-9,other_noncitizen,4.1
Sarawak,1/1/2025,both,10-14,overall,180.4
Sarawak,1/1/2025,both,10-14,bumi_malay,48.5
Sarawak,1/1/2025,both,10-14,bumi_other,93.1
Sarawak,1/1/2025,both,10-14,chinese,35.9
Sarawak,1/1/2025,both,10-14,indian,0.3
Sarawak,1/1/2025,both,10-14,other_citizen,0.4
Sarawak,1/1/2025,both,10-14,other_noncitizen,2.3
Sarawak,1/1/2025,both,15-19,overall,200.7
Sarawak,1/1/2025,both,15-19,bumi_malay,53
Sarawak,1/1/2025,both,15-19,bumi_other,104.6
Sarawak,1/1/2025,both,15-19,chinese,39.7
Sarawak,1/1/2025,both,15-19,indian,0.3
Sarawak,1/1/2025,both,15-19,other_citizen,0.3
Sarawak,1/1/2025,both,15-19,other_noncitizen,2.9
Sarawak,1/1/2025,both,20-24,overall,221.2
Sarawak,1/1/2025,both,20-24,bumi_malay,56.6
Sarawak,1/1/2025,both,20-24,bumi_other,107.1
Sarawak,1/1/2025,both,20-24,chinese,44
Sarawak,1/1/2025,both,20-24,indian,0.3
Sarawak,1/1/2025,both,20-24,other_citizen,0.3
Sarawak,1/1/2025,both,20-24,other_noncitizen,12.9
Sarawak,1/1/2025,both,25-29,overall,221.9
Sarawak,1/1/2025,both,25-29,bumi_malay,56.6
Sarawak,1/1/2025,both,25-29,bumi_other,97.3
Sarawak,1/1/2025,both,25-29,chinese,41.4
Sarawak,1/1/2025,both,25-29,indian,0.8
Sarawak,1/1/2025,both,25-29,other_citizen,0.6
Sarawak,1/1/2025,both,25-29,other_noncitizen,25.2
Sarawak,1/1/2025,both,30-34,overall,221.2
Sarawak,1/1/2025,both,30-34,bumi_malay,52.2
Sarawak,1/1/2025,both,30-34,bumi_other,101.2
Sarawak,1/1/2025,both,30-34,chinese,40.8
Sarawak,1/1/2025,both,30-34,indian,0.5
Sarawak,1/1/2025,both,30-34,other_citizen,0.8
Sarawak,1/1/2025,both,30-34,other_noncitizen,25.6
Sarawak,1/1/2025,both,35-39,overall,204.8
Sarawak,1/1/2025,both,35-39,bumi_malay,47.6
Sarawak,1/1/2025,both,35-39,bumi_other,93.4
Sarawak,1/1/2025,both,35-39,chinese,41.2
Sarawak,1/1/2025,both,35-39,indian,0.5
Sarawak,1/1/2025,both,35-39,other_citizen,0.9
Sarawak,1/1/2025,both,35-39,other_noncitizen,21.2
Sarawak,1/1/2025,both,40-44,overall,180.2
Sarawak,1/1/2025,both,40-44,bumi_malay,40.6
Sarawak,1/1/2025,both,40-44,bumi_other,83
Sarawak,1/1/2025,both,40-44,chinese,40.1
Sarawak,1/1/2025,both,40-44,indian,0.3
Sarawak,1/1/2025,both,40-44,other_citizen,0.8
Sarawak,1/1/2025,both,40-44,other_noncitizen,15.3
Sarawak,1/1/2025,both,45-49,overall,154.6
Sarawak,1/1/2025,both,45-49,bumi_malay,34.1
Sarawak,1/1/2025,both,45-49,bumi_other,74
Sarawak,1/1/2025,both,45-49,chinese,37.3
Sarawak,1/1/2025,both,45-49,indian,0.3
Sarawak,1/1/2025,both,45-49,other_citizen,0.6
Sarawak,1/1/2025,both,45-49,other_noncitizen,8.3
Sarawak,1/1/2025,both,50-54,overall,144.4
Sarawak,1/1/2025,both,50-54,bumi_malay,31
Sarawak,1/1/2025,both,50-54,bumi_other,73.8
Sarawak,1/1/2025,both,50-54,chinese,35.9
Sarawak,1/1/2025,both,50-54,indian,0.2
Sarawak,1/1/2025,both,50-54,other_citizen,0.4
Sarawak,1/1/2025,both,50-54,other_noncitizen,2.9
Sarawak,1/1/2025,both,55-59,overall,132
Sarawak,1/1/2025,both,55-59,bumi_malay,28.4
Sarawak,1/1/2025,both,55-59,bumi_other,67.8
Sarawak,1/1/2025,both,55-59,chinese,34.2
Sarawak,1/1/2025,both,55-59,indian,0.2
Sarawak,1/1/2025,both,55-59,other_citizen,0.2
Sarawak,1/1/2025,both,55-59,other_noncitizen,1.2
Sarawak,1/1/2025,both,60-64,overall,122
Sarawak,1/1/2025,both,60-64,bumi_malay,24.4
Sarawak,1/1/2025,both,60-64,bumi_other,62
Sarawak,1/1/2025,both,60-64,chinese,34.5
Sarawak,1/1/2025,both,60-64,indian,0.2
Sarawak,1/1/2025,both,60-64,other_citizen,0.2
Sarawak,1/1/2025,both,60-64,other_noncitizen,0.6
Sarawak,1/1/2025,both,65-69,overall,91.1
Sarawak,1/1/2025,both,65-69,bumi_malay,17.9
Sarawak,1/1/2025,both,65-69,bumi_other,43.5
Sarawak,1/1/2025,both,65-69,chinese,28.9
Sarawak,1/1/2025,both,65-69,indian,0.2
Sarawak,1/1/2025,both,65-69,other_citizen,0.1
Sarawak,1/1/2025,both,65-69,other_noncitizen,0.4
Sarawak,1/1/2025,both,70-74,overall,67.8
Sarawak,1/1/2025,both,70-74,bumi_malay,12.5
Sarawak,1/1/2025,both,70-74,bumi_other,30.4
Sarawak,1/1/2025,both,70-74,chinese,24.4
Sarawak,1/1/2025,both,70-74,indian,0.1
Sarawak,1/1/2025,both,70-74,other_citizen,0.1
Sarawak,1/1/2025,both,70-74,other_noncitizen,0.2
Sarawak,1/1/2025,both,75-79,overall,40.5
Sarawak,1/1/2025,both,75-79,bumi_malay,6.8
Sarawak,1/1/2025,both,75-79,bumi_other,18.3
Sarawak,1/1/2025,both,75-79,chinese,15
Sarawak,1/1/2025,both,75-79,indian,0.1
Sarawak,1/1/2025,both,75-79,other_citizen,0.1
Sarawak,1/1/2025,both,75-79,other_noncitizen,0.1
Sarawak,1/1/2025,both,80-84,overall,20.8
Sarawak,1/1/2025,both,80-84,bumi_malay,3.7
Sarawak,1/1/2025,both,80-84,bumi_other,9.3
Sarawak,1/1/2025,both,80-84,chinese,7.7
Sarawak,1/1/2025,both,80-84,indian,0
Sarawak,1/1/2025,both,80-84,other_citizen,0
Sarawak,1/1/2025,both,80-84,other_noncitizen,0.1
Sarawak,1/1/2025,both,85+,overall,11.6
Sarawak,1/1/2025,both,85+,bumi_malay,1.6
Sarawak,1/1/2025,both,85+,bumi_other,5
Sarawak,1/1/2025,both,85+,chinese,4.9
Sarawak,1/1/2025,both,85+,indian,0
Sarawak,1/1/2025,both,85+,other_citizen,0
Sarawak,1/1/2025,both,85+,other_noncitizen,0.1
Sarawak,1/1/2025,female,overall,overall,1225.4
Sarawak,1/1/2025,female,overall,bumi_malay,298.8
Sarawak,1/1/2025,female,overall,bumi_other,608.2
Sarawak,1/1/2025,female,overall,chinese,272.6
Sarawak,1/1/2025,female,overall,indian,2.3
Sarawak,1/1/2025,female,overall,other_citizen,2.9
Sarawak,1/1/2025,female,overall,other_noncitizen,40.6
Sarawak,1/1/2025,female,0-4,overall,76.5
Sarawak,1/1/2025,female,0-4,bumi_malay,22.2
Sarawak,1/1/2025,female,0-4,bumi_other,40.6
Sarawak,1/1/2025,female,0-4,chinese,11.8
Sarawak,1/1/2025,female,0-4,indian,0.1
Sarawak,1/1/2025,female,0-4,other_citizen,0.2
Sarawak,1/1/2025,female,0-4,other_noncitizen,1.7
Sarawak,1/1/2025,female,5-9,overall,75.9
Sarawak,1/1/2025,female,5-9,bumi_malay,22.8
Sarawak,1/1/2025,female,5-9,bumi_other,37.6
Sarawak,1/1/2025,female,5-9,chinese,13.4
Sarawak,1/1/2025,female,5-9,indian,0.1
Sarawak,1/1/2025,female,5-9,other_citizen,0.2
Sarawak,1/1/2025,female,5-9,other_noncitizen,1.8
Sarawak,1/1/2025,female,10-14,overall,87
Sarawak,1/1/2025,female,10-14,bumi_malay,23.4
Sarawak,1/1/2025,female,10-14,bumi_other,45.2
Sarawak,1/1/2025,female,10-14,chinese,17.2
Sarawak,1/1/2025,female,10-14,indian,0.1
Sarawak,1/1/2025,female,10-14,other_citizen,0.2
Sarawak,1/1/2025,female,10-14,other_noncitizen,1
Sarawak,1/1/2025,female,15-19,overall,95.6
Sarawak,1/1/2025,female,15-19,bumi_malay,25.4
Sarawak,1/1/2025,female,15-19,bumi_other,50.3
Sarawak,1/1/2025,female,15-19,chinese,18.6
Sarawak,1/1/2025,female,15-19,indian,0.1
Sarawak,1/1/2025,female,15-19,other_citizen,0.2
Sarawak,1/1/2025,female,15-19,other_noncitizen,1.1
Sarawak,1/1/2025,female,20-24,overall,104.7
Sarawak,1/1/2025,female,20-24,bumi_malay,27.6
Sarawak,1/1/2025,female,20-24,bumi_other,52.5
Sarawak,1/1/2025,female,20-24,chinese,20.8
Sarawak,1/1/2025,female,20-24,indian,0.1
Sarawak,1/1/2025,female,20-24,other_citizen,0.1
Sarawak,1/1/2025,female,20-24,other_noncitizen,3.5
Sarawak,1/1/2025,female,25-29,overall,104.2
Sarawak,1/1/2025,female,25-29,bumi_malay,27.8
Sarawak,1/1/2025,female,25-29,bumi_other,48.3
Sarawak,1/1/2025,female,25-29,chinese,20
Sarawak,1/1/2025,female,25-29,indian,0.5
Sarawak,1/1/2025,female,25-29,other_citizen,0.3
Sarawak,1/1/2025,female,25-29,other_noncitizen,7.4
Sarawak,1/1/2025,female,30-34,overall,103.6
Sarawak,1/1/2025,female,30-34,bumi_malay,25.3
Sarawak,1/1/2025,female,30-34,bumi_other,50.2
Sarawak,1/1/2025,female,30-34,chinese,19.9
Sarawak,1/1/2025,female,30-34,indian,0.2
Sarawak,1/1/2025,female,30-34,other_citizen,0.3
Sarawak,1/1/2025,female,30-34,other_noncitizen,7.5
Sarawak,1/1/2025,female,35-39,overall,96.5
Sarawak,1/1/2025,female,35-39,bumi_malay,23
Sarawak,1/1/2025,female,35-39,bumi_other,46.3
Sarawak,1/1/2025,female,35-39,chinese,20.2
Sarawak,1/1/2025,female,35-39,indian,0.2
Sarawak,1/1/2025,female,35-39,other_citizen,0.4
Sarawak,1/1/2025,female,35-39,other_noncitizen,6.5
Sarawak,1/1/2025,female,40-44,overall,86.5
Sarawak,1/1/2025,female,40-44,bumi_malay,20
Sarawak,1/1/2025,female,40-44,bumi_other,41.5
Sarawak,1/1/2025,female,40-44,chinese,19.5
Sarawak,1/1/2025,female,40-44,indian,0.1
Sarawak,1/1/2025,female,40-44,other_citizen,0.3
Sarawak,1/1/2025,female,40-44,other_noncitizen,5.1
Sarawak,1/1/2025,female,45-49,overall,76.4
Sarawak,1/1/2025,female,45-49,bumi_malay,17.2
Sarawak,1/1/2025,female,45-49,bumi_other,37.8
Sarawak,1/1/2025,female,45-49,chinese,18.3
Sarawak,1/1/2025,female,45-49,indian,0.1
Sarawak,1/1/2025,female,45-49,other_citizen,0.3
Sarawak,1/1/2025,female,45-49,other_noncitizen,2.8
Sarawak,1/1/2025,female,50-54,overall,71.8
Sarawak,1/1/2025,female,50-54,bumi_malay,15.5
Sarawak,1/1/2025,female,50-54,bumi_other,37.2
Sarawak,1/1/2025,female,50-54,chinese,17.7
Sarawak,1/1/2025,female,50-54,indian,0.1
Sarawak,1/1/2025,female,50-54,other_citizen,0.2
Sarawak,1/1/2025,female,50-54,other_noncitizen,1
Sarawak,1/1/2025,female,55-59,overall,66.2
Sarawak,1/1/2025,female,55-59,bumi_malay,14.3
Sarawak,1/1/2025,female,55-59,bumi_other,34.2
Sarawak,1/1/2025,female,55-59,chinese,17
Sarawak,1/1/2025,female,55-59,indian,0.1
Sarawak,1/1/2025,female,55-59,other_citizen,0.1
Sarawak,1/1/2025,female,55-59,other_noncitizen,0.5
Sarawak,1/1/2025,female,60-64,overall,60.5
Sarawak,1/1/2025,female,60-64,bumi_malay,12.2
Sarawak,1/1/2025,female,60-64,bumi_other,31.1
Sarawak,1/1/2025,female,60-64,chinese,16.7
Sarawak,1/1/2025,female,60-64,indian,0.1
Sarawak,1/1/2025,female,60-64,other_citizen,0.1
Sarawak,1/1/2025,female,60-64,other_noncitizen,0.3
Sarawak,1/1/2025,female,65-69,overall,46.3
Sarawak,1/1/2025,female,65-69,bumi_malay,9.2
Sarawak,1/1/2025,female,65-69,bumi_other,22.2
Sarawak,1/1/2025,female,65-69,chinese,14.6
Sarawak,1/1/2025,female,65-69,indian,0.1
Sarawak,1/1/2025,female,65-69,other_citizen,0.1
Sarawak,1/1/2025,female,65-69,other_noncitizen,0.2
Sarawak,1/1/2025,female,70-74,overall,34.4
Sarawak,1/1/2025,female,70-74,bumi_malay,6.4
Sarawak,1/1/2025,female,70-74,bumi_other,15.3
Sarawak,1/1/2025,female,70-74,chinese,12.5
Sarawak,1/1/2025,female,70-74,indian,0.1
Sarawak,1/1/2025,female,70-74,other_citizen,0
Sarawak,1/1/2025,female,70-74,other_noncitizen,0.1
Sarawak,1/1/2025,female,75-79,overall,21.4
Sarawak,1/1/2025,female,75-79,bumi_malay,3.6
Sarawak,1/1/2025,female,75-79,bumi_other,9.9
Sarawak,1/1/2025,female,75-79,chinese,7.7
Sarawak,1/1/2025,female,75-79,indian,0
Sarawak,1/1/2025,female,75-79,other_citizen,0
Sarawak,1/1/2025,female,75-79,other_noncitizen,0.1
Sarawak,1/1/2025,female,80-84,overall,11.1
Sarawak,1/1/2025,female,80-84,bumi_malay,2
Sarawak,1/1/2025,female,80-84,bumi_other,5
Sarawak,1/1/2025,female,80-84,chinese,4
Sarawak,1/1/2025,female,80-84,indian,0
Sarawak,1/1/2025,female,80-84,other_citizen,0
Sarawak,1/1/2025,female,80-84,other_noncitizen,0
Sarawak,1/1/2025,female,85+,overall,6.7
Sarawak,1/1/2025,female,85+,bumi_malay,1
Sarawak,1/1/2025,female,85+,bumi_other,2.9
Sarawak,1/1/2025,female,85+,chinese,2.7
Sarawak,1/1/2025,female,85+,indian,0
Sarawak,1/1/2025,female,85+,other_citizen,0
Sarawak,1/1/2025,female,85+,other_noncitizen,0
Sarawak,1/1/2025,male,overall,overall,1304.4
Sarawak,1/1/2025,male,overall,bumi_malay,309.6
Sarawak,1/1/2025,male,overall,bumi_other,616.9
Sarawak,1/1/2025,male,overall,chinese,285.4
Sarawak,1/1/2025,male,overall,indian,2.7
Sarawak,1/1/2025,male,overall,other_citizen,3.7
Sarawak,1/1/2025,male,overall,other_noncitizen,86.1
Sarawak,1/1/2025,male,0-4,overall,81.9
Sarawak,1/1/2025,male,0-4,bumi_malay,23.8
Sarawak,1/1/2025,male,0-4,bumi_other,43.7
Sarawak,1/1/2025,male,0-4,chinese,12.5
Sarawak,1/1/2025,male,0-4,indian,0.1
Sarawak,1/1/2025,male,0-4,other_citizen,0.2
Sarawak,1/1/2025,male,0-4,other_noncitizen,1.7
Sarawak,1/1/2025,male,5-9,overall,80.5
Sarawak,1/1/2025,male,5-9,bumi_malay,24
Sarawak,1/1/2025,male,5-9,bumi_other,39.4
Sarawak,1/1/2025,male,5-9,chinese,14.4
Sarawak,1/1/2025,male,5-9,indian,0.1
Sarawak,1/1/2025,male,5-9,other_citizen,0.2
Sarawak,1/1/2025,male,5-9,other_noncitizen,2.3
Sarawak,1/1/2025,male,10-14,overall,93.3
Sarawak,1/1/2025,male,10-14,bumi_malay,25.1
Sarawak,1/1/2025,male,10-14,bumi_other,47.9
Sarawak,1/1/2025,male,10-14,chinese,18.7
Sarawak,1/1/2025,male,10-14,indian,0.2
Sarawak,1/1/2025,male,10-14,other_citizen,0.2
Sarawak,1/1/2025,male,10-14,other_noncitizen,1.3
Sarawak,1/1/2025,male,15-19,overall,105
Sarawak,1/1/2025,male,15-19,bumi_malay,27.6
Sarawak,1/1/2025,male,15-19,bumi_other,54.3
Sarawak,1/1/2025,male,15-19,chinese,21.1
Sarawak,1/1/2025,male,15-19,indian,0.1
Sarawak,1/1/2025,male,15-19,other_citizen,0.2
Sarawak,1/1/2025,male,15-19,other_noncitizen,1.7
Sarawak,1/1/2025,male,20-24,overall,116.5
Sarawak,1/1/2025,male,20-24,bumi_malay,29
Sarawak,1/1/2025,male,20-24,bumi_other,54.7
Sarawak,1/1/2025,male,20-24,chinese,23.2
Sarawak,1/1/2025,male,20-24,indian,0.2
Sarawak,1/1/2025,male,20-24,other_citizen,0.2
Sarawak,1/1/2025,male,20-24,other_noncitizen,9.3
Sarawak,1/1/2025,male,25-29,overall,117.7
Sarawak,1/1/2025,male,25-29,bumi_malay,28.8
Sarawak,1/1/2025,male,25-29,bumi_other,49
Sarawak,1/1/2025,male,25-29,chinese,21.5
Sarawak,1/1/2025,male,25-29,indian,0.3
Sarawak,1/1/2025,male,25-29,other_citizen,0.3
Sarawak,1/1/2025,male,25-29,other_noncitizen,17.8
Sarawak,1/1/2025,male,30-34,overall,117.6
Sarawak,1/1/2025,male,30-34,bumi_malay,26.9
Sarawak,1/1/2025,male,30-34,bumi_other,51
Sarawak,1/1/2025,male,30-34,chinese,20.9
Sarawak,1/1/2025,male,30-34,indian,0.3
Sarawak,1/1/2025,male,30-34,other_citizen,0.5
Sarawak,1/1/2025,male,30-34,other_noncitizen,18.1
Sarawak,1/1/2025,male,35-39,overall,108.3
Sarawak,1/1/2025,male,35-39,bumi_malay,24.6
Sarawak,1/1/2025,male,35-39,bumi_other,47.1
Sarawak,1/1/2025,male,35-39,chinese,21
Sarawak,1/1/2025,male,35-39,indian,0.3
Sarawak,1/1/2025,male,35-39,other_citizen,0.6
Sarawak,1/1/2025,male,35-39,other_noncitizen,14.7
Sarawak,1/1/2025,male,40-44,overall,93.6
Sarawak,1/1/2025,male,40-44,bumi_malay,20.7
Sarawak,1/1/2025,male,40-44,bumi_other,41.5
Sarawak,1/1/2025,male,40-44,chinese,20.6
Sarawak,1/1/2025,male,40-44,indian,0.2
Sarawak,1/1/2025,male,40-44,other_citizen,0.5
Sarawak,1/1/2025,male,40-44,other_noncitizen,10.2
Sarawak,1/1/2025,male,45-49,overall,78.2
Sarawak,1/1/2025,male,45-49,bumi_malay,16.9
Sarawak,1/1/2025,male,45-49,bumi_other,36.2
Sarawak,1/1/2025,male,45-49,chinese,19
Sarawak,1/1/2025,male,45-49,indian,0.2
Sarawak,1/1/2025,male,45-49,other_citizen,0.3
Sarawak,1/1/2025,male,45-49,other_noncitizen,5.5
Sarawak,1/1/2025,male,50-54,overall,72.6
Sarawak,1/1/2025,male,50-54,bumi_malay,15.5
Sarawak,1/1/2025,male,50-54,bumi_other,36.6
Sarawak,1/1/2025,male,50-54,chinese,18.2
Sarawak,1/1/2025,male,50-54,indian,0.1
Sarawak,1/1/2025,male,50-54,other_citizen,0.2
Sarawak,1/1/2025,male,50-54,other_noncitizen,1.9
Sarawak,1/1/2025,male,55-59,overall,65.8
Sarawak,1/1/2025,male,55-59,bumi_malay,14.1
Sarawak,1/1/2025,male,55-59,bumi_other,33.5
Sarawak,1/1/2025,male,55-59,chinese,17.2
Sarawak,1/1/2025,male,55-59,indian,0.1
Sarawak,1/1/2025,male,55-59,other_citizen,0.1
Sarawak,1/1/2025,male,55-59,other_noncitizen,0.7
Sarawak,1/1/2025,male,60-64,overall,61.5
Sarawak,1/1/2025,male,60-64,bumi_malay,12.2
Sarawak,1/1/2025,male,60-64,bumi_other,30.9
Sarawak,1/1/2025,male,60-64,chinese,17.8
Sarawak,1/1/2025,male,60-64,indian,0.1
Sarawak,1/1/2025,male,60-64,other_citizen,0.1
Sarawak,1/1/2025,male,60-64,other_noncitizen,0.3
Sarawak,1/1/2025,male,65-69,overall,44.8
Sarawak,1/1/2025,male,65-69,bumi_malay,8.8
Sarawak,1/1/2025,male,65-69,bumi_other,21.3
Sarawak,1/1/2025,male,65-69,chinese,14.3
Sarawak,1/1/2025,male,65-69,indian,0.1
Sarawak,1/1/2025,male,65-69,other_citizen,0.1
Sarawak,1/1/2025,male,65-69,other_noncitizen,0.2
Sarawak,1/1/2025,male,70-74,overall,33.3
Sarawak,1/1/2025,male,70-74,bumi_malay,6.1
Sarawak,1/1/2025,male,70-74,bumi_other,15.1
Sarawak,1/1/2025,male,70-74,chinese,11.9
Sarawak,1/1/2025,male,70-74,indian,0.1
Sarawak,1/1/2025,male,70-74,other_citizen,0.1
Sarawak,1/1/2025,male,70-74,other_noncitizen,0.1
Sarawak,1/1/2025,male,75-79,overall,19.1
Sarawak,1/1/2025,male,75-79,bumi_malay,3.2
Sarawak,1/1/2025,male,75-79,bumi_other,8.4
Sarawak,1/1/2025,male,75-79,chinese,7.3
Sarawak,1/1/2025,male,75-79,indian,0.1
Sarawak,1/1/2025,male,75-79,other_citizen,0
Sarawak,1/1/2025,male,75-79,other_noncitizen,0.1
Sarawak,1/1/2025,male,80-84,overall,9.7
Sarawak,1/1/2025,male,80-84,bumi_malay,1.7
Sarawak,1/1/2025,male,80-84,bumi_other,4.3
Sarawak,1/1/2025,male,80-84,chinese,3.7
Sarawak,1/1/2025,male,80-84,indian,0
Sarawak,1/1/2025,male,80-84,other_citizen,0
Sarawak,1/1/2025,male,80-84,other_noncitizen,0
Sarawak,1/1/2025,male,85+,overall,4.9
Sarawak,1/1/2025,male,85+,bumi_malay,0.6
Sarawak,1/1/2025,male,85+,bumi_other,2.1
Sarawak,1/1/2025,male,85+,chinese,2.2
Sarawak,1/1/2025,male,85+,indian,0
Sarawak,1/1/2025,male,85+,other_citizen,0
Sarawak,1/1/2025,male,85+,other_noncitizen,0
Selangor,1/1/2025,both,overall,overall,7406.8
Selangor,1/1/2025,both,overall,bumi_malay,4042.5
Selangor,1/1/2025,both,overall,bumi_other,86.9
Selangor,1/1/2025,both,overall,chinese,1759.6
Selangor,1/1/2025,both,overall,indian,731.1
Selangor,1/1/2025,both,overall,other_citizen,58.9
Selangor,1/1/2025,both,overall,other_noncitizen,727.9
Selangor,1/1/2025,both,0-4,overall,499.4
Selangor,1/1/2025,both,0-4,bumi_malay,304.2
Selangor,1/1/2025,both,0-4,bumi_other,9
Selangor,1/1/2025,both,0-4,chinese,55.2
Selangor,1/1/2025,both,0-4,indian,33
Selangor,1/1/2025,both,0-4,other_citizen,8.7
Selangor,1/1/2025,both,0-4,other_noncitizen,89.4
Selangor,1/1/2025,both,5-9,overall,522.2
Selangor,1/1/2025,both,5-9,bumi_malay,299.8
Selangor,1/1/2025,both,5-9,bumi_other,4.8
Selangor,1/1/2025,both,5-9,chinese,107.1
Selangor,1/1/2025,both,5-9,indian,44.7
Selangor,1/1/2025,both,5-9,other_citizen,4.6
Selangor,1/1/2025,both,5-9,other_noncitizen,61.2
Selangor,1/1/2025,both,10-14,overall,503
Selangor,1/1/2025,both,10-14,bumi_malay,290.2
Selangor,1/1/2025,both,10-14,bumi_other,5.9
Selangor,1/1/2025,both,10-14,chinese,138.8
Selangor,1/1/2025,both,10-14,indian,54
Selangor,1/1/2025,both,10-14,other_citizen,4.5
Selangor,1/1/2025,both,10-14,other_noncitizen,9.6
Selangor,1/1/2025,both,15-19,overall,483.7
Selangor,1/1/2025,both,15-19,bumi_malay,257.9
Selangor,1/1/2025,both,15-19,bumi_other,6.2
Selangor,1/1/2025,both,15-19,chinese,139.8
Selangor,1/1/2025,both,15-19,indian,61.2
Selangor,1/1/2025,both,15-19,other_citizen,2.5
Selangor,1/1/2025,both,15-19,other_noncitizen,16
Selangor,1/1/2025,both,20-24,overall,623.3
Selangor,1/1/2025,both,20-24,bumi_malay,332
Selangor,1/1/2025,both,20-24,bumi_other,8.2
Selangor,1/1/2025,both,20-24,chinese,114.5
Selangor,1/1/2025,both,20-24,indian,52.4
Selangor,1/1/2025,both,20-24,other_citizen,5.2
Selangor,1/1/2025,both,20-24,other_noncitizen,110.9
Selangor,1/1/2025,both,25-29,overall,610.1
Selangor,1/1/2025,both,25-29,bumi_malay,296.6
Selangor,1/1/2025,both,25-29,bumi_other,3.5
Selangor,1/1/2025,both,25-29,chinese,114.4
Selangor,1/1/2025,both,25-29,indian,54.3
Selangor,1/1/2025,both,25-29,other_citizen,4.6
Selangor,1/1/2025,both,25-29,other_noncitizen,136.7
Selangor,1/1/2025,both,30-34,overall,613.3
Selangor,1/1/2025,both,30-34,bumi_malay,324
Selangor,1/1/2025,both,30-34,bumi_other,5.2
Selangor,1/1/2025,both,30-34,chinese,120.2
Selangor,1/1/2025,both,30-34,indian,59.5
Selangor,1/1/2025,both,30-34,other_citizen,6.7
Selangor,1/1/2025,both,30-34,other_noncitizen,97.7
Selangor,1/1/2025,both,35-39,overall,722.6
Selangor,1/1/2025,both,35-39,bumi_malay,416.3
Selangor,1/1/2025,both,35-39,bumi_other,12.8
Selangor,1/1/2025,both,35-39,chinese,153.1
Selangor,1/1/2025,both,35-39,indian,68.2
Selangor,1/1/2025,both,35-39,other_citizen,8.4
Selangor,1/1/2025,both,35-39,other_noncitizen,63.8
Selangor,1/1/2025,both,40-44,overall,665.6
Selangor,1/1/2025,both,40-44,bumi_malay,372
Selangor,1/1/2025,both,40-44,bumi_other,10.3
Selangor,1/1/2025,both,40-44,chinese,170.8
Selangor,1/1/2025,both,40-44,indian,67.8
Selangor,1/1/2025,both,40-44,other_citizen,5.7
Selangor,1/1/2025,both,40-44,other_noncitizen,39.1
Selangor,1/1/2025,both,45-49,overall,494.2
Selangor,1/1/2025,both,45-49,bumi_malay,273.2
Selangor,1/1/2025,both,45-49,bumi_other,6.2
Selangor,1/1/2025,both,45-49,chinese,139.1
Selangor,1/1/2025,both,45-49,indian,50.9
Selangor,1/1/2025,both,45-49,other_citizen,2
Selangor,1/1/2025,both,45-49,other_noncitizen,22.8
Selangor,1/1/2025,both,50-54,overall,417.4
Selangor,1/1/2025,both,50-54,bumi_malay,223.5
Selangor,1/1/2025,both,50-54,bumi_other,3.5
Selangor,1/1/2025,both,50-54,chinese,129.5
Selangor,1/1/2025,both,50-54,indian,45
Selangor,1/1/2025,both,50-54,other_citizen,1
Selangor,1/1/2025,both,50-54,other_noncitizen,15
Selangor,1/1/2025,both,55-59,overall,343.6
Selangor,1/1/2025,both,55-59,bumi_malay,176.9
Selangor,1/1/2025,both,55-59,bumi_other,3.3
Selangor,1/1/2025,both,55-59,chinese,113.4
Selangor,1/1/2025,both,55-59,indian,40.2
Selangor,1/1/2025,both,55-59,other_citizen,1
Selangor,1/1/2025,both,55-59,other_noncitizen,8.8
Selangor,1/1/2025,both,60-64,overall,285.4
Selangor,1/1/2025,both,60-64,bumi_malay,143.7
Selangor,1/1/2025,both,60-64,bumi_other,2.1
Selangor,1/1/2025,both,60-64,chinese,97.1
Selangor,1/1/2025,both,60-64,indian,35.5
Selangor,1/1/2025,both,60-64,other_citizen,0.6
Selangor,1/1/2025,both,60-64,other_noncitizen,6.3
Selangor,1/1/2025,both,65-69,overall,230
Selangor,1/1/2025,both,65-69,bumi_malay,104
Selangor,1/1/2025,both,65-69,bumi_other,0.6
Selangor,1/1/2025,both,65-69,chinese,77.4
Selangor,1/1/2025,both,65-69,indian,26.5
Selangor,1/1/2025,both,65-69,other_citizen,0.2
Selangor,1/1/2025,both,65-69,other_noncitizen,21.1
Selangor,1/1/2025,both,70-74,overall,183.2
Selangor,1/1/2025,both,70-74,bumi_malay,110.3
Selangor,1/1/2025,both,70-74,bumi_other,1.7
Selangor,1/1/2025,both,70-74,chinese,41.3
Selangor,1/1/2025,both,70-74,indian,18.1
Selangor,1/1/2025,both,70-74,other_citizen,1.2
Selangor,1/1/2025,both,70-74,other_noncitizen,10.6
Selangor,1/1/2025,both,75-79,overall,120.3
Selangor,1/1/2025,both,75-79,bumi_malay,68.9
Selangor,1/1/2025,both,75-79,bumi_other,1.4
Selangor,1/1/2025,both,75-79,chinese,31.2
Selangor,1/1/2025,both,75-79,indian,11.8
Selangor,1/1/2025,both,75-79,other_citizen,1.2
Selangor,1/1/2025,both,75-79,other_noncitizen,5.8
Selangor,1/1/2025,both,80-84,overall,51.7
Selangor,1/1/2025,both,80-84,bumi_malay,27.2
Selangor,1/1/2025,both,80-84,bumi_other,0.9
Selangor,1/1/2025,both,80-84,chinese,13.3
Selangor,1/1/2025,both,80-84,indian,4.7
Selangor,1/1/2025,both,80-84,other_citizen,0.5
Selangor,1/1/2025,both,80-84,other_noncitizen,5.1
Selangor,1/1/2025,both,85+,overall,37.8
Selangor,1/1/2025,both,85+,bumi_malay,21.6
Selangor,1/1/2025,both,85+,bumi_other,1.4
Selangor,1/1/2025,both,85+,chinese,3.2
Selangor,1/1/2025,both,85+,indian,3.3
Selangor,1/1/2025,both,85+,other_citizen,0.4
Selangor,1/1/2025,both,85+,other_noncitizen,7.8
Selangor,1/1/2025,female,overall,overall,3453.2
Selangor,1/1/2025,female,overall,bumi_malay,1986.9
Selangor,1/1/2025,female,overall,bumi_other,42.3
Selangor,1/1/2025,female,overall,chinese,867.1
Selangor,1/1/2025,female,overall,indian,360.8
Selangor,1/1/2025,female,overall,other_citizen,26.1
Selangor,1/1/2025,female,overall,other_noncitizen,169.9
Selangor,1/1/2025,female,0-4,overall,240.9
Selangor,1/1/2025,female,0-4,bumi_malay,147.4
Selangor,1/1/2025,female,0-4,bumi_other,4.3
Selangor,1/1/2025,female,0-4,chinese,26.6
Selangor,1/1/2025,female,0-4,indian,16.2
Selangor,1/1/2025,female,0-4,other_citizen,4.2
Selangor,1/1/2025,female,0-4,other_noncitizen,42.2
Selangor,1/1/2025,female,5-9,overall,256.3
Selangor,1/1/2025,female,5-9,bumi_malay,148.6
Selangor,1/1/2025,female,5-9,bumi_other,2.5
Selangor,1/1/2025,female,5-9,chinese,52.7
Selangor,1/1/2025,female,5-9,indian,22
Selangor,1/1/2025,female,5-9,other_citizen,2.1
Selangor,1/1/2025,female,5-9,other_noncitizen,28.3
Selangor,1/1/2025,female,10-14,overall,242.4
Selangor,1/1/2025,female,10-14,bumi_malay,141.2
Selangor,1/1/2025,female,10-14,bumi_other,2.4
Selangor,1/1/2025,female,10-14,chinese,67.4
Selangor,1/1/2025,female,10-14,indian,25.3
Selangor,1/1/2025,female,10-14,other_citizen,2
Selangor,1/1/2025,female,10-14,other_noncitizen,4.2
Selangor,1/1/2025,female,15-19,overall,232.9
Selangor,1/1/2025,female,15-19,bumi_malay,126.5
Selangor,1/1/2025,female,15-19,bumi_other,3.2
Selangor,1/1/2025,female,15-19,chinese,68.8
Selangor,1/1/2025,female,15-19,indian,30.8
Selangor,1/1/2025,female,15-19,other_citizen,1.1
Selangor,1/1/2025,female,15-19,other_noncitizen,2.4
Selangor,1/1/2025,female,20-24,overall,262.6
Selangor,1/1/2025,female,20-24,bumi_malay,157.9
Selangor,1/1/2025,female,20-24,bumi_other,4.8
Selangor,1/1/2025,female,20-24,chinese,55.8
Selangor,1/1/2025,female,20-24,indian,25.5
Selangor,1/1/2025,female,20-24,other_citizen,2.1
Selangor,1/1/2025,female,20-24,other_noncitizen,16.5
Selangor,1/1/2025,female,25-29,overall,244.3
Selangor,1/1/2025,female,25-29,bumi_malay,141.7
Selangor,1/1/2025,female,25-29,bumi_other,2.4
Selangor,1/1/2025,female,25-29,chinese,56.5
Selangor,1/1/2025,female,25-29,indian,26.4
Selangor,1/1/2025,female,25-29,other_citizen,1.9
Selangor,1/1/2025,female,25-29,other_noncitizen,15.4
Selangor,1/1/2025,female,30-34,overall,271.9
Selangor,1/1/2025,female,30-34,bumi_malay,165.5
Selangor,1/1/2025,female,30-34,bumi_other,2.6
Selangor,1/1/2025,female,30-34,chinese,58.8
Selangor,1/1/2025,female,30-34,indian,29.8
Selangor,1/1/2025,female,30-34,other_citizen,2.8
Selangor,1/1/2025,female,30-34,other_noncitizen,12.4
Selangor,1/1/2025,female,35-39,overall,346.1
Selangor,1/1/2025,female,35-39,bumi_malay,216
Selangor,1/1/2025,female,35-39,bumi_other,5
Selangor,1/1/2025,female,35-39,chinese,77.2
Selangor,1/1/2025,female,35-39,indian,34.1
Selangor,1/1/2025,female,35-39,other_citizen,3.4
Selangor,1/1/2025,female,35-39,other_noncitizen,10.4
Selangor,1/1/2025,female,40-44,overall,319.1
Selangor,1/1/2025,female,40-44,bumi_malay,185.6
Selangor,1/1/2025,female,40-44,bumi_other,4.4
Selangor,1/1/2025,female,40-44,chinese,87.2
Selangor,1/1/2025,female,40-44,indian,32.6
Selangor,1/1/2025,female,40-44,other_citizen,2.4
Selangor,1/1/2025,female,40-44,other_noncitizen,6.9
Selangor,1/1/2025,female,45-49,overall,229
Selangor,1/1/2025,female,45-49,bumi_malay,129.8
Selangor,1/1/2025,female,45-49,bumi_other,2.9
Selangor,1/1/2025,female,45-49,chinese,67
Selangor,1/1/2025,female,45-49,indian,24
Selangor,1/1/2025,female,45-49,other_citizen,1
Selangor,1/1/2025,female,45-49,other_noncitizen,4.3
Selangor,1/1/2025,female,50-54,overall,196.7
Selangor,1/1/2025,female,50-54,bumi_malay,106.7
Selangor,1/1/2025,female,50-54,bumi_other,2.3
Selangor,1/1/2025,female,50-54,chinese,62.1
Selangor,1/1/2025,female,50-54,indian,22.3
Selangor,1/1/2025,female,50-54,other_citizen,0.5
Selangor,1/1/2025,female,50-54,other_noncitizen,2.8
Selangor,1/1/2025,female,55-59,overall,165
Selangor,1/1/2025,female,55-59,bumi_malay,85.8
Selangor,1/1/2025,female,55-59,bumi_other,1.1
Selangor,1/1/2025,female,55-59,chinese,56
Selangor,1/1/2025,female,55-59,indian,20
Selangor,1/1/2025,female,55-59,other_citizen,0.5
Selangor,1/1/2025,female,55-59,other_noncitizen,1.6
Selangor,1/1/2025,female,60-64,overall,136.2
Selangor,1/1/2025,female,60-64,bumi_malay,69.8
Selangor,1/1/2025,female,60-64,bumi_other,1.1
Selangor,1/1/2025,female,60-64,chinese,46.2
Selangor,1/1/2025,female,60-64,indian,17.7
Selangor,1/1/2025,female,60-64,other_citizen,0.3
Selangor,1/1/2025,female,60-64,other_noncitizen,1.1
Selangor,1/1/2025,female,65-69,overall,112.2
Selangor,1/1/2025,female,65-69,bumi_malay,50.9
Selangor,1/1/2025,female,65-69,bumi_other,0.4
Selangor,1/1/2025,female,65-69,chinese,37.5
Selangor,1/1/2025,female,65-69,indian,14
Selangor,1/1/2025,female,65-69,other_citizen,0.2
Selangor,1/1/2025,female,65-69,other_noncitizen,9.2
Selangor,1/1/2025,female,70-74,overall,90.5
Selangor,1/1/2025,female,70-74,bumi_malay,52.8
Selangor,1/1/2025,female,70-74,bumi_other,0.8
Selangor,1/1/2025,female,70-74,chinese,21.7
Selangor,1/1/2025,female,70-74,indian,9.5
Selangor,1/1/2025,female,70-74,other_citizen,0.7
Selangor,1/1/2025,female,70-74,other_noncitizen,5
Selangor,1/1/2025,female,75-79,overall,65
Selangor,1/1/2025,female,75-79,bumi_malay,36.6
Selangor,1/1/2025,female,75-79,bumi_other,0.9
Selangor,1/1/2025,female,75-79,chinese,17.7
Selangor,1/1/2025,female,75-79,indian,6.6
Selangor,1/1/2025,female,75-79,other_citizen,0.6
Selangor,1/1/2025,female,75-79,other_noncitizen,2.5
Selangor,1/1/2025,female,80-84,overall,26.9
Selangor,1/1/2025,female,80-84,bumi_malay,14.1
Selangor,1/1/2025,female,80-84,bumi_other,0.5
Selangor,1/1/2025,female,80-84,chinese,7.4
Selangor,1/1/2025,female,80-84,indian,2.5
Selangor,1/1/2025,female,80-84,other_citizen,0.4
Selangor,1/1/2025,female,80-84,other_noncitizen,2
Selangor,1/1/2025,female,85+,overall,15.4
Selangor,1/1/2025,female,85+,bumi_malay,10.1
Selangor,1/1/2025,female,85+,bumi_other,0.7
Selangor,1/1/2025,female,85+,chinese,0.5
Selangor,1/1/2025,female,85+,indian,1.3
Selangor,1/1/2025,female,85+,other_citizen,0.1
Selangor,1/1/2025,female,85+,other_noncitizen,2.7
Selangor,1/1/2025,male,overall,overall,3953.6
Selangor,1/1/2025,male,overall,bumi_malay,2055.6
Selangor,1/1/2025,male,overall,bumi_other,44.5
Selangor,1/1/2025,male,overall,chinese,892.5
Selangor,1/1/2025,male,overall,indian,370.2
Selangor,1/1/2025,male,overall,other_citizen,32.8
Selangor,1/1/2025,male,overall,other_noncitizen,558
Selangor,1/1/2025,male,0-4,overall,258.5
Selangor,1/1/2025,male,0-4,bumi_malay,156.8
Selangor,1/1/2025,male,0-4,bumi_other,4.6
Selangor,1/1/2025,male,0-4,chinese,28.6
Selangor,1/1/2025,male,0-4,indian,16.8
Selangor,1/1/2025,male,0-4,other_citizen,4.5
Selangor,1/1/2025,male,0-4,other_noncitizen,47.2
Selangor,1/1/2025,male,5-9,overall,265.9
Selangor,1/1/2025,male,5-9,bumi_malay,151.2
Selangor,1/1/2025,male,5-9,bumi_other,2.3
Selangor,1/1/2025,male,5-9,chinese,54.4
Selangor,1/1/2025,male,5-9,indian,22.6
Selangor,1/1/2025,male,5-9,other_citizen,2.4
Selangor,1/1/2025,male,5-9,other_noncitizen,32.8
Selangor,1/1/2025,male,10-14,overall,260.6
Selangor,1/1/2025,male,10-14,bumi_malay,149
Selangor,1/1/2025,male,10-14,bumi_other,3.6
Selangor,1/1/2025,male,10-14,chinese,71.5
Selangor,1/1/2025,male,10-14,indian,28.7
Selangor,1/1/2025,male,10-14,other_citizen,2.5
Selangor,1/1/2025,male,10-14,other_noncitizen,5.3
Selangor,1/1/2025,male,15-19,overall,250.8
Selangor,1/1/2025,male,15-19,bumi_malay,131.4
Selangor,1/1/2025,male,15-19,bumi_other,3
Selangor,1/1/2025,male,15-19,chinese,71
Selangor,1/1/2025,male,15-19,indian,30.4
Selangor,1/1/2025,male,15-19,other_citizen,1.4
Selangor,1/1/2025,male,15-19,other_noncitizen,13.6
Selangor,1/1/2025,male,20-24,overall,360.7
Selangor,1/1/2025,male,20-24,bumi_malay,174.1
Selangor,1/1/2025,male,20-24,bumi_other,3.4
Selangor,1/1/2025,male,20-24,chinese,58.7
Selangor,1/1/2025,male,20-24,indian,26.9
Selangor,1/1/2025,male,20-24,other_citizen,3.1
Selangor,1/1/2025,male,20-24,other_noncitizen,94.4
Selangor,1/1/2025,male,25-29,overall,365.8
Selangor,1/1/2025,male,25-29,bumi_malay,154.9
Selangor,1/1/2025,male,25-29,bumi_other,1.1
Selangor,1/1/2025,male,25-29,chinese,57.9
Selangor,1/1/2025,male,25-29,indian,27.9
Selangor,1/1/2025,male,25-29,other_citizen,2.6
Selangor,1/1/2025,male,25-29,other_noncitizen,121.3
Selangor,1/1/2025,male,30-34,overall,341.5
Selangor,1/1/2025,male,30-34,bumi_malay,158.5
Selangor,1/1/2025,male,30-34,bumi_other,2.6
Selangor,1/1/2025,male,30-34,chinese,61.4
Selangor,1/1/2025,male,30-34,indian,29.6
Selangor,1/1/2025,male,30-34,other_citizen,4
Selangor,1/1/2025,male,30-34,other_noncitizen,85.3
Selangor,1/1/2025,male,35-39,overall,376.5
Selangor,1/1/2025,male,35-39,bumi_malay,200.3
Selangor,1/1/2025,male,35-39,bumi_other,7.7
Selangor,1/1/2025,male,35-39,chinese,75.9
Selangor,1/1/2025,male,35-39,indian,34.1
Selangor,1/1/2025,male,35-39,other_citizen,5
Selangor,1/1/2025,male,35-39,other_noncitizen,53.5
Selangor,1/1/2025,male,40-44,overall,346.6
Selangor,1/1/2025,male,40-44,bumi_malay,186.5
Selangor,1/1/2025,male,40-44,bumi_other,5.9
Selangor,1/1/2025,male,40-44,chinese,83.6
Selangor,1/1/2025,male,40-44,indian,35.1
Selangor,1/1/2025,male,40-44,other_citizen,3.3
Selangor,1/1/2025,male,40-44,other_noncitizen,32.2
Selangor,1/1/2025,male,45-49,overall,265.2
Selangor,1/1/2025,male,45-49,bumi_malay,143.4
Selangor,1/1/2025,male,45-49,bumi_other,3.3
Selangor,1/1/2025,male,45-49,chinese,72.1
Selangor,1/1/2025,male,45-49,indian,26.9
Selangor,1/1/2025,male,45-49,other_citizen,1
Selangor,1/1/2025,male,45-49,other_noncitizen,18.5
Selangor,1/1/2025,male,50-54,overall,220.7
Selangor,1/1/2025,male,50-54,bumi_malay,116.9
Selangor,1/1/2025,male,50-54,bumi_other,1.2
Selangor,1/1/2025,male,50-54,chinese,67.3
Selangor,1/1/2025,male,50-54,indian,22.6
Selangor,1/1/2025,male,50-54,other_citizen,0.5
Selangor,1/1/2025,male,50-54,other_noncitizen,12.2
Selangor,1/1/2025,male,55-59,overall,178.6
Selangor,1/1/2025,male,55-59,bumi_malay,91.1
Selangor,1/1/2025,male,55-59,bumi_other,2.1
Selangor,1/1/2025,male,55-59,chinese,57.4
Selangor,1/1/2025,male,55-59,indian,20.2
Selangor,1/1/2025,male,55-59,other_citizen,0.5
Selangor,1/1/2025,male,55-59,other_noncitizen,7.3
Selangor,1/1/2025,male,60-64,overall,149.2
Selangor,1/1/2025,male,60-64,bumi_malay,73.9
Selangor,1/1/2025,male,60-64,bumi_other,1
Selangor,1/1/2025,male,60-64,chinese,51
Selangor,1/1/2025,male,60-64,indian,17.8
Selangor,1/1/2025,male,60-64,other_citizen,0.3
Selangor,1/1/2025,male,60-64,other_noncitizen,5.2
Selangor,1/1/2025,male,65-69,overall,117.8
Selangor,1/1/2025,male,65-69,bumi_malay,53.1
Selangor,1/1/2025,male,65-69,bumi_other,0.3
Selangor,1/1/2025,male,65-69,chinese,40
Selangor,1/1/2025,male,65-69,indian,12.5
Selangor,1/1/2025,male,65-69,other_citizen,0.1
Selangor,1/1/2025,male,65-69,other_noncitizen,11.9
Selangor,1/1/2025,male,70-74,overall,92.7
Selangor,1/1/2025,male,70-74,bumi_malay,57.5
Selangor,1/1/2025,male,70-74,bumi_other,0.9
Selangor,1/1/2025,male,70-74,chinese,19.6
Selangor,1/1/2025,male,70-74,indian,8.6
Selangor,1/1/2025,male,70-74,other_citizen,0.6
Selangor,1/1/2025,male,70-74,other_noncitizen,5.6
Selangor,1/1/2025,male,75-79,overall,55.3
Selangor,1/1/2025,male,75-79,bumi_malay,32.3
Selangor,1/1/2025,male,75-79,bumi_other,0.5
Selangor,1/1/2025,male,75-79,chinese,13.5
Selangor,1/1/2025,male,75-79,indian,5.1
Selangor,1/1/2025,male,75-79,other_citizen,0.6
Selangor,1/1/2025,male,75-79,other_noncitizen,3.2
Selangor,1/1/2025,male,80-84,overall,24.8
Selangor,1/1/2025,male,80-84,bumi_malay,13.1
Selangor,1/1/2025,male,80-84,bumi_other,0.3
Selangor,1/1/2025,male,80-84,chinese,5.9
Selangor,1/1/2025,male,80-84,indian,2.3
Selangor,1/1/2025,male,80-84,other_citizen,0.1
Selangor,1/1/2025,male,80-84,other_noncitizen,3.2
Selangor,1/1/2025,male,85+,overall,22.5
Selangor,1/1/2025,male,85+,bumi_malay,11.5
Selangor,1/1/2025,male,85+,bumi_other,0.8
Selangor,1/1/2025,male,85+,chinese,2.7
Selangor,1/1/2025,male,85+,indian,2
Selangor,1/1/2025,male,85+,other_citizen,0.3
Selangor,1/1/2025,male,85+,other_noncitizen,5.1
Terengganu,1/1/2025,both,overall,overall,1246.9
Terengganu,1/1/2025,both,overall,bumi_malay,1177.5
Terengganu,1/1/2025,both,overall,bumi_other,3.4
Terengganu,1/1/2025,both,overall,chinese,22.6
Terengganu,1/1/2025,both,overall,indian,2
Terengganu,1/1/2025,both,overall,other_citizen,2.3
Terengganu,1/1/2025,both,overall,other_noncitizen,39
Terengganu,1/1/2025,both,0-4,overall,124.9
Terengganu,1/1/2025,both,0-4,bumi_malay,122.8
Terengganu,1/1/2025,both,0-4,bumi_other,0.2
Terengganu,1/1/2025,both,0-4,chinese,0.7
Terengganu,1/1/2025,both,0-4,indian,0
Terengganu,1/1/2025,both,0-4,other_citizen,0.3
Terengganu,1/1/2025,both,0-4,other_noncitizen,0.9
Terengganu,1/1/2025,both,5-9,overall,109.2
Terengganu,1/1/2025,both,5-9,bumi_malay,106.7
Terengganu,1/1/2025,both,5-9,bumi_other,0.2
Terengganu,1/1/2025,both,5-9,chinese,1.3
Terengganu,1/1/2025,both,5-9,indian,0.1
Terengganu,1/1/2025,both,5-9,other_citizen,0.2
Terengganu,1/1/2025,both,5-9,other_noncitizen,0.7
Terengganu,1/1/2025,both,10-14,overall,109.4
Terengganu,1/1/2025,both,10-14,bumi_malay,106.6
Terengganu,1/1/2025,both,10-14,bumi_other,0.2
Terengganu,1/1/2025,both,10-14,chinese,1.9
Terengganu,1/1/2025,both,10-14,indian,0.1
Terengganu,1/1/2025,both,10-14,other_citizen,0.1
Terengganu,1/1/2025,both,10-14,other_noncitizen,0.4
Terengganu,1/1/2025,both,15-19,overall,110.2
Terengganu,1/1/2025,both,15-19,bumi_malay,107.1
Terengganu,1/1/2025,both,15-19,bumi_other,0.3
Terengganu,1/1/2025,both,15-19,chinese,1.7
Terengganu,1/1/2025,both,15-19,indian,0.1
Terengganu,1/1/2025,both,15-19,other_citizen,0.1
Terengganu,1/1/2025,both,15-19,other_noncitizen,1
Terengganu,1/1/2025,both,20-24,overall,116.1
Terengganu,1/1/2025,both,20-24,bumi_malay,109.3
Terengganu,1/1/2025,both,20-24,bumi_other,0.3
Terengganu,1/1/2025,both,20-24,chinese,1.5
Terengganu,1/1/2025,both,20-24,indian,0.2
Terengganu,1/1/2025,both,20-24,other_citizen,0.1
Terengganu,1/1/2025,both,20-24,other_noncitizen,4.6
Terengganu,1/1/2025,both,25-29,overall,110.6
Terengganu,1/1/2025,both,25-29,bumi_malay,100.7
Terengganu,1/1/2025,both,25-29,bumi_other,0.4
Terengganu,1/1/2025,both,25-29,chinese,1.7
Terengganu,1/1/2025,both,25-29,indian,0.6
Terengganu,1/1/2025,both,25-29,other_citizen,0.2
Terengganu,1/1/2025,both,25-29,other_noncitizen,7
Terengganu,1/1/2025,both,30-34,overall,93.6
Terengganu,1/1/2025,both,30-34,bumi_malay,84.4
Terengganu,1/1/2025,both,30-34,bumi_other,0.3
Terengganu,1/1/2025,both,30-34,chinese,1.4
Terengganu,1/1/2025,both,30-34,indian,0.1
Terengganu,1/1/2025,both,30-34,other_citizen,0.2
Terengganu,1/1/2025,both,30-34,other_noncitizen,7.1
Terengganu,1/1/2025,both,35-39,overall,90.4
Terengganu,1/1/2025,both,35-39,bumi_malay,82.1
Terengganu,1/1/2025,both,35-39,bumi_other,0.3
Terengganu,1/1/2025,both,35-39,chinese,1.5
Terengganu,1/1/2025,both,35-39,indian,0.1
Terengganu,1/1/2025,both,35-39,other_citizen,0.2
Terengganu,1/1/2025,both,35-39,other_noncitizen,6.2
Terengganu,1/1/2025,both,40-44,overall,85.3
Terengganu,1/1/2025,both,40-44,bumi_malay,78.4
Terengganu,1/1/2025,both,40-44,bumi_other,0.3
Terengganu,1/1/2025,both,40-44,chinese,1.9
Terengganu,1/1/2025,both,40-44,indian,0.1
Terengganu,1/1/2025,both,40-44,other_citizen,0.2
Terengganu,1/1/2025,both,40-44,other_noncitizen,4.4
Terengganu,1/1/2025,both,45-49,overall,65.3
Terengganu,1/1/2025,both,45-49,bumi_malay,60.7
Terengganu,1/1/2025,both,45-49,bumi_other,0.2
Terengganu,1/1/2025,both,45-49,chinese,1.5
Terengganu,1/1/2025,both,45-49,indian,0.1
Terengganu,1/1/2025,both,45-49,other_citizen,0.2
Terengganu,1/1/2025,both,45-49,other_noncitizen,2.7
Terengganu,1/1/2025,both,50-54,overall,56.9
Terengganu,1/1/2025,both,50-54,bumi_malay,53.4
Terengganu,1/1/2025,both,50-54,bumi_other,0.2
Terengganu,1/1/2025,both,50-54,chinese,1.4
Terengganu,1/1/2025,both,50-54,indian,0.1
Terengganu,1/1/2025,both,50-54,other_citizen,0.1
Terengganu,1/1/2025,both,50-54,other_noncitizen,1.6
Terengganu,1/1/2025,both,55-59,overall,49.7
Terengganu,1/1/2025,both,55-59,bumi_malay,46.8
Terengganu,1/1/2025,both,55-59,bumi_other,0.2
Terengganu,1/1/2025,both,55-59,chinese,1.4
Terengganu,1/1/2025,both,55-59,indian,0.1
Terengganu,1/1/2025,both,55-59,other_citizen,0.1
Terengganu,1/1/2025,both,55-59,other_noncitizen,1.1
Terengganu,1/1/2025,both,60-64,overall,46.6
Terengganu,1/1/2025,both,60-64,bumi_malay,44.1
Terengganu,1/1/2025,both,60-64,bumi_other,0.2
Terengganu,1/1/2025,both,60-64,chinese,1.5
Terengganu,1/1/2025,both,60-64,indian,0.1
Terengganu,1/1/2025,both,60-64,other_citizen,0.1
Terengganu,1/1/2025,both,60-64,other_noncitizen,0.6
Terengganu,1/1/2025,both,65-69,overall,34.4
Terengganu,1/1/2025,both,65-69,bumi_malay,32.7
Terengganu,1/1/2025,both,65-69,bumi_other,0.1
Terengganu,1/1/2025,both,65-69,chinese,1.2
Terengganu,1/1/2025,both,65-69,indian,0.1
Terengganu,1/1/2025,both,65-69,other_citizen,0.1
Terengganu,1/1/2025,both,65-69,other_noncitizen,0.3
Terengganu,1/1/2025,both,70-74,overall,22.8
Terengganu,1/1/2025,both,70-74,bumi_malay,21.6
Terengganu,1/1/2025,both,70-74,bumi_other,0.1
Terengganu,1/1/2025,both,70-74,chinese,0.9
Terengganu,1/1/2025,both,70-74,indian,0
Terengganu,1/1/2025,both,70-74,other_citizen,0
Terengganu,1/1/2025,both,70-74,other_noncitizen,0.1
Terengganu,1/1/2025,both,75-79,overall,12.7
Terengganu,1/1/2025,both,75-79,bumi_malay,11.9
Terengganu,1/1/2025,both,75-79,bumi_other,0
Terengganu,1/1/2025,both,75-79,chinese,0.6
Terengganu,1/1/2025,both,75-79,indian,0
Terengganu,1/1/2025,both,75-79,other_citizen,0
Terengganu,1/1/2025,both,75-79,other_noncitizen,0.1
Terengganu,1/1/2025,both,80-84,overall,6.2
Terengganu,1/1/2025,both,80-84,bumi_malay,5.7
Terengganu,1/1/2025,both,80-84,bumi_other,0
Terengganu,1/1/2025,both,80-84,chinese,0.3
Terengganu,1/1/2025,both,80-84,indian,0
Terengganu,1/1/2025,both,80-84,other_citizen,0
Terengganu,1/1/2025,both,80-84,other_noncitizen,0
Terengganu,1/1/2025,both,85+,overall,2.8
Terengganu,1/1/2025,both,85+,bumi_malay,2.5
Terengganu,1/1/2025,both,85+,bumi_other,0
Terengganu,1/1/2025,both,85+,chinese,0.2
Terengganu,1/1/2025,both,85+,indian,0
Terengganu,1/1/2025,both,85+,other_citizen,0
Terengganu,1/1/2025,both,85+,other_noncitizen,0
Terengganu,1/1/2025,female,overall,overall,606.6
Terengganu,1/1/2025,female,overall,bumi_malay,584.7
Terengganu,1/1/2025,female,overall,bumi_other,1.7
Terengganu,1/1/2025,female,overall,chinese,11
Terengganu,1/1/2025,female,overall,indian,1.1
Terengganu,1/1/2025,female,overall,other_citizen,0.9
Terengganu,1/1/2025,female,overall,other_noncitizen,7.2
Terengganu,1/1/2025,female,0-4,overall,60.4
Terengganu,1/1/2025,female,0-4,bumi_malay,59.4
Terengganu,1/1/2025,female,0-4,bumi_other,0.1
Terengganu,1/1/2025,female,0-4,chinese,0.3
Terengganu,1/1/2025,female,0-4,indian,0
Terengganu,1/1/2025,female,0-4,other_citizen,0.1
Terengganu,1/1/2025,female,0-4,other_noncitizen,0.4
Terengganu,1/1/2025,female,5-9,overall,54
Terengganu,1/1/2025,female,5-9,bumi_malay,52.8
Terengganu,1/1/2025,female,5-9,bumi_other,0.1
Terengganu,1/1/2025,female,5-9,chinese,0.6
Terengganu,1/1/2025,female,5-9,indian,0
Terengganu,1/1/2025,female,5-9,other_citizen,0.1
Terengganu,1/1/2025,female,5-9,other_noncitizen,0.3
Terengganu,1/1/2025,female,10-14,overall,53.2
Terengganu,1/1/2025,female,10-14,bumi_malay,51.8
Terengganu,1/1/2025,female,10-14,bumi_other,0.1
Terengganu,1/1/2025,female,10-14,chinese,1
Terengganu,1/1/2025,female,10-14,indian,0.1
Terengganu,1/1/2025,female,10-14,other_citizen,0.1
Terengganu,1/1/2025,female,10-14,other_noncitizen,0.2
Terengganu,1/1/2025,female,15-19,overall,53.1
Terengganu,1/1/2025,female,15-19,bumi_malay,51.9
Terengganu,1/1/2025,female,15-19,bumi_other,0.2
Terengganu,1/1/2025,female,15-19,chinese,0.8
Terengganu,1/1/2025,female,15-19,indian,0.1
Terengganu,1/1/2025,female,15-19,other_citizen,0.1
Terengganu,1/1/2025,female,15-19,other_noncitizen,0.2
Terengganu,1/1/2025,female,20-24,overall,54.8
Terengganu,1/1/2025,female,20-24,bumi_malay,53.1
Terengganu,1/1/2025,female,20-24,bumi_other,0.2
Terengganu,1/1/2025,female,20-24,chinese,0.7
Terengganu,1/1/2025,female,20-24,indian,0.1
Terengganu,1/1/2025,female,20-24,other_citizen,0.1
Terengganu,1/1/2025,female,20-24,other_noncitizen,0.7
Terengganu,1/1/2025,female,25-29,overall,52.6
Terengganu,1/1/2025,female,25-29,bumi_malay,50.2
Terengganu,1/1/2025,female,25-29,bumi_other,0.2
Terengganu,1/1/2025,female,25-29,chinese,0.9
Terengganu,1/1/2025,female,25-29,indian,0.4
Terengganu,1/1/2025,female,25-29,other_citizen,0.1
Terengganu,1/1/2025,female,25-29,other_noncitizen,0.8
Terengganu,1/1/2025,female,30-34,overall,42.8
Terengganu,1/1/2025,female,30-34,bumi_malay,41.1
Terengganu,1/1/2025,female,30-34,bumi_other,0.1
Terengganu,1/1/2025,female,30-34,chinese,0.7
Terengganu,1/1/2025,female,30-34,indian,0.1
Terengganu,1/1/2025,female,30-34,other_citizen,0.1
Terengganu,1/1/2025,female,30-34,other_noncitizen,0.8
Terengganu,1/1/2025,female,35-39,overall,42.1
Terengganu,1/1/2025,female,35-39,bumi_malay,40.4
Terengganu,1/1/2025,female,35-39,bumi_other,0.1
Terengganu,1/1/2025,female,35-39,chinese,0.7
Terengganu,1/1/2025,female,35-39,indian,0.1
Terengganu,1/1/2025,female,35-39,other_citizen,0.1
Terengganu,1/1/2025,female,35-39,other_noncitizen,0.8
Terengganu,1/1/2025,female,40-44,overall,40.2
Terengganu,1/1/2025,female,40-44,bumi_malay,38.3
Terengganu,1/1/2025,female,40-44,bumi_other,0.1
Terengganu,1/1/2025,female,40-44,chinese,0.9
Terengganu,1/1/2025,female,40-44,indian,0
Terengganu,1/1/2025,female,40-44,other_citizen,0.1
Terengganu,1/1/2025,female,40-44,other_noncitizen,0.7
Terengganu,1/1/2025,female,45-49,overall,31.7
Terengganu,1/1/2025,female,45-49,bumi_malay,30.1
Terengganu,1/1/2025,female,45-49,bumi_other,0.1
Terengganu,1/1/2025,female,45-49,chinese,0.7
Terengganu,1/1/2025,female,45-49,indian,0.1
Terengganu,1/1/2025,female,45-49,other_citizen,0.1
Terengganu,1/1/2025,female,45-49,other_noncitizen,0.7
Terengganu,1/1/2025,female,50-54,overall,28.9
Terengganu,1/1/2025,female,50-54,bumi_malay,27.4
Terengganu,1/1/2025,female,50-54,bumi_other,0.1
Terengganu,1/1/2025,female,50-54,chinese,0.6
Terengganu,1/1/2025,female,50-54,indian,0.1
Terengganu,1/1/2025,female,50-54,other_citizen,0.1
Terengganu,1/1/2025,female,50-54,other_noncitizen,0.6
Terengganu,1/1/2025,female,55-59,overall,26
Terengganu,1/1/2025,female,55-59,bumi_malay,24.7
Terengganu,1/1/2025,female,55-59,bumi_other,0.1
Terengganu,1/1/2025,female,55-59,chinese,0.7
Terengganu,1/1/2025,female,55-59,indian,0
Terengganu,1/1/2025,female,55-59,other_citizen,0
Terengganu,1/1/2025,female,55-59,other_noncitizen,0.4
Terengganu,1/1/2025,female,60-64,overall,24.2
Terengganu,1/1/2025,female,60-64,bumi_malay,23
Terengganu,1/1/2025,female,60-64,bumi_other,0.1
Terengganu,1/1/2025,female,60-64,chinese,0.7
Terengganu,1/1/2025,female,60-64,indian,0
Terengganu,1/1/2025,female,60-64,other_citizen,0.1
Terengganu,1/1/2025,female,60-64,other_noncitizen,0.2
Terengganu,1/1/2025,female,65-69,overall,18.3
Terengganu,1/1/2025,female,65-69,bumi_malay,17.5
Terengganu,1/1/2025,female,65-69,bumi_other,0.1
Terengganu,1/1/2025,female,65-69,chinese,0.6
Terengganu,1/1/2025,female,65-69,indian,0
Terengganu,1/1/2025,female,65-69,other_citizen,0
Terengganu,1/1/2025,female,65-69,other_noncitizen,0.1
Terengganu,1/1/2025,female,70-74,overall,12.1
Terengganu,1/1/2025,female,70-74,bumi_malay,11.5
Terengganu,1/1/2025,female,70-74,bumi_other,0
Terengganu,1/1/2025,female,70-74,chinese,0.5
Terengganu,1/1/2025,female,70-74,indian,0
Terengganu,1/1/2025,female,70-74,other_citizen,0
Terengganu,1/1/2025,female,70-74,other_noncitizen,0.1
Terengganu,1/1/2025,female,75-79,overall,6.8
Terengganu,1/1/2025,female,75-79,bumi_malay,6.4
Terengganu,1/1/2025,female,75-79,bumi_other,0
Terengganu,1/1/2025,female,75-79,chinese,0.3
Terengganu,1/1/2025,female,75-79,indian,0
Terengganu,1/1/2025,female,75-79,other_citizen,0
Terengganu,1/1/2025,female,75-79,other_noncitizen,0
Terengganu,1/1/2025,female,80-84,overall,3.7
Terengganu,1/1/2025,female,80-84,bumi_malay,3.5
Terengganu,1/1/2025,female,80-84,bumi_other,0
Terengganu,1/1/2025,female,80-84,chinese,0.2
Terengganu,1/1/2025,female,80-84,indian,0
Terengganu,1/1/2025,female,80-84,other_citizen,0
Terengganu,1/1/2025,female,80-84,other_noncitizen,0
Terengganu,1/1/2025,female,85+,overall,1.8
Terengganu,1/1/2025,female,85+,bumi_malay,1.6
Terengganu,1/1/2025,female,85+,bumi_other,0
Terengganu,1/1/2025,female,85+,chinese,0.1
Terengganu,1/1/2025,female,85+,indian,0
Terengganu,1/1/2025,female,85+,other_citizen,0
Terengganu,1/1/2025,female,85+,other_noncitizen,0
Terengganu,1/1/2025,male,overall,overall,640.3
Terengganu,1/1/2025,male,overall,bumi_malay,592.7
Terengganu,1/1/2025,male,overall,bumi_other,1.7
Terengganu,1/1/2025,male,overall,chinese,11.6
Terengganu,1/1/2025,male,overall,indian,0.9
Terengganu,1/1/2025,male,overall,other_citizen,1.4
Terengganu,1/1/2025,male,overall,other_noncitizen,31.8
Terengganu,1/1/2025,male,0-4,overall,64.5
Terengganu,1/1/2025,male,0-4,bumi_malay,63.4
Terengganu,1/1/2025,male,0-4,bumi_other,0.1
Terengganu,1/1/2025,male,0-4,chinese,0.3
Terengganu,1/1/2025,male,0-4,indian,0
Terengganu,1/1/2025,male,0-4,other_citizen,0.2
Terengganu,1/1/2025,male,0-4,other_noncitizen,0.5
Terengganu,1/1/2025,male,5-9,overall,55.1
Terengganu,1/1/2025,male,5-9,bumi_malay,53.8
Terengganu,1/1/2025,male,5-9,bumi_other,0.1
Terengganu,1/1/2025,male,5-9,chinese,0.7
Terengganu,1/1/2025,male,5-9,indian,0
Terengganu,1/1/2025,male,5-9,other_citizen,0.1
Terengganu,1/1/2025,male,5-9,other_noncitizen,0.4
Terengganu,1/1/2025,male,10-14,overall,56.2
Terengganu,1/1/2025,male,10-14,bumi_malay,54.8
Terengganu,1/1/2025,male,10-14,bumi_other,0.1
Terengganu,1/1/2025,male,10-14,chinese,0.9
Terengganu,1/1/2025,male,10-14,indian,0.1
Terengganu,1/1/2025,male,10-14,other_citizen,0.1
Terengganu,1/1/2025,male,10-14,other_noncitizen,0.2
Terengganu,1/1/2025,male,15-19,overall,57.1
Terengganu,1/1/2025,male,15-19,bumi_malay,55.2
Terengganu,1/1/2025,male,15-19,bumi_other,0.1
Terengganu,1/1/2025,male,15-19,chinese,0.9
Terengganu,1/1/2025,male,15-19,indian,0.1
Terengganu,1/1/2025,male,15-19,other_citizen,0.1
Terengganu,1/1/2025,male,15-19,other_noncitizen,0.8
Terengganu,1/1/2025,male,20-24,overall,61.3
Terengganu,1/1/2025,male,20-24,bumi_malay,56.2
Terengganu,1/1/2025,male,20-24,bumi_other,0.1
Terengganu,1/1/2025,male,20-24,chinese,0.8
Terengganu,1/1/2025,male,20-24,indian,0.1
Terengganu,1/1/2025,male,20-24,other_citizen,0.1
Terengganu,1/1/2025,male,20-24,other_noncitizen,4
Terengganu,1/1/2025,male,25-29,overall,58
Terengganu,1/1/2025,male,25-29,bumi_malay,50.5
Terengganu,1/1/2025,male,25-29,bumi_other,0.2
Terengganu,1/1/2025,male,25-29,chinese,0.8
Terengganu,1/1/2025,male,25-29,indian,0.2
Terengganu,1/1/2025,male,25-29,other_citizen,0.1
Terengganu,1/1/2025,male,25-29,other_noncitizen,6.2
Terengganu,1/1/2025,male,30-34,overall,50.8
Terengganu,1/1/2025,male,30-34,bumi_malay,43.3
Terengganu,1/1/2025,male,30-34,bumi_other,0.1
Terengganu,1/1/2025,male,30-34,chinese,0.8
Terengganu,1/1/2025,male,30-34,indian,0.1
Terengganu,1/1/2025,male,30-34,other_citizen,0.2
Terengganu,1/1/2025,male,30-34,other_noncitizen,6.3
Terengganu,1/1/2025,male,35-39,overall,48.3
Terengganu,1/1/2025,male,35-39,bumi_malay,41.7
Terengganu,1/1/2025,male,35-39,bumi_other,0.2
Terengganu,1/1/2025,male,35-39,chinese,0.8
Terengganu,1/1/2025,male,35-39,indian,0.1
Terengganu,1/1/2025,male,35-39,other_citizen,0.2
Terengganu,1/1/2025,male,35-39,other_noncitizen,5.4
Terengganu,1/1/2025,male,40-44,overall,45.1
Terengganu,1/1/2025,male,40-44,bumi_malay,40
Terengganu,1/1/2025,male,40-44,bumi_other,0.2
Terengganu,1/1/2025,male,40-44,chinese,1
Terengganu,1/1/2025,male,40-44,indian,0.1
Terengganu,1/1/2025,male,40-44,other_citizen,0.2
Terengganu,1/1/2025,male,40-44,other_noncitizen,3.7
Terengganu,1/1/2025,male,45-49,overall,33.6
Terengganu,1/1/2025,male,45-49,bumi_malay,30.5
Terengganu,1/1/2025,male,45-49,bumi_other,0.1
Terengganu,1/1/2025,male,45-49,chinese,0.8
Terengganu,1/1/2025,male,45-49,indian,0.1
Terengganu,1/1/2025,male,45-49,other_citizen,0.1
Terengganu,1/1/2025,male,45-49,other_noncitizen,2
Terengganu,1/1/2025,male,50-54,overall,28
Terengganu,1/1/2025,male,50-54,bumi_malay,26
Terengganu,1/1/2025,male,50-54,bumi_other,0.1
Terengganu,1/1/2025,male,50-54,chinese,0.8
Terengganu,1/1/2025,male,50-54,indian,0.1
Terengganu,1/1/2025,male,50-54,other_citizen,0.1
Terengganu,1/1/2025,male,50-54,other_noncitizen,1
Terengganu,1/1/2025,male,55-59,overall,23.7
Terengganu,1/1/2025,male,55-59,bumi_malay,22.1
Terengganu,1/1/2025,male,55-59,bumi_other,0.1
Terengganu,1/1/2025,male,55-59,chinese,0.7
Terengganu,1/1/2025,male,55-59,indian,0.1
Terengganu,1/1/2025,male,55-59,other_citizen,0
Terengganu,1/1/2025,male,55-59,other_noncitizen,0.7
Terengganu,1/1/2025,male,60-64,overall,22.4
Terengganu,1/1/2025,male,60-64,bumi_malay,21.1
Terengganu,1/1/2025,male,60-64,bumi_other,0.1
Terengganu,1/1/2025,male,60-64,chinese,0.8
Terengganu,1/1/2025,male,60-64,indian,0
Terengganu,1/1/2025,male,60-64,other_citizen,0
Terengganu,1/1/2025,male,60-64,other_noncitizen,0.4
Terengganu,1/1/2025,male,65-69,overall,16.1
Terengganu,1/1/2025,male,65-69,bumi_malay,15.2
Terengganu,1/1/2025,male,65-69,bumi_other,0.1
Terengganu,1/1/2025,male,65-69,chinese,0.6
Terengganu,1/1/2025,male,65-69,indian,0
Terengganu,1/1/2025,male,65-69,other_citizen,0
Terengganu,1/1/2025,male,65-69,other_noncitizen,0.2
Terengganu,1/1/2025,male,70-74,overall,10.7
Terengganu,1/1/2025,male,70-74,bumi_malay,10.1
Terengganu,1/1/2025,male,70-74,bumi_other,0
Terengganu,1/1/2025,male,70-74,chinese,0.4
Terengganu,1/1/2025,male,70-74,indian,0
Terengganu,1/1/2025,male,70-74,other_citizen,0
Terengganu,1/1/2025,male,70-74,other_noncitizen,0.1
Terengganu,1/1/2025,male,75-79,overall,5.9
Terengganu,1/1/2025,male,75-79,bumi_malay,5.5
Terengganu,1/1/2025,male,75-79,bumi_other,0
Terengganu,1/1/2025,male,75-79,chinese,0.3
Terengganu,1/1/2025,male,75-79,indian,0
Terengganu,1/1/2025,male,75-79,other_citizen,0
Terengganu,1/1/2025,male,75-79,other_noncitizen,0
Terengganu,1/1/2025,male,80-84,overall,2.5
Terengganu,1/1/2025,male,80-84,bumi_malay,2.3
Terengganu,1/1/2025,male,80-84,bumi_other,0
Terengganu,1/1/2025,male,80-84,chinese,0.2
Terengganu,1/1/2025,male,80-84,indian,0
Terengganu,1/1/2025,male,80-84,other_citizen,0
Terengganu,1/1/2025,male,80-84,other_noncitizen,0
Terengganu,1/1/2025,male,85+,overall,1
Terengganu,1/1/2025,male,85+,bumi_malay,0.9
Terengganu,1/1/2025,male,85+,bumi_other,0
Terengganu,1/1/2025,male,85+,chinese,0.1
Terengganu,1/1/2025,male,85+,indian,0
Terengganu,1/1/2025,male,85+,other_citizen,0
Terengganu,1/1/2025,male,85+,other_noncitizen,0
W.P. Kuala Lumpur,1/1/2025,both,overall,overall,2074.1
W.P. Kuala Lumpur,1/1/2025,both,overall,bumi_malay,862.3
W.P. Kuala Lumpur,1/1/2025,both,overall,bumi_other,21
W.P. Kuala Lumpur,1/1/2025,both,overall,chinese,729.5
W.P. Kuala Lumpur,1/1/2025,both,overall,indian,176.9
W.P. Kuala Lumpur,1/1/2025,both,overall,other_citizen,13.8
W.P. Kuala Lumpur,1/1/2025,both,overall,other_noncitizen,270.7
W.P. Kuala Lumpur,1/1/2025,both,0-4,overall,100.6
W.P. Kuala Lumpur,1/1/2025,both,0-4,bumi_malay,58.9
W.P. Kuala Lumpur,1/1/2025,both,0-4,bumi_other,2
W.P. Kuala Lumpur,1/1/2025,both,0-4,chinese,21.3
W.P. Kuala Lumpur,1/1/2025,both,0-4,indian,6.2
W.P. Kuala Lumpur,1/1/2025,both,0-4,other_citizen,2.5
W.P. Kuala Lumpur,1/1/2025,both,0-4,other_noncitizen,9.7
W.P. Kuala Lumpur,1/1/2025,both,5-9,overall,126.6
W.P. Kuala Lumpur,1/1/2025,both,5-9,bumi_malay,67
W.P. Kuala Lumpur,1/1/2025,both,5-9,bumi_other,0.7
W.P. Kuala Lumpur,1/1/2025,both,5-9,chinese,41.2
W.P. Kuala Lumpur,1/1/2025,both,5-9,indian,10.7
W.P. Kuala Lumpur,1/1/2025,both,5-9,other_citizen,1.2
W.P. Kuala Lumpur,1/1/2025,both,5-9,other_noncitizen,5.9
W.P. Kuala Lumpur,1/1/2025,both,10-14,overall,121.6
W.P. Kuala Lumpur,1/1/2025,both,10-14,bumi_malay,61.7
W.P. Kuala Lumpur,1/1/2025,both,10-14,bumi_other,1.7
W.P. Kuala Lumpur,1/1/2025,both,10-14,chinese,44.8
W.P. Kuala Lumpur,1/1/2025,both,10-14,indian,10.9
W.P. Kuala Lumpur,1/1/2025,both,10-14,other_citizen,1.2
W.P. Kuala Lumpur,1/1/2025,both,10-14,other_noncitizen,1.3
W.P. Kuala Lumpur,1/1/2025,both,15-19,overall,142.9
W.P. Kuala Lumpur,1/1/2025,both,15-19,bumi_malay,59.4
W.P. Kuala Lumpur,1/1/2025,both,15-19,bumi_other,1.3
W.P. Kuala Lumpur,1/1/2025,both,15-19,chinese,63.4
W.P. Kuala Lumpur,1/1/2025,both,15-19,indian,13.8
W.P. Kuala Lumpur,1/1/2025,both,15-19,other_citizen,0.6
W.P. Kuala Lumpur,1/1/2025,both,15-19,other_noncitizen,4.3
W.P. Kuala Lumpur,1/1/2025,both,20-24,overall,142.4
W.P. Kuala Lumpur,1/1/2025,both,20-24,bumi_malay,60.6
W.P. Kuala Lumpur,1/1/2025,both,20-24,bumi_other,1
W.P. Kuala Lumpur,1/1/2025,both,20-24,chinese,53.2
W.P. Kuala Lumpur,1/1/2025,both,20-24,indian,14.6
W.P. Kuala Lumpur,1/1/2025,both,20-24,other_citizen,0.8
W.P. Kuala Lumpur,1/1/2025,both,20-24,other_noncitizen,12.2
W.P. Kuala Lumpur,1/1/2025,both,25-29,overall,146.4
W.P. Kuala Lumpur,1/1/2025,both,25-29,bumi_malay,51
W.P. Kuala Lumpur,1/1/2025,both,25-29,bumi_other,1.6
W.P. Kuala Lumpur,1/1/2025,both,25-29,chinese,41.1
W.P. Kuala Lumpur,1/1/2025,both,25-29,indian,11
W.P. Kuala Lumpur,1/1/2025,both,25-29,other_citizen,0.6
W.P. Kuala Lumpur,1/1/2025,both,25-29,other_noncitizen,41
W.P. Kuala Lumpur,1/1/2025,both,30-34,overall,205
W.P. Kuala Lumpur,1/1/2025,both,30-34,bumi_malay,81.3
W.P. Kuala Lumpur,1/1/2025,both,30-34,bumi_other,2.6
W.P. Kuala Lumpur,1/1/2025,both,30-34,chinese,51.9
W.P. Kuala Lumpur,1/1/2025,both,30-34,indian,13.5
W.P. Kuala Lumpur,1/1/2025,both,30-34,other_citizen,1
W.P. Kuala Lumpur,1/1/2025,both,30-34,other_noncitizen,54.8
W.P. Kuala Lumpur,1/1/2025,both,35-39,overall,238.9
W.P. Kuala Lumpur,1/1/2025,both,35-39,bumi_malay,90.2
W.P. Kuala Lumpur,1/1/2025,both,35-39,bumi_other,2.7
W.P. Kuala Lumpur,1/1/2025,both,35-39,chinese,68.8
W.P. Kuala Lumpur,1/1/2025,both,35-39,indian,16.8
W.P. Kuala Lumpur,1/1/2025,both,35-39,other_citizen,1.3
W.P. Kuala Lumpur,1/1/2025,both,35-39,other_noncitizen,59.1
W.P. Kuala Lumpur,1/1/2025,both,40-44,overall,243.2
W.P. Kuala Lumpur,1/1/2025,both,40-44,bumi_malay,90.8
W.P. Kuala Lumpur,1/1/2025,both,40-44,bumi_other,2.5
W.P. Kuala Lumpur,1/1/2025,both,40-44,chinese,88.1
W.P. Kuala Lumpur,1/1/2025,both,40-44,indian,19.7
W.P. Kuala Lumpur,1/1/2025,both,40-44,other_citizen,1.4
W.P. Kuala Lumpur,1/1/2025,both,40-44,other_noncitizen,40.7
W.P. Kuala Lumpur,1/1/2025,both,45-49,overall,177.9
W.P. Kuala Lumpur,1/1/2025,both,45-49,bumi_malay,62.4
W.P. Kuala Lumpur,1/1/2025,both,45-49,bumi_other,1.5
W.P. Kuala Lumpur,1/1/2025,both,45-49,chinese,72.4
W.P. Kuala Lumpur,1/1/2025,both,45-49,indian,16
W.P. Kuala Lumpur,1/1/2025,both,45-49,other_citizen,1
W.P. Kuala Lumpur,1/1/2025,both,45-49,other_noncitizen,24.6
W.P. Kuala Lumpur,1/1/2025,both,50-54,overall,128.4
W.P. Kuala Lumpur,1/1/2025,both,50-54,bumi_malay,48.5
W.P. Kuala Lumpur,1/1/2025,both,50-54,bumi_other,1
W.P. Kuala Lumpur,1/1/2025,both,50-54,chinese,57.7
W.P. Kuala Lumpur,1/1/2025,both,50-54,indian,13.7
W.P. Kuala Lumpur,1/1/2025,both,50-54,other_citizen,0.6
W.P. Kuala Lumpur,1/1/2025,both,50-54,other_noncitizen,7
W.P. Kuala Lumpur,1/1/2025,both,55-59,overall,79.8
W.P. Kuala Lumpur,1/1/2025,both,55-59,bumi_malay,29.9
W.P. Kuala Lumpur,1/1/2025,both,55-59,bumi_other,0.5
W.P. Kuala Lumpur,1/1/2025,both,55-59,chinese,37.4
W.P. Kuala Lumpur,1/1/2025,both,55-59,indian,8.7
W.P. Kuala Lumpur,1/1/2025,both,55-59,other_citizen,0.4
W.P. Kuala Lumpur,1/1/2025,both,55-59,other_noncitizen,2.9
W.P. Kuala Lumpur,1/1/2025,both,60-64,overall,72.5
W.P. Kuala Lumpur,1/1/2025,both,60-64,bumi_malay,29.1
W.P. Kuala Lumpur,1/1/2025,both,60-64,bumi_other,0.3
W.P. Kuala Lumpur,1/1/2025,both,60-64,chinese,33.2
W.P. Kuala Lumpur,1/1/2025,both,60-64,indian,8.1
W.P. Kuala Lumpur,1/1/2025,both,60-64,other_citizen,0.3
W.P. Kuala Lumpur,1/1/2025,both,60-64,other_noncitizen,1.5
W.P. Kuala Lumpur,1/1/2025,both,65-69,overall,46.2
W.P. Kuala Lumpur,1/1/2025,both,65-69,bumi_malay,17.1
W.P. Kuala Lumpur,1/1/2025,both,65-69,bumi_other,0.2
W.P. Kuala Lumpur,1/1/2025,both,65-69,chinese,21.5
W.P. Kuala Lumpur,1/1/2025,both,65-69,indian,4.9
W.P. Kuala Lumpur,1/1/2025,both,65-69,other_citizen,0.2
W.P. Kuala Lumpur,1/1/2025,both,65-69,other_noncitizen,2.3
W.P. Kuala Lumpur,1/1/2025,both,70-74,overall,45.5
W.P. Kuala Lumpur,1/1/2025,both,70-74,bumi_malay,23.6
W.P. Kuala Lumpur,1/1/2025,both,70-74,bumi_other,0.3
W.P. Kuala Lumpur,1/1/2025,both,70-74,chinese,16.1
W.P. Kuala Lumpur,1/1/2025,both,70-74,indian,3.8
W.P. Kuala Lumpur,1/1/2025,both,70-74,other_citizen,0.4
W.P. Kuala Lumpur,1/1/2025,both,70-74,other_noncitizen,1.3
W.P. Kuala Lumpur,1/1/2025,both,75-79,overall,30.8
W.P. Kuala Lumpur,1/1/2025,both,75-79,bumi_malay,15.9
W.P. Kuala Lumpur,1/1/2025,both,75-79,bumi_other,0.2
W.P. Kuala Lumpur,1/1/2025,both,75-79,chinese,11
W.P. Kuala Lumpur,1/1/2025,both,75-79,indian,2.7
W.P. Kuala Lumpur,1/1/2025,both,75-79,other_citizen,0.2
W.P. Kuala Lumpur,1/1/2025,both,75-79,other_noncitizen,0.8
W.P. Kuala Lumpur,1/1/2025,both,80-84,overall,16
W.P. Kuala Lumpur,1/1/2025,both,80-84,bumi_malay,8.2
W.P. Kuala Lumpur,1/1/2025,both,80-84,bumi_other,0.5
W.P. Kuala Lumpur,1/1/2025,both,80-84,chinese,5.4
W.P. Kuala Lumpur,1/1/2025,both,80-84,indian,1.3
W.P. Kuala Lumpur,1/1/2025,both,80-84,other_citizen,0.2
W.P. Kuala Lumpur,1/1/2025,both,80-84,other_noncitizen,0.6
W.P. Kuala Lumpur,1/1/2025,both,85+,overall,9.2
W.P. Kuala Lumpur,1/1/2025,both,85+,bumi_malay,6.6
W.P. Kuala Lumpur,1/1/2025,both,85+,bumi_other,0.3
W.P. Kuala Lumpur,1/1/2025,both,85+,chinese,1.1
W.P. Kuala Lumpur,1/1/2025,both,85+,indian,0.6
W.P. Kuala Lumpur,1/1/2025,both,85+,other_citizen,0.1
W.P. Kuala Lumpur,1/1/2025,both,85+,other_noncitizen,0.6
W.P. Kuala Lumpur,1/1/2025,female,overall,overall,954.5
W.P. Kuala Lumpur,1/1/2025,female,overall,bumi_malay,428.8
W.P. Kuala Lumpur,1/1/2025,female,overall,bumi_other,10.4
W.P. Kuala Lumpur,1/1/2025,female,overall,chinese,359.6
W.P. Kuala Lumpur,1/1/2025,female,overall,indian,86.5
W.P. Kuala Lumpur,1/1/2025,female,overall,other_citizen,6.9
W.P. Kuala Lumpur,1/1/2025,female,overall,other_noncitizen,62.3
W.P. Kuala Lumpur,1/1/2025,female,0-4,overall,48.4
W.P. Kuala Lumpur,1/1/2025,female,0-4,bumi_malay,28.5
W.P. Kuala Lumpur,1/1/2025,female,0-4,bumi_other,1
W.P. Kuala Lumpur,1/1/2025,female,0-4,chinese,10.2
W.P. Kuala Lumpur,1/1/2025,female,0-4,indian,3.1
W.P. Kuala Lumpur,1/1/2025,female,0-4,other_citizen,1.2
W.P. Kuala Lumpur,1/1/2025,female,0-4,other_noncitizen,4.5
W.P. Kuala Lumpur,1/1/2025,female,5-9,overall,62.6
W.P. Kuala Lumpur,1/1/2025,female,5-9,bumi_malay,33.7
W.P. Kuala Lumpur,1/1/2025,female,5-9,bumi_other,0.4
W.P. Kuala Lumpur,1/1/2025,female,5-9,chinese,19.7
W.P. Kuala Lumpur,1/1/2025,female,5-9,indian,5.3
W.P. Kuala Lumpur,1/1/2025,female,5-9,other_citizen,0.6
W.P. Kuala Lumpur,1/1/2025,female,5-9,other_noncitizen,3
W.P. Kuala Lumpur,1/1/2025,female,10-14,overall,57.2
W.P. Kuala Lumpur,1/1/2025,female,10-14,bumi_malay,29
W.P. Kuala Lumpur,1/1/2025,female,10-14,bumi_other,0.7
W.P. Kuala Lumpur,1/1/2025,female,10-14,chinese,21.2
W.P. Kuala Lumpur,1/1/2025,female,10-14,indian,5.1
W.P. Kuala Lumpur,1/1/2025,female,10-14,other_citizen,0.6
W.P. Kuala Lumpur,1/1/2025,female,10-14,other_noncitizen,0.5
W.P. Kuala Lumpur,1/1/2025,female,15-19,overall,69
W.P. Kuala Lumpur,1/1/2025,female,15-19,bumi_malay,29
W.P. Kuala Lumpur,1/1/2025,female,15-19,bumi_other,0.8
W.P. Kuala Lumpur,1/1/2025,female,15-19,chinese,30.7
W.P. Kuala Lumpur,1/1/2025,female,15-19,indian,6.1
W.P. Kuala Lumpur,1/1/2025,female,15-19,other_citizen,0.3
W.P. Kuala Lumpur,1/1/2025,female,15-19,other_noncitizen,2.1
W.P. Kuala Lumpur,1/1/2025,female,20-24,overall,63.9
W.P. Kuala Lumpur,1/1/2025,female,20-24,bumi_malay,28.9
W.P. Kuala Lumpur,1/1/2025,female,20-24,bumi_other,0.5
W.P. Kuala Lumpur,1/1/2025,female,20-24,chinese,24.8
W.P. Kuala Lumpur,1/1/2025,female,20-24,indian,6.6
W.P. Kuala Lumpur,1/1/2025,female,20-24,other_citizen,0.4
W.P. Kuala Lumpur,1/1/2025,female,20-24,other_noncitizen,2.6
W.P. Kuala Lumpur,1/1/2025,female,25-29,overall,59.2
W.P. Kuala Lumpur,1/1/2025,female,25-29,bumi_malay,25.4
W.P. Kuala Lumpur,1/1/2025,female,25-29,bumi_other,0.7
W.P. Kuala Lumpur,1/1/2025,female,25-29,chinese,20
W.P. Kuala Lumpur,1/1/2025,female,25-29,indian,5.1
W.P. Kuala Lumpur,1/1/2025,female,25-29,other_citizen,0.3
W.P. Kuala Lumpur,1/1/2025,female,25-29,other_noncitizen,7.6
W.P. Kuala Lumpur,1/1/2025,female,30-34,overall,88.8
W.P. Kuala Lumpur,1/1/2025,female,30-34,bumi_malay,42.9
W.P. Kuala Lumpur,1/1/2025,female,30-34,bumi_other,1.4
W.P. Kuala Lumpur,1/1/2025,female,30-34,chinese,26.7
W.P. Kuala Lumpur,1/1/2025,female,30-34,indian,6.9
W.P. Kuala Lumpur,1/1/2025,female,30-34,other_citizen,0.5
W.P. Kuala Lumpur,1/1/2025,female,30-34,other_noncitizen,10.5
W.P. Kuala Lumpur,1/1/2025,female,35-39,overall,103.3
W.P. Kuala Lumpur,1/1/2025,female,35-39,bumi_malay,46.1
W.P. Kuala Lumpur,1/1/2025,female,35-39,bumi_other,1.4
W.P. Kuala Lumpur,1/1/2025,female,35-39,chinese,35.5
W.P. Kuala Lumpur,1/1/2025,female,35-39,indian,8.4
W.P. Kuala Lumpur,1/1/2025,female,35-39,other_citizen,0.6
W.P. Kuala Lumpur,1/1/2025,female,35-39,other_noncitizen,11.3
W.P. Kuala Lumpur,1/1/2025,female,40-44,overall,109
W.P. Kuala Lumpur,1/1/2025,female,40-44,bumi_malay,45.1
W.P. Kuala Lumpur,1/1/2025,female,40-44,bumi_other,1.3
W.P. Kuala Lumpur,1/1/2025,female,40-44,chinese,44.1
W.P. Kuala Lumpur,1/1/2025,female,40-44,indian,9.8
W.P. Kuala Lumpur,1/1/2025,female,40-44,other_citizen,0.7
W.P. Kuala Lumpur,1/1/2025,female,40-44,other_noncitizen,8.1
W.P. Kuala Lumpur,1/1/2025,female,45-49,overall,81.6
W.P. Kuala Lumpur,1/1/2025,female,45-49,bumi_malay,31.3
W.P. Kuala Lumpur,1/1/2025,female,45-49,bumi_other,0.7
W.P. Kuala Lumpur,1/1/2025,female,45-49,chinese,35.8
W.P. Kuala Lumpur,1/1/2025,female,45-49,indian,7.9
W.P. Kuala Lumpur,1/1/2025,female,45-49,other_citizen,0.5
W.P. Kuala Lumpur,1/1/2025,female,45-49,other_noncitizen,5.3
W.P. Kuala Lumpur,1/1/2025,female,50-54,overall,59.5
W.P. Kuala Lumpur,1/1/2025,female,50-54,bumi_malay,22.8
W.P. Kuala Lumpur,1/1/2025,female,50-54,bumi_other,0.4
W.P. Kuala Lumpur,1/1/2025,female,50-54,chinese,27
W.P. Kuala Lumpur,1/1/2025,female,50-54,indian,6.6
W.P. Kuala Lumpur,1/1/2025,female,50-54,other_citizen,0.3
W.P. Kuala Lumpur,1/1/2025,female,50-54,other_noncitizen,2.3
W.P. Kuala Lumpur,1/1/2025,female,55-59,overall,39.6
W.P. Kuala Lumpur,1/1/2025,female,55-59,bumi_malay,15
W.P. Kuala Lumpur,1/1/2025,female,55-59,bumi_other,0.3
W.P. Kuala Lumpur,1/1/2025,female,55-59,chinese,18.4
W.P. Kuala Lumpur,1/1/2025,female,55-59,indian,4.4
W.P. Kuala Lumpur,1/1/2025,female,55-59,other_citizen,0.2
W.P. Kuala Lumpur,1/1/2025,female,55-59,other_noncitizen,1.3
W.P. Kuala Lumpur,1/1/2025,female,60-64,overall,36.6
W.P. Kuala Lumpur,1/1/2025,female,60-64,bumi_malay,14.8
W.P. Kuala Lumpur,1/1/2025,female,60-64,bumi_other,0.2
W.P. Kuala Lumpur,1/1/2025,female,60-64,chinese,16.6
W.P. Kuala Lumpur,1/1/2025,female,60-64,indian,4.1
W.P. Kuala Lumpur,1/1/2025,female,60-64,other_citizen,0.2
W.P. Kuala Lumpur,1/1/2025,female,60-64,other_noncitizen,0.7
W.P. Kuala Lumpur,1/1/2025,female,65-69,overall,24.1
W.P. Kuala Lumpur,1/1/2025,female,65-69,bumi_malay,9
W.P. Kuala Lumpur,1/1/2025,female,65-69,bumi_other,0.1
W.P. Kuala Lumpur,1/1/2025,female,65-69,chinese,11.3
W.P. Kuala Lumpur,1/1/2025,female,65-69,indian,2.6
W.P. Kuala Lumpur,1/1/2025,female,65-69,other_citizen,0.1
W.P. Kuala Lumpur,1/1/2025,female,65-69,other_noncitizen,1
W.P. Kuala Lumpur,1/1/2025,female,70-74,overall,23.6
W.P. Kuala Lumpur,1/1/2025,female,70-74,bumi_malay,12.1
W.P. Kuala Lumpur,1/1/2025,female,70-74,bumi_other,0.1
W.P. Kuala Lumpur,1/1/2025,female,70-74,chinese,8.7
W.P. Kuala Lumpur,1/1/2025,female,70-74,indian,2
W.P. Kuala Lumpur,1/1/2025,female,70-74,other_citizen,0.2
W.P. Kuala Lumpur,1/1/2025,female,70-74,other_noncitizen,0.5
W.P. Kuala Lumpur,1/1/2025,female,75-79,overall,16.1
W.P. Kuala Lumpur,1/1/2025,female,75-79,bumi_malay,8.1
W.P. Kuala Lumpur,1/1/2025,female,75-79,bumi_other,0.1
W.P. Kuala Lumpur,1/1/2025,female,75-79,chinese,5.8
W.P. Kuala Lumpur,1/1/2025,female,75-79,indian,1.5
W.P. Kuala Lumpur,1/1/2025,female,75-79,other_citizen,0.1
W.P. Kuala Lumpur,1/1/2025,female,75-79,other_noncitizen,0.4
W.P. Kuala Lumpur,1/1/2025,female,80-84,overall,8.8
W.P. Kuala Lumpur,1/1/2025,female,80-84,bumi_malay,4.4
W.P. Kuala Lumpur,1/1/2025,female,80-84,bumi_other,0.1
W.P. Kuala Lumpur,1/1/2025,female,80-84,chinese,3.2
W.P. Kuala Lumpur,1/1/2025,female,80-84,indian,0.7
W.P. Kuala Lumpur,1/1/2025,female,80-84,other_citizen,0.1
W.P. Kuala Lumpur,1/1/2025,female,80-84,other_noncitizen,0.3
W.P. Kuala Lumpur,1/1/2025,female,85+,overall,3.4
W.P. Kuala Lumpur,1/1/2025,female,85+,bumi_malay,2.6
W.P. Kuala Lumpur,1/1/2025,female,85+,bumi_other,0.2
W.P. Kuala Lumpur,1/1/2025,female,85+,chinese,0.1
W.P. Kuala Lumpur,1/1/2025,female,85+,indian,0.2
W.P. Kuala Lumpur,1/1/2025,female,85+,other_citizen,0
W.P. Kuala Lumpur,1/1/2025,female,85+,other_noncitizen,0.3
W.P. Kuala Lumpur,1/1/2025,male,overall,overall,1119.6
W.P. Kuala Lumpur,1/1/2025,male,overall,bumi_malay,433.5
W.P. Kuala Lumpur,1/1/2025,male,overall,bumi_other,10.6
W.P. Kuala Lumpur,1/1/2025,male,overall,chinese,369.8
W.P. Kuala Lumpur,1/1/2025,male,overall,indian,90.3
W.P. Kuala Lumpur,1/1/2025,male,overall,other_citizen,6.9
W.P. Kuala Lumpur,1/1/2025,male,overall,other_noncitizen,208.4
W.P. Kuala Lumpur,1/1/2025,male,0-4,overall,52.2
W.P. Kuala Lumpur,1/1/2025,male,0-4,bumi_malay,30.4
W.P. Kuala Lumpur,1/1/2025,male,0-4,bumi_other,1
W.P. Kuala Lumpur,1/1/2025,male,0-4,chinese,11.1
W.P. Kuala Lumpur,1/1/2025,male,0-4,indian,3.2
W.P. Kuala Lumpur,1/1/2025,male,0-4,other_citizen,1.3
W.P. Kuala Lumpur,1/1/2025,male,0-4,other_noncitizen,5.2
W.P. Kuala Lumpur,1/1/2025,male,5-9,overall,64
W.P. Kuala Lumpur,1/1/2025,male,5-9,bumi_malay,33.3
W.P. Kuala Lumpur,1/1/2025,male,5-9,bumi_other,0.4
W.P. Kuala Lumpur,1/1/2025,male,5-9,chinese,21.5
W.P. Kuala Lumpur,1/1/2025,male,5-9,indian,5.3
W.P. Kuala Lumpur,1/1/2025,male,5-9,other_citizen,0.6
W.P. Kuala Lumpur,1/1/2025,male,5-9,other_noncitizen,3
W.P. Kuala Lumpur,1/1/2025,male,10-14,overall,64.5
W.P. Kuala Lumpur,1/1/2025,male,10-14,bumi_malay,32.7
W.P. Kuala Lumpur,1/1/2025,male,10-14,bumi_other,0.9
W.P. Kuala Lumpur,1/1/2025,male,10-14,chinese,23.6
W.P. Kuala Lumpur,1/1/2025,male,10-14,indian,5.8
W.P. Kuala Lumpur,1/1/2025,male,10-14,other_citizen,0.6
W.P. Kuala Lumpur,1/1/2025,male,10-14,other_noncitizen,0.8
W.P. Kuala Lumpur,1/1/2025,male,15-19,overall,74
W.P. Kuala Lumpur,1/1/2025,male,15-19,bumi_malay,30.4
W.P. Kuala Lumpur,1/1/2025,male,15-19,bumi_other,0.5
W.P. Kuala Lumpur,1/1/2025,male,15-19,chinese,32.8
W.P. Kuala Lumpur,1/1/2025,male,15-19,indian,7.7
W.P. Kuala Lumpur,1/1/2025,male,15-19,other_citizen,0.3
W.P. Kuala Lumpur,1/1/2025,male,15-19,other_noncitizen,2.3
W.P. Kuala Lumpur,1/1/2025,male,20-24,overall,78.6
W.P. Kuala Lumpur,1/1/2025,male,20-24,bumi_malay,31.8
W.P. Kuala Lumpur,1/1/2025,male,20-24,bumi_other,0.5
W.P. Kuala Lumpur,1/1/2025,male,20-24,chinese,28.3
W.P. Kuala Lumpur,1/1/2025,male,20-24,indian,8
W.P. Kuala Lumpur,1/1/2025,male,20-24,other_citizen,0.4
W.P. Kuala Lumpur,1/1/2025,male,20-24,other_noncitizen,9.6
W.P. Kuala Lumpur,1/1/2025,male,25-29,overall,87.2
W.P. Kuala Lumpur,1/1/2025,male,25-29,bumi_malay,25.6
W.P. Kuala Lumpur,1/1/2025,male,25-29,bumi_other,0.9
W.P. Kuala Lumpur,1/1/2025,male,25-29,chinese,21.1
W.P. Kuala Lumpur,1/1/2025,male,25-29,indian,5.9
W.P. Kuala Lumpur,1/1/2025,male,25-29,other_citizen,0.3
W.P. Kuala Lumpur,1/1/2025,male,25-29,other_noncitizen,33.5
W.P. Kuala Lumpur,1/1/2025,male,30-34,overall,116.2
W.P. Kuala Lumpur,1/1/2025,male,30-34,bumi_malay,38.4
W.P. Kuala Lumpur,1/1/2025,male,30-34,bumi_other,1.2
W.P. Kuala Lumpur,1/1/2025,male,30-34,chinese,25.2
W.P. Kuala Lumpur,1/1/2025,male,30-34,indian,6.6
W.P. Kuala Lumpur,1/1/2025,male,30-34,other_citizen,0.5
W.P. Kuala Lumpur,1/1/2025,male,30-34,other_noncitizen,44.3
W.P. Kuala Lumpur,1/1/2025,male,35-39,overall,135.7
W.P. Kuala Lumpur,1/1/2025,male,35-39,bumi_malay,44.1
W.P. Kuala Lumpur,1/1/2025,male,35-39,bumi_other,1.4
W.P. Kuala Lumpur,1/1/2025,male,35-39,chinese,33.3
W.P. Kuala Lumpur,1/1/2025,male,35-39,indian,8.3
W.P. Kuala Lumpur,1/1/2025,male,35-39,other_citizen,0.7
W.P. Kuala Lumpur,1/1/2025,male,35-39,other_noncitizen,47.8
W.P. Kuala Lumpur,1/1/2025,male,40-44,overall,134.2
W.P. Kuala Lumpur,1/1/2025,male,40-44,bumi_malay,45.6
W.P. Kuala Lumpur,1/1/2025,male,40-44,bumi_other,1.3
W.P. Kuala Lumpur,1/1/2025,male,40-44,chinese,44
W.P. Kuala Lumpur,1/1/2025,male,40-44,indian,9.9
W.P. Kuala Lumpur,1/1/2025,male,40-44,other_citizen,0.7
W.P. Kuala Lumpur,1/1/2025,male,40-44,other_noncitizen,32.6
W.P. Kuala Lumpur,1/1/2025,male,45-49,overall,96.3
W.P. Kuala Lumpur,1/1/2025,male,45-49,bumi_malay,31.1
W.P. Kuala Lumpur,1/1/2025,male,45-49,bumi_other,0.8
W.P. Kuala Lumpur,1/1/2025,male,45-49,chinese,36.6
W.P. Kuala Lumpur,1/1/2025,male,45-49,indian,8.1
W.P. Kuala Lumpur,1/1/2025,male,45-49,other_citizen,0.5
W.P. Kuala Lumpur,1/1/2025,male,45-49,other_noncitizen,19.3
W.P. Kuala Lumpur,1/1/2025,male,50-54,overall,69
W.P. Kuala Lumpur,1/1/2025,male,50-54,bumi_malay,25.7
W.P. Kuala Lumpur,1/1/2025,male,50-54,bumi_other,0.5
W.P. Kuala Lumpur,1/1/2025,male,50-54,chinese,30.7
W.P. Kuala Lumpur,1/1/2025,male,50-54,indian,7.1
W.P. Kuala Lumpur,1/1/2025,male,50-54,other_citizen,0.3
W.P. Kuala Lumpur,1/1/2025,male,50-54,other_noncitizen,4.7
W.P. Kuala Lumpur,1/1/2025,male,55-59,overall,40.2
W.P. Kuala Lumpur,1/1/2025,male,55-59,bumi_malay,14.8
W.P. Kuala Lumpur,1/1/2025,male,55-59,bumi_other,0.2
W.P. Kuala Lumpur,1/1/2025,male,55-59,chinese,19
W.P. Kuala Lumpur,1/1/2025,male,55-59,indian,4.4
W.P. Kuala Lumpur,1/1/2025,male,55-59,other_citizen,0.2
W.P. Kuala Lumpur,1/1/2025,male,55-59,other_noncitizen,1.6
W.P. Kuala Lumpur,1/1/2025,male,60-64,overall,36
W.P. Kuala Lumpur,1/1/2025,male,60-64,bumi_malay,14.3
W.P. Kuala Lumpur,1/1/2025,male,60-64,bumi_other,0.2
W.P. Kuala Lumpur,1/1/2025,male,60-64,chinese,16.6
W.P. Kuala Lumpur,1/1/2025,male,60-64,indian,4
W.P. Kuala Lumpur,1/1/2025,male,60-64,other_citizen,0.1
W.P. Kuala Lumpur,1/1/2025,male,60-64,other_noncitizen,0.8
W.P. Kuala Lumpur,1/1/2025,male,65-69,overall,22.1
W.P. Kuala Lumpur,1/1/2025,male,65-69,bumi_malay,8.1
W.P. Kuala Lumpur,1/1/2025,male,65-69,bumi_other,0.1
W.P. Kuala Lumpur,1/1/2025,male,65-69,chinese,10.2
W.P. Kuala Lumpur,1/1/2025,male,65-69,indian,2.3
W.P. Kuala Lumpur,1/1/2025,male,65-69,other_citizen,0.1
W.P. Kuala Lumpur,1/1/2025,male,65-69,other_noncitizen,1.3
W.P. Kuala Lumpur,1/1/2025,male,70-74,overall,21.9
W.P. Kuala Lumpur,1/1/2025,male,70-74,bumi_malay,11.6
W.P. Kuala Lumpur,1/1/2025,male,70-74,bumi_other,0.1
W.P. Kuala Lumpur,1/1/2025,male,70-74,chinese,7.5
W.P. Kuala Lumpur,1/1/2025,male,70-74,indian,1.8
W.P. Kuala Lumpur,1/1/2025,male,70-74,other_citizen,0.1
W.P. Kuala Lumpur,1/1/2025,male,70-74,other_noncitizen,0.8
W.P. Kuala Lumpur,1/1/2025,male,75-79,overall,14.7
W.P. Kuala Lumpur,1/1/2025,male,75-79,bumi_malay,7.8
W.P. Kuala Lumpur,1/1/2025,male,75-79,bumi_other,0.1
W.P. Kuala Lumpur,1/1/2025,male,75-79,chinese,5.1
W.P. Kuala Lumpur,1/1/2025,male,75-79,indian,1.2
W.P. Kuala Lumpur,1/1/2025,male,75-79,other_citizen,0.1
W.P. Kuala Lumpur,1/1/2025,male,75-79,other_noncitizen,0.4
W.P. Kuala Lumpur,1/1/2025,male,80-84,overall,7.2
W.P. Kuala Lumpur,1/1/2025,male,80-84,bumi_malay,3.8
W.P. Kuala Lumpur,1/1/2025,male,80-84,bumi_other,0.4
W.P. Kuala Lumpur,1/1/2025,male,80-84,chinese,2.1
W.P. Kuala Lumpur,1/1/2025,male,80-84,indian,0.6
W.P. Kuala Lumpur,1/1/2025,male,80-84,other_citizen,0.1
W.P. Kuala Lumpur,1/1/2025,male,80-84,other_noncitizen,0.3
W.P. Kuala Lumpur,1/1/2025,male,85+,overall,5.8
W.P. Kuala Lumpur,1/1/2025,male,85+,bumi_malay,4.1
W.P. Kuala Lumpur,1/1/2025,male,85+,bumi_other,0.1
W.P. Kuala Lumpur,1/1/2025,male,85+,chinese,1
W.P. Kuala Lumpur,1/1/2025,male,85+,indian,0.4
W.P. Kuala Lumpur,1/1/2025,male,85+,other_citizen,0
W.P. Kuala Lumpur,1/1/2025,male,85+,other_noncitizen,0.2
W.P. Labuan,1/1/2025,both,overall,overall,100.9
W.P. Labuan,1/1/2025,both,overall,bumi_malay,36
W.P. Labuan,1/1/2025,both,overall,bumi_other,41.5
W.P. Labuan,1/1/2025,both,overall,chinese,9.6
W.P. Labuan,1/1/2025,both,overall,indian,0.9
W.P. Labuan,1/1/2025,both,overall,other_citizen,1.5
W.P. Labuan,1/1/2025,both,overall,other_noncitizen,11.5
W.P. Labuan,1/1/2025,both,0-4,overall,7.4
W.P. Labuan,1/1/2025,both,0-4,bumi_malay,2.9
W.P. Labuan,1/1/2025,both,0-4,bumi_other,3.1
W.P. Labuan,1/1/2025,both,0-4,chinese,0.2
W.P. Labuan,1/1/2025,both,0-4,indian,0
W.P. Labuan,1/1/2025,both,0-4,other_citizen,0.6
W.P. Labuan,1/1/2025,both,0-4,other_noncitizen,0.6
W.P. Labuan,1/1/2025,both,5-9,overall,10.6
W.P. Labuan,1/1/2025,both,5-9,bumi_malay,4.7
W.P. Labuan,1/1/2025,both,5-9,bumi_other,4.2
W.P. Labuan,1/1/2025,both,5-9,chinese,0.7
W.P. Labuan,1/1/2025,both,5-9,indian,0.1
W.P. Labuan,1/1/2025,both,5-9,other_citizen,0.1
W.P. Labuan,1/1/2025,both,5-9,other_noncitizen,0.8
W.P. Labuan,1/1/2025,both,10-14,overall,8
W.P. Labuan,1/1/2025,both,10-14,bumi_malay,2.9
W.P. Labuan,1/1/2025,both,10-14,bumi_other,3.7
W.P. Labuan,1/1/2025,both,10-14,chinese,0.4
W.P. Labuan,1/1/2025,both,10-14,indian,0
W.P. Labuan,1/1/2025,both,10-14,other_citizen,0.1
W.P. Labuan,1/1/2025,both,10-14,other_noncitizen,0.8
W.P. Labuan,1/1/2025,both,15-19,overall,7.8
W.P. Labuan,1/1/2025,both,15-19,bumi_malay,2.9
W.P. Labuan,1/1/2025,both,15-19,bumi_other,3.4
W.P. Labuan,1/1/2025,both,15-19,chinese,0.6
W.P. Labuan,1/1/2025,both,15-19,indian,0.1
W.P. Labuan,1/1/2025,both,15-19,other_citizen,0.1
W.P. Labuan,1/1/2025,both,15-19,other_noncitizen,0.8
W.P. Labuan,1/1/2025,both,20-24,overall,8.8
W.P. Labuan,1/1/2025,both,20-24,bumi_malay,3
W.P. Labuan,1/1/2025,both,20-24,bumi_other,3.9
W.P. Labuan,1/1/2025,both,20-24,chinese,0.8
W.P. Labuan,1/1/2025,both,20-24,indian,0.1
W.P. Labuan,1/1/2025,both,20-24,other_citizen,0.1
W.P. Labuan,1/1/2025,both,20-24,other_noncitizen,1
W.P. Labuan,1/1/2025,both,25-29,overall,8.6
W.P. Labuan,1/1/2025,both,25-29,bumi_malay,2.6
W.P. Labuan,1/1/2025,both,25-29,bumi_other,3.4
W.P. Labuan,1/1/2025,both,25-29,chinese,0.8
W.P. Labuan,1/1/2025,both,25-29,indian,0.1
W.P. Labuan,1/1/2025,both,25-29,other_citizen,0.1
W.P. Labuan,1/1/2025,both,25-29,other_noncitizen,1.6
W.P. Labuan,1/1/2025,both,30-34,overall,8.5
W.P. Labuan,1/1/2025,both,30-34,bumi_malay,3.2
W.P. Labuan,1/1/2025,both,30-34,bumi_other,3.3
W.P. Labuan,1/1/2025,both,30-34,chinese,0.6
W.P. Labuan,1/1/2025,both,30-34,indian,0.1
W.P. Labuan,1/1/2025,both,30-34,other_citizen,0.1
W.P. Labuan,1/1/2025,both,30-34,other_noncitizen,1.2
W.P. Labuan,1/1/2025,both,35-39,overall,8.5
W.P. Labuan,1/1/2025,both,35-39,bumi_malay,3.1
W.P. Labuan,1/1/2025,both,35-39,bumi_other,3.4
W.P. Labuan,1/1/2025,both,35-39,chinese,0.7
W.P. Labuan,1/1/2025,both,35-39,indian,0.1
W.P. Labuan,1/1/2025,both,35-39,other_citizen,0.1
W.P. Labuan,1/1/2025,both,35-39,other_noncitizen,1.1
W.P. Labuan,1/1/2025,both,40-44,overall,9.8
W.P. Labuan,1/1/2025,both,40-44,bumi_malay,3.8
W.P. Labuan,1/1/2025,both,40-44,bumi_other,4
W.P. Labuan,1/1/2025,both,40-44,chinese,0.9
W.P. Labuan,1/1/2025,both,40-44,indian,0.1
W.P. Labuan,1/1/2025,both,40-44,other_citizen,0.1
W.P. Labuan,1/1/2025,both,40-44,other_noncitizen,0.9
W.P. Labuan,1/1/2025,both,45-49,overall,5.3
W.P. Labuan,1/1/2025,both,45-49,bumi_malay,1.8
W.P. Labuan,1/1/2025,both,45-49,bumi_other,2.1
W.P. Labuan,1/1/2025,both,45-49,chinese,0.5
W.P. Labuan,1/1/2025,both,45-49,indian,0
W.P. Labuan,1/1/2025,both,45-49,other_citizen,0.1
W.P. Labuan,1/1/2025,both,45-49,other_noncitizen,0.8
W.P. Labuan,1/1/2025,both,50-54,overall,4.6
W.P. Labuan,1/1/2025,both,50-54,bumi_malay,1.5
W.P. Labuan,1/1/2025,both,50-54,bumi_other,1.8
W.P. Labuan,1/1/2025,both,50-54,chinese,0.5
W.P. Labuan,1/1/2025,both,50-54,indian,0
W.P. Labuan,1/1/2025,both,50-54,other_citizen,0
W.P. Labuan,1/1/2025,both,50-54,other_noncitizen,0.7
W.P. Labuan,1/1/2025,both,55-59,overall,4
W.P. Labuan,1/1/2025,both,55-59,bumi_malay,1.2
W.P. Labuan,1/1/2025,both,55-59,bumi_other,1.6
W.P. Labuan,1/1/2025,both,55-59,chinese,0.5
W.P. Labuan,1/1/2025,both,55-59,indian,0
W.P. Labuan,1/1/2025,both,55-59,other_citizen,0
W.P. Labuan,1/1/2025,both,55-59,other_noncitizen,0.6
W.P. Labuan,1/1/2025,both,60-64,overall,3.5
W.P. Labuan,1/1/2025,both,60-64,bumi_malay,1
W.P. Labuan,1/1/2025,both,60-64,bumi_other,1.4
W.P. Labuan,1/1/2025,both,60-64,chinese,0.6
W.P. Labuan,1/1/2025,both,60-64,indian,0
W.P. Labuan,1/1/2025,both,60-64,other_citizen,0
W.P. Labuan,1/1/2025,both,60-64,other_noncitizen,0.4
W.P. Labuan,1/1/2025,both,65-69,overall,2.3
W.P. Labuan,1/1/2025,both,65-69,bumi_malay,0.6
W.P. Labuan,1/1/2025,both,65-69,bumi_other,0.9
W.P. Labuan,1/1/2025,both,65-69,chinese,0.5
W.P. Labuan,1/1/2025,both,65-69,indian,0
W.P. Labuan,1/1/2025,both,65-69,other_citizen,0
W.P. Labuan,1/1/2025,both,65-69,other_noncitizen,0.1
W.P. Labuan,1/1/2025,both,70-74,overall,1.5
W.P. Labuan,1/1/2025,both,70-74,bumi_malay,0.4
W.P. Labuan,1/1/2025,both,70-74,bumi_other,0.6
W.P. Labuan,1/1/2025,both,70-74,chinese,0.4
W.P. Labuan,1/1/2025,both,70-74,indian,0
W.P. Labuan,1/1/2025,both,70-74,other_citizen,0
W.P. Labuan,1/1/2025,both,70-74,other_noncitizen,0.1
W.P. Labuan,1/1/2025,both,75-79,overall,0.8
W.P. Labuan,1/1/2025,both,75-79,bumi_malay,0.2
W.P. Labuan,1/1/2025,both,75-79,bumi_other,0.3
W.P. Labuan,1/1/2025,both,75-79,chinese,0.3
W.P. Labuan,1/1/2025,both,75-79,indian,0
W.P. Labuan,1/1/2025,both,75-79,other_citizen,0
W.P. Labuan,1/1/2025,both,75-79,other_noncitizen,0
W.P. Labuan,1/1/2025,both,80-84,overall,0.4
W.P. Labuan,1/1/2025,both,80-84,bumi_malay,0.1
W.P. Labuan,1/1/2025,both,80-84,bumi_other,0.1
W.P. Labuan,1/1/2025,both,80-84,chinese,0.2
W.P. Labuan,1/1/2025,both,80-84,indian,0
W.P. Labuan,1/1/2025,both,80-84,other_citizen,0
W.P. Labuan,1/1/2025,both,80-84,other_noncitizen,0
W.P. Labuan,1/1/2025,both,85+,overall,0.5
W.P. Labuan,1/1/2025,both,85+,bumi_malay,0.1
W.P. Labuan,1/1/2025,both,85+,bumi_other,0.2
W.P. Labuan,1/1/2025,both,85+,chinese,0.2
W.P. Labuan,1/1/2025,both,85+,indian,0
W.P. Labuan,1/1/2025,both,85+,other_citizen,0
W.P. Labuan,1/1/2025,both,85+,other_noncitizen,0
W.P. Labuan,1/1/2025,female,overall,overall,49.1
W.P. Labuan,1/1/2025,female,overall,bumi_malay,17
W.P. Labuan,1/1/2025,female,overall,bumi_other,20.1
W.P. Labuan,1/1/2025,female,overall,chinese,5.4
W.P. Labuan,1/1/2025,female,overall,indian,0.5
W.P. Labuan,1/1/2025,female,overall,other_citizen,0.7
W.P. Labuan,1/1/2025,female,overall,other_noncitizen,5.4
W.P. Labuan,1/1/2025,female,0-4,overall,3.6
W.P. Labuan,1/1/2025,female,0-4,bumi_malay,1.4
W.P. Labuan,1/1/2025,female,0-4,bumi_other,1.5
W.P. Labuan,1/1/2025,female,0-4,chinese,0.1
W.P. Labuan,1/1/2025,female,0-4,indian,0
W.P. Labuan,1/1/2025,female,0-4,other_citizen,0.3
W.P. Labuan,1/1/2025,female,0-4,other_noncitizen,0.2
W.P. Labuan,1/1/2025,female,5-9,overall,4.8
W.P. Labuan,1/1/2025,female,5-9,bumi_malay,2.2
W.P. Labuan,1/1/2025,female,5-9,bumi_other,1.9
W.P. Labuan,1/1/2025,female,5-9,chinese,0.3
W.P. Labuan,1/1/2025,female,5-9,indian,0
W.P. Labuan,1/1/2025,female,5-9,other_citizen,0
W.P. Labuan,1/1/2025,female,5-9,other_noncitizen,0.3
W.P. Labuan,1/1/2025,female,10-14,overall,3.8
W.P. Labuan,1/1/2025,female,10-14,bumi_malay,1.4
W.P. Labuan,1/1/2025,female,10-14,bumi_other,1.8
W.P. Labuan,1/1/2025,female,10-14,chinese,0.2
W.P. Labuan,1/1/2025,female,10-14,indian,0
W.P. Labuan,1/1/2025,female,10-14,other_citizen,0.1
W.P. Labuan,1/1/2025,female,10-14,other_noncitizen,0.4
W.P. Labuan,1/1/2025,female,15-19,overall,3.6
W.P. Labuan,1/1/2025,female,15-19,bumi_malay,1.2
W.P. Labuan,1/1/2025,female,15-19,bumi_other,1.6
W.P. Labuan,1/1/2025,female,15-19,chinese,0.3
W.P. Labuan,1/1/2025,female,15-19,indian,0
W.P. Labuan,1/1/2025,female,15-19,other_citizen,0
W.P. Labuan,1/1/2025,female,15-19,other_noncitizen,0.3
W.P. Labuan,1/1/2025,female,20-24,overall,4.7
W.P. Labuan,1/1/2025,female,20-24,bumi_malay,1.6
W.P. Labuan,1/1/2025,female,20-24,bumi_other,2
W.P. Labuan,1/1/2025,female,20-24,chinese,0.5
W.P. Labuan,1/1/2025,female,20-24,indian,0
W.P. Labuan,1/1/2025,female,20-24,other_citizen,0
W.P. Labuan,1/1/2025,female,20-24,other_noncitizen,0.5
W.P. Labuan,1/1/2025,female,25-29,overall,4.5
W.P. Labuan,1/1/2025,female,25-29,bumi_malay,1.4
W.P. Labuan,1/1/2025,female,25-29,bumi_other,1.8
W.P. Labuan,1/1/2025,female,25-29,chinese,0.5
W.P. Labuan,1/1/2025,female,25-29,indian,0.1
W.P. Labuan,1/1/2025,female,25-29,other_citizen,0
W.P. Labuan,1/1/2025,female,25-29,other_noncitizen,0.7
W.P. Labuan,1/1/2025,female,30-34,overall,4.3
W.P. Labuan,1/1/2025,female,30-34,bumi_malay,1.6
W.P. Labuan,1/1/2025,female,30-34,bumi_other,1.7
W.P. Labuan,1/1/2025,female,30-34,chinese,0.4
W.P. Labuan,1/1/2025,female,30-34,indian,0
W.P. Labuan,1/1/2025,female,30-34,other_citizen,0
W.P. Labuan,1/1/2025,female,30-34,other_noncitizen,0.6
W.P. Labuan,1/1/2025,female,35-39,overall,4.3
W.P. Labuan,1/1/2025,female,35-39,bumi_malay,1.4
W.P. Labuan,1/1/2025,female,35-39,bumi_other,1.7
W.P. Labuan,1/1/2025,female,35-39,chinese,0.5
W.P. Labuan,1/1/2025,female,35-39,indian,0
W.P. Labuan,1/1/2025,female,35-39,other_citizen,0
W.P. Labuan,1/1/2025,female,35-39,other_noncitizen,0.5
W.P. Labuan,1/1/2025,female,40-44,overall,4.4
W.P. Labuan,1/1/2025,female,40-44,bumi_malay,1.5
W.P. Labuan,1/1/2025,female,40-44,bumi_other,1.7
W.P. Labuan,1/1/2025,female,40-44,chinese,0.6
W.P. Labuan,1/1/2025,female,40-44,indian,0.1
W.P. Labuan,1/1/2025,female,40-44,other_citizen,0
W.P. Labuan,1/1/2025,female,40-44,other_noncitizen,0.5
W.P. Labuan,1/1/2025,female,45-49,overall,2.4
W.P. Labuan,1/1/2025,female,45-49,bumi_malay,0.7
W.P. Labuan,1/1/2025,female,45-49,bumi_other,1
W.P. Labuan,1/1/2025,female,45-49,chinese,0.3
W.P. Labuan,1/1/2025,female,45-49,indian,0
W.P. Labuan,1/1/2025,female,45-49,other_citizen,0
W.P. Labuan,1/1/2025,female,45-49,other_noncitizen,0.4
W.P. Labuan,1/1/2025,female,50-54,overall,2.5
W.P. Labuan,1/1/2025,female,50-54,bumi_malay,0.8
W.P. Labuan,1/1/2025,female,50-54,bumi_other,0.9
W.P. Labuan,1/1/2025,female,50-54,chinese,0.3
W.P. Labuan,1/1/2025,female,50-54,indian,0
W.P. Labuan,1/1/2025,female,50-54,other_citizen,0
W.P. Labuan,1/1/2025,female,50-54,other_noncitizen,0.4
W.P. Labuan,1/1/2025,female,55-59,overall,2
W.P. Labuan,1/1/2025,female,55-59,bumi_malay,0.6
W.P. Labuan,1/1/2025,female,55-59,bumi_other,0.8
W.P. Labuan,1/1/2025,female,55-59,chinese,0.3
W.P. Labuan,1/1/2025,female,55-59,indian,0
W.P. Labuan,1/1/2025,female,55-59,other_citizen,0
W.P. Labuan,1/1/2025,female,55-59,other_noncitizen,0.3
W.P. Labuan,1/1/2025,female,60-64,overall,1.6
W.P. Labuan,1/1/2025,female,60-64,bumi_malay,0.4
W.P. Labuan,1/1/2025,female,60-64,bumi_other,0.7
W.P. Labuan,1/1/2025,female,60-64,chinese,0.3
W.P. Labuan,1/1/2025,female,60-64,indian,0
W.P. Labuan,1/1/2025,female,60-64,other_citizen,0
W.P. Labuan,1/1/2025,female,60-64,other_noncitizen,0.2
W.P. Labuan,1/1/2025,female,65-69,overall,1.1
W.P. Labuan,1/1/2025,female,65-69,bumi_malay,0.3
W.P. Labuan,1/1/2025,female,65-69,bumi_other,0.4
W.P. Labuan,1/1/2025,female,65-69,chinese,0.3
W.P. Labuan,1/1/2025,female,65-69,indian,0
W.P. Labuan,1/1/2025,female,65-69,other_citizen,0
W.P. Labuan,1/1/2025,female,65-69,other_noncitizen,0.1
W.P. Labuan,1/1/2025,female,70-74,overall,0.8
W.P. Labuan,1/1/2025,female,70-74,bumi_malay,0.3
W.P. Labuan,1/1/2025,female,70-74,bumi_other,0.3
W.P. Labuan,1/1/2025,female,70-74,chinese,0.2
W.P. Labuan,1/1/2025,female,70-74,indian,0
W.P. Labuan,1/1/2025,female,70-74,other_citizen,0
W.P. Labuan,1/1/2025,female,70-74,other_noncitizen,0
W.P. Labuan,1/1/2025,female,75-79,overall,0.4
W.P. Labuan,1/1/2025,female,75-79,bumi_malay,0.1
W.P. Labuan,1/1/2025,female,75-79,bumi_other,0.1
W.P. Labuan,1/1/2025,female,75-79,chinese,0.1
W.P. Labuan,1/1/2025,female,75-79,indian,0
W.P. Labuan,1/1/2025,female,75-79,other_citizen,0
W.P. Labuan,1/1/2025,female,75-79,other_noncitizen,0
W.P. Labuan,1/1/2025,female,80-84,overall,0.2
W.P. Labuan,1/1/2025,female,80-84,bumi_malay,0
W.P. Labuan,1/1/2025,female,80-84,bumi_other,0.1
W.P. Labuan,1/1/2025,female,80-84,chinese,0.1
W.P. Labuan,1/1/2025,female,80-84,indian,0
W.P. Labuan,1/1/2025,female,80-84,other_citizen,0
W.P. Labuan,1/1/2025,female,80-84,other_noncitizen,0
W.P. Labuan,1/1/2025,female,85+,overall,0.3
W.P. Labuan,1/1/2025,female,85+,bumi_malay,0.1
W.P. Labuan,1/1/2025,female,85+,bumi_other,0.1
W.P. Labuan,1/1/2025,female,85+,chinese,0.1
W.P. Labuan,1/1/2025,female,85+,indian,0
W.P. Labuan,1/1/2025,female,85+,other_citizen,0
W.P. Labuan,1/1/2025,female,85+,other_noncitizen,0
W.P. Labuan,1/1/2025,male,overall,overall,51.9
W.P. Labuan,1/1/2025,male,overall,bumi_malay,19
W.P. Labuan,1/1/2025,male,overall,bumi_other,21.3
W.P. Labuan,1/1/2025,male,overall,chinese,4.2
W.P. Labuan,1/1/2025,male,overall,indian,0.4
W.P. Labuan,1/1/2025,male,overall,other_citizen,0.7
W.P. Labuan,1/1/2025,male,overall,other_noncitizen,6.1
W.P. Labuan,1/1/2025,male,0-4,overall,3.8
W.P. Labuan,1/1/2025,male,0-4,bumi_malay,1.5
W.P. Labuan,1/1/2025,male,0-4,bumi_other,1.6
W.P. Labuan,1/1/2025,male,0-4,chinese,0.1
W.P. Labuan,1/1/2025,male,0-4,indian,0
W.P. Labuan,1/1/2025,male,0-4,other_citizen,0.3
W.P. Labuan,1/1/2025,male,0-4,other_noncitizen,0.4
W.P. Labuan,1/1/2025,male,5-9,overall,5.8
W.P. Labuan,1/1/2025,male,5-9,bumi_malay,2.6
W.P. Labuan,1/1/2025,male,5-9,bumi_other,2.2
W.P. Labuan,1/1/2025,male,5-9,chinese,0.3
W.P. Labuan,1/1/2025,male,5-9,indian,0.1
W.P. Labuan,1/1/2025,male,5-9,other_citizen,0
W.P. Labuan,1/1/2025,male,5-9,other_noncitizen,0.5
W.P. Labuan,1/1/2025,male,10-14,overall,4.3
W.P. Labuan,1/1/2025,male,10-14,bumi_malay,1.6
W.P. Labuan,1/1/2025,male,10-14,bumi_other,2
W.P. Labuan,1/1/2025,male,10-14,chinese,0.2
W.P. Labuan,1/1/2025,male,10-14,indian,0
W.P. Labuan,1/1/2025,male,10-14,other_citizen,0.1
W.P. Labuan,1/1/2025,male,10-14,other_noncitizen,0.4
W.P. Labuan,1/1/2025,male,15-19,overall,4.2
W.P. Labuan,1/1/2025,male,15-19,bumi_malay,1.6
W.P. Labuan,1/1/2025,male,15-19,bumi_other,1.8
W.P. Labuan,1/1/2025,male,15-19,chinese,0.3
W.P. Labuan,1/1/2025,male,15-19,indian,0
W.P. Labuan,1/1/2025,male,15-19,other_citizen,0
W.P. Labuan,1/1/2025,male,15-19,other_noncitizen,0.4
W.P. Labuan,1/1/2025,male,20-24,overall,4.1
W.P. Labuan,1/1/2025,male,20-24,bumi_malay,1.4
W.P. Labuan,1/1/2025,male,20-24,bumi_other,1.8
W.P. Labuan,1/1/2025,male,20-24,chinese,0.3
W.P. Labuan,1/1/2025,male,20-24,indian,0
W.P. Labuan,1/1/2025,male,20-24,other_citizen,0
W.P. Labuan,1/1/2025,male,20-24,other_noncitizen,0.5
W.P. Labuan,1/1/2025,male,25-29,overall,4.1
W.P. Labuan,1/1/2025,male,25-29,bumi_malay,1.2
W.P. Labuan,1/1/2025,male,25-29,bumi_other,1.6
W.P. Labuan,1/1/2025,male,25-29,chinese,0.3
W.P. Labuan,1/1/2025,male,25-29,indian,0
W.P. Labuan,1/1/2025,male,25-29,other_citizen,0
W.P. Labuan,1/1/2025,male,25-29,other_noncitizen,0.9
W.P. Labuan,1/1/2025,male,30-34,overall,4.2
W.P. Labuan,1/1/2025,male,30-34,bumi_malay,1.7
W.P. Labuan,1/1/2025,male,30-34,bumi_other,1.6
W.P. Labuan,1/1/2025,male,30-34,chinese,0.2
W.P. Labuan,1/1/2025,male,30-34,indian,0
W.P. Labuan,1/1/2025,male,30-34,other_citizen,0
W.P. Labuan,1/1/2025,male,30-34,other_noncitizen,0.6
W.P. Labuan,1/1/2025,male,35-39,overall,4.3
W.P. Labuan,1/1/2025,male,35-39,bumi_malay,1.6
W.P. Labuan,1/1/2025,male,35-39,bumi_other,1.7
W.P. Labuan,1/1/2025,male,35-39,chinese,0.3
W.P. Labuan,1/1/2025,male,35-39,indian,0
W.P. Labuan,1/1/2025,male,35-39,other_citizen,0
W.P. Labuan,1/1/2025,male,35-39,other_noncitizen,0.6
W.P. Labuan,1/1/2025,male,40-44,overall,5.5
W.P. Labuan,1/1/2025,male,40-44,bumi_malay,2.3
W.P. Labuan,1/1/2025,male,40-44,bumi_other,2.3
W.P. Labuan,1/1/2025,male,40-44,chinese,0.4
W.P. Labuan,1/1/2025,male,40-44,indian,0.1
W.P. Labuan,1/1/2025,male,40-44,other_citizen,0
W.P. Labuan,1/1/2025,male,40-44,other_noncitizen,0.5
W.P. Labuan,1/1/2025,male,45-49,overall,2.9
W.P. Labuan,1/1/2025,male,45-49,bumi_malay,1
W.P. Labuan,1/1/2025,male,45-49,bumi_other,1.2
W.P. Labuan,1/1/2025,male,45-49,chinese,0.2
W.P. Labuan,1/1/2025,male,45-49,indian,0
W.P. Labuan,1/1/2025,male,45-49,other_citizen,0
W.P. Labuan,1/1/2025,male,45-49,other_noncitizen,0.4
W.P. Labuan,1/1/2025,male,50-54,overall,2.1
W.P. Labuan,1/1/2025,male,50-54,bumi_malay,0.7
W.P. Labuan,1/1/2025,male,50-54,bumi_other,0.9
W.P. Labuan,1/1/2025,male,50-54,chinese,0.2
W.P. Labuan,1/1/2025,male,50-54,indian,0
W.P. Labuan,1/1/2025,male,50-54,other_citizen,0
W.P. Labuan,1/1/2025,male,50-54,other_noncitizen,0.3
W.P. Labuan,1/1/2025,male,55-59,overall,2
W.P. Labuan,1/1/2025,male,55-59,bumi_malay,0.6
W.P. Labuan,1/1/2025,male,55-59,bumi_other,0.8
W.P. Labuan,1/1/2025,male,55-59,chinese,0.2
W.P. Labuan,1/1/2025,male,55-59,indian,0
W.P. Labuan,1/1/2025,male,55-59,other_citizen,0
W.P. Labuan,1/1/2025,male,55-59,other_noncitizen,0.3
W.P. Labuan,1/1/2025,male,60-64,overall,1.9
W.P. Labuan,1/1/2025,male,60-64,bumi_malay,0.6
W.P. Labuan,1/1/2025,male,60-64,bumi_other,0.7
W.P. Labuan,1/1/2025,male,60-64,chinese,0.3
W.P. Labuan,1/1/2025,male,60-64,indian,0
W.P. Labuan,1/1/2025,male,60-64,other_citizen,0
W.P. Labuan,1/1/2025,male,60-64,other_noncitizen,0.2
W.P. Labuan,1/1/2025,male,65-69,overall,1.2
W.P. Labuan,1/1/2025,male,65-69,bumi_malay,0.3
W.P. Labuan,1/1/2025,male,65-69,bumi_other,0.5
W.P. Labuan,1/1/2025,male,65-69,chinese,0.3
W.P. Labuan,1/1/2025,male,65-69,indian,0
W.P. Labuan,1/1/2025,male,65-69,other_citizen,0
W.P. Labuan,1/1/2025,male,65-69,other_noncitizen,0.1
W.P. Labuan,1/1/2025,male,70-74,overall,0.7
W.P. Labuan,1/1/2025,male,70-74,bumi_malay,0.2
W.P. Labuan,1/1/2025,male,70-74,bumi_other,0.3
W.P. Labuan,1/1/2025,male,70-74,chinese,0.2
W.P. Labuan,1/1/2025,male,70-74,indian,0
W.P. Labuan,1/1/2025,male,70-74,other_citizen,0
W.P. Labuan,1/1/2025,male,70-74,other_noncitizen,0
W.P. Labuan,1/1/2025,male,75-79,overall,0.5
W.P. Labuan,1/1/2025,male,75-79,bumi_malay,0.1
W.P. Labuan,1/1/2025,male,75-79,bumi_other,0.2
W.P. Labuan,1/1/2025,male,75-79,chinese,0.2
W.P. Labuan,1/1/2025,male,75-79,indian,0
W.P. Labuan,1/1/2025,male,75-79,other_citizen,0
W.P. Labuan,1/1/2025,male,75-79,other_noncitizen,0
W.P. Labuan,1/1/2025,male,80-84,overall,0.2
W.P. Labuan,1/1/2025,male,80-84,bumi_malay,0
W.P. Labuan,1/1/2025,male,80-84,bumi_other,0.1
W.P. Labuan,1/1/2025,male,80-84,chinese,0.1
W.P. Labuan,1/1/2025,male,80-84,indian,0
W.P. Labuan,1/1/2025,male,80-84,other_citizen,0
W.P. Labuan,1/1/2025,male,80-84,other_noncitizen,0
W.P. Labuan,1/1/2025,male,85+,overall,0.2
W.P. Labuan,1/1/2025,male,85+,bumi_malay,0.1
W.P. Labuan,1/1/2025,male,85+,bumi_other,0.1
W.P. Labuan,1/1/2025,male,85+,chinese,0.1
W.P. Labuan,1/1/2025,male,85+,indian,0
W.P. Labuan,1/1/2025,male,85+,other_citizen,0
W.P. Labuan,1/1/2025,male,85+,other_noncitizen,0
W.P. Putrajaya,1/1/2025,both,overall,overall,120.8
W.P. Putrajaya,1/1/2025,both,overall,bumi_malay,112.7
W.P. Putrajaya,1/1/2025,both,overall,bumi_other,2.3
W.P. Putrajaya,1/1/2025,both,overall,chinese,0.6
W.P. Putrajaya,1/1/2025,both,overall,indian,1.4
W.P. Putrajaya,1/1/2025,both,overall,other_citizen,0.3
W.P. Putrajaya,1/1/2025,both,overall,other_noncitizen,3.4
W.P. Putrajaya,1/1/2025,both,0-4,overall,9
W.P. Putrajaya,1/1/2025,both,0-4,bumi_malay,8.6
W.P. Putrajaya,1/1/2025,both,0-4,bumi_other,0.2
W.P. Putrajaya,1/1/2025,both,0-4,chinese,0
W.P. Putrajaya,1/1/2025,both,0-4,indian,0.1
W.P. Putrajaya,1/1/2025,both,0-4,other_citizen,0
W.P. Putrajaya,1/1/2025,both,0-4,other_noncitizen,0.1
W.P. Putrajaya,1/1/2025,both,5-9,overall,13.3
W.P. Putrajaya,1/1/2025,both,5-9,bumi_malay,12.8
W.P. Putrajaya,1/1/2025,both,5-9,bumi_other,0.2
W.P. Putrajaya,1/1/2025,both,5-9,chinese,0
W.P. Putrajaya,1/1/2025,both,5-9,indian,0.1
W.P. Putrajaya,1/1/2025,both,5-9,other_citizen,0
W.P. Putrajaya,1/1/2025,both,5-9,other_noncitizen,0.1
W.P. Putrajaya,1/1/2025,both,10-14,overall,17.9
W.P. Putrajaya,1/1/2025,both,10-14,bumi_malay,17.4
W.P. Putrajaya,1/1/2025,both,10-14,bumi_other,0.2
W.P. Putrajaya,1/1/2025,both,10-14,chinese,0
W.P. Putrajaya,1/1/2025,both,10-14,indian,0.1
W.P. Putrajaya,1/1/2025,both,10-14,other_citizen,0
W.P. Putrajaya,1/1/2025,both,10-14,other_noncitizen,0.1
W.P. Putrajaya,1/1/2025,both,15-19,overall,11.6
W.P. Putrajaya,1/1/2025,both,15-19,bumi_malay,11.2
W.P. Putrajaya,1/1/2025,both,15-19,bumi_other,0.2
W.P. Putrajaya,1/1/2025,both,15-19,chinese,0
W.P. Putrajaya,1/1/2025,both,15-19,indian,0.1
W.P. Putrajaya,1/1/2025,both,15-19,other_citizen,0
W.P. Putrajaya,1/1/2025,both,15-19,other_noncitizen,0.1
W.P. Putrajaya,1/1/2025,both,20-24,overall,6.2
W.P. Putrajaya,1/1/2025,both,20-24,bumi_malay,5.8
W.P. Putrajaya,1/1/2025,both,20-24,bumi_other,0.1
W.P. Putrajaya,1/1/2025,both,20-24,chinese,0
W.P. Putrajaya,1/1/2025,both,20-24,indian,0.1
W.P. Putrajaya,1/1/2025,both,20-24,other_citizen,0
W.P. Putrajaya,1/1/2025,both,20-24,other_noncitizen,0.3
W.P. Putrajaya,1/1/2025,both,25-29,overall,4.5
W.P. Putrajaya,1/1/2025,both,25-29,bumi_malay,3.8
W.P. Putrajaya,1/1/2025,both,25-29,bumi_other,0.1
W.P. Putrajaya,1/1/2025,both,25-29,chinese,0.1
W.P. Putrajaya,1/1/2025,both,25-29,indian,0.1
W.P. Putrajaya,1/1/2025,both,25-29,other_citizen,0
W.P. Putrajaya,1/1/2025,both,25-29,other_noncitizen,0.5
W.P. Putrajaya,1/1/2025,both,30-34,overall,6.7
W.P. Putrajaya,1/1/2025,both,30-34,bumi_malay,5.8
W.P. Putrajaya,1/1/2025,both,30-34,bumi_other,0.2
W.P. Putrajaya,1/1/2025,both,30-34,chinese,0
W.P. Putrajaya,1/1/2025,both,30-34,indian,0.1
W.P. Putrajaya,1/1/2025,both,30-34,other_citizen,0
W.P. Putrajaya,1/1/2025,both,30-34,other_noncitizen,0.5
W.P. Putrajaya,1/1/2025,both,35-39,overall,11.9
W.P. Putrajaya,1/1/2025,both,35-39,bumi_malay,10.7
W.P. Putrajaya,1/1/2025,both,35-39,bumi_other,0.3
W.P. Putrajaya,1/1/2025,both,35-39,chinese,0.1
W.P. Putrajaya,1/1/2025,both,35-39,indian,0.1
W.P. Putrajaya,1/1/2025,both,35-39,other_citizen,0
W.P. Putrajaya,1/1/2025,both,35-39,other_noncitizen,0.7
W.P. Putrajaya,1/1/2025,both,40-44,overall,17.9
W.P. Putrajaya,1/1/2025,both,40-44,bumi_malay,16.7
W.P. Putrajaya,1/1/2025,both,40-44,bumi_other,0.4
W.P. Putrajaya,1/1/2025,both,40-44,chinese,0.1
W.P. Putrajaya,1/1/2025,both,40-44,indian,0.2
W.P. Putrajaya,1/1/2025,both,40-44,other_citizen,0
W.P. Putrajaya,1/1/2025,both,40-44,other_noncitizen,0.5
W.P. Putrajaya,1/1/2025,both,45-49,overall,9.5
W.P. Putrajaya,1/1/2025,both,45-49,bumi_malay,8.7
W.P. Putrajaya,1/1/2025,both,45-49,bumi_other,0.2
W.P. Putrajaya,1/1/2025,both,45-49,chinese,0
W.P. Putrajaya,1/1/2025,both,45-49,indian,0.1
W.P. Putrajaya,1/1/2025,both,45-49,other_citizen,0
W.P. Putrajaya,1/1/2025,both,45-49,other_noncitizen,0.3
W.P. Putrajaya,1/1/2025,both,50-54,overall,4.5
W.P. Putrajaya,1/1/2025,both,50-54,bumi_malay,4.2
W.P. Putrajaya,1/1/2025,both,50-54,bumi_other,0.1
W.P. Putrajaya,1/1/2025,both,50-54,chinese,0
W.P. Putrajaya,1/1/2025,both,50-54,indian,0.1
W.P. Putrajaya,1/1/2025,both,50-54,other_citizen,0
W.P. Putrajaya,1/1/2025,both,50-54,other_noncitizen,0.2
W.P. Putrajaya,1/1/2025,both,55-59,overall,2.9
W.P. Putrajaya,1/1/2025,both,55-59,bumi_malay,2.8
W.P. Putrajaya,1/1/2025,both,55-59,bumi_other,0.1
W.P. Putrajaya,1/1/2025,both,55-59,chinese,0
W.P. Putrajaya,1/1/2025,both,55-59,indian,0
W.P. Putrajaya,1/1/2025,both,55-59,other_citizen,0
W.P. Putrajaya,1/1/2025,both,55-59,other_noncitizen,0.1
W.P. Putrajaya,1/1/2025,both,60-64,overall,2.2
W.P. Putrajaya,1/1/2025,both,60-64,bumi_malay,2.1
W.P. Putrajaya,1/1/2025,both,60-64,bumi_other,0
W.P. Putrajaya,1/1/2025,both,60-64,chinese,0
W.P. Putrajaya,1/1/2025,both,60-64,indian,0
W.P. Putrajaya,1/1/2025,both,60-64,other_citizen,0
W.P. Putrajaya,1/1/2025,both,60-64,other_noncitizen,0
W.P. Putrajaya,1/1/2025,both,65-69,overall,1.3
W.P. Putrajaya,1/1/2025,both,65-69,bumi_malay,1.2
W.P. Putrajaya,1/1/2025,both,65-69,bumi_other,0
W.P. Putrajaya,1/1/2025,both,65-69,chinese,0
W.P. Putrajaya,1/1/2025,both,65-69,indian,0
W.P. Putrajaya,1/1/2025,both,65-69,other_citizen,0
W.P. Putrajaya,1/1/2025,both,65-69,other_noncitizen,0
W.P. Putrajaya,1/1/2025,both,70-74,overall,0.7
W.P. Putrajaya,1/1/2025,both,70-74,bumi_malay,0.6
W.P. Putrajaya,1/1/2025,both,70-74,bumi_other,0
W.P. Putrajaya,1/1/2025,both,70-74,chinese,0
W.P. Putrajaya,1/1/2025,both,70-74,indian,0
W.P. Putrajaya,1/1/2025,both,70-74,other_citizen,0
W.P. Putrajaya,1/1/2025,both,70-74,other_noncitizen,0
W.P. Putrajaya,1/1/2025,both,75-79,overall,0.3
W.P. Putrajaya,1/1/2025,both,75-79,bumi_malay,0.3
W.P. Putrajaya,1/1/2025,both,75-79,bumi_other,0
W.P. Putrajaya,1/1/2025,both,75-79,chinese,0
W.P. Putrajaya,1/1/2025,both,75-79,indian,0
W.P. Putrajaya,1/1/2025,both,75-79,other_citizen,0
W.P. Putrajaya,1/1/2025,both,75-79,other_noncitizen,0
W.P. Putrajaya,1/1/2025,both,80-84,overall,0.1
W.P. Putrajaya,1/1/2025,both,80-84,bumi_malay,0.1
W.P. Putrajaya,1/1/2025,both,80-84,bumi_other,0
W.P. Putrajaya,1/1/2025,both,80-84,chinese,0
W.P. Putrajaya,1/1/2025,both,80-84,indian,0
W.P. Putrajaya,1/1/2025,both,80-84,other_citizen,0
W.P. Putrajaya,1/1/2025,both,80-84,other_noncitizen,0
W.P. Putrajaya,1/1/2025,both,85+,overall,0.1
W.P. Putrajaya,1/1/2025,both,85+,bumi_malay,0.1
W.P. Putrajaya,1/1/2025,both,85+,bumi_other,0
W.P. Putrajaya,1/1/2025,both,85+,chinese,0
W.P. Putrajaya,1/1/2025,both,85+,indian,0
W.P. Putrajaya,1/1/2025,both,85+,other_citizen,0
W.P. Putrajaya,1/1/2025,both,85+,other_noncitizen,0
W.P. Putrajaya,1/1/2025,female,overall,overall,61.2
W.P. Putrajaya,1/1/2025,female,overall,bumi_malay,57.8
W.P. Putrajaya,1/1/2025,female,overall,bumi_other,1.3
W.P. Putrajaya,1/1/2025,female,overall,chinese,0.3
W.P. Putrajaya,1/1/2025,female,overall,indian,0.7
W.P. Putrajaya,1/1/2025,female,overall,other_citizen,0.1
W.P. Putrajaya,1/1/2025,female,overall,other_noncitizen,0.9
W.P. Putrajaya,1/1/2025,female,0-4,overall,4.3
W.P. Putrajaya,1/1/2025,female,0-4,bumi_malay,4.2
W.P. Putrajaya,1/1/2025,female,0-4,bumi_other,0.1
W.P. Putrajaya,1/1/2025,female,0-4,chinese,0
W.P. Putrajaya,1/1/2025,female,0-4,indian,0
W.P. Putrajaya,1/1/2025,female,0-4,other_citizen,0
W.P. Putrajaya,1/1/2025,female,0-4,other_noncitizen,0
W.P. Putrajaya,1/1/2025,female,5-9,overall,6.4
W.P. Putrajaya,1/1/2025,female,5-9,bumi_malay,6.2
W.P. Putrajaya,1/1/2025,female,5-9,bumi_other,0.1
W.P. Putrajaya,1/1/2025,female,5-9,chinese,0
W.P. Putrajaya,1/1/2025,female,5-9,indian,0.1
W.P. Putrajaya,1/1/2025,female,5-9,other_citizen,0
W.P. Putrajaya,1/1/2025,female,5-9,other_noncitizen,0.1
W.P. Putrajaya,1/1/2025,female,10-14,overall,8.7
W.P. Putrajaya,1/1/2025,female,10-14,bumi_malay,8.4
W.P. Putrajaya,1/1/2025,female,10-14,bumi_other,0.1
W.P. Putrajaya,1/1/2025,female,10-14,chinese,0
W.P. Putrajaya,1/1/2025,female,10-14,indian,0.1
W.P. Putrajaya,1/1/2025,female,10-14,other_citizen,0
W.P. Putrajaya,1/1/2025,female,10-14,other_noncitizen,0.1
W.P. Putrajaya,1/1/2025,female,15-19,overall,5.6
W.P. Putrajaya,1/1/2025,female,15-19,bumi_malay,5.4
W.P. Putrajaya,1/1/2025,female,15-19,bumi_other,0.1
W.P. Putrajaya,1/1/2025,female,15-19,chinese,0
W.P. Putrajaya,1/1/2025,female,15-19,indian,0
W.P. Putrajaya,1/1/2025,female,15-19,other_citizen,0
W.P. Putrajaya,1/1/2025,female,15-19,other_noncitizen,0
W.P. Putrajaya,1/1/2025,female,20-24,overall,2.9
W.P. Putrajaya,1/1/2025,female,20-24,bumi_malay,2.8
W.P. Putrajaya,1/1/2025,female,20-24,bumi_other,0
W.P. Putrajaya,1/1/2025,female,20-24,chinese,0
W.P. Putrajaya,1/1/2025,female,20-24,indian,0
W.P. Putrajaya,1/1/2025,female,20-24,other_citizen,0
W.P. Putrajaya,1/1/2025,female,20-24,other_noncitizen,0
W.P. Putrajaya,1/1/2025,female,25-29,overall,2.2
W.P. Putrajaya,1/1/2025,female,25-29,bumi_malay,2
W.P. Putrajaya,1/1/2025,female,25-29,bumi_other,0.1
W.P. Putrajaya,1/1/2025,female,25-29,chinese,0
W.P. Putrajaya,1/1/2025,female,25-29,indian,0
W.P. Putrajaya,1/1/2025,female,25-29,other_citizen,0
W.P. Putrajaya,1/1/2025,female,25-29,other_noncitizen,0.1
W.P. Putrajaya,1/1/2025,female,30-34,overall,3.8
W.P. Putrajaya,1/1/2025,female,30-34,bumi_malay,3.4
W.P. Putrajaya,1/1/2025,female,30-34,bumi_other,0.1
W.P. Putrajaya,1/1/2025,female,30-34,chinese,0
W.P. Putrajaya,1/1/2025,female,30-34,indian,0.1
W.P. Putrajaya,1/1/2025,female,30-34,other_citizen,0
W.P. Putrajaya,1/1/2025,female,30-34,other_noncitizen,0.1
W.P. Putrajaya,1/1/2025,female,35-39,overall,6.6
W.P. Putrajaya,1/1/2025,female,35-39,bumi_malay,6.2
W.P. Putrajaya,1/1/2025,female,35-39,bumi_other,0.2
W.P. Putrajaya,1/1/2025,female,35-39,chinese,0
W.P. Putrajaya,1/1/2025,female,35-39,indian,0.1
W.P. Putrajaya,1/1/2025,female,35-39,other_citizen,0
W.P. Putrajaya,1/1/2025,female,35-39,other_noncitizen,0.1
W.P. Putrajaya,1/1/2025,female,40-44,overall,9.8
W.P. Putrajaya,1/1/2025,female,40-44,bumi_malay,9.1
W.P. Putrajaya,1/1/2025,female,40-44,bumi_other,0.2
W.P. Putrajaya,1/1/2025,female,40-44,chinese,0
W.P. Putrajaya,1/1/2025,female,40-44,indian,0.1
W.P. Putrajaya,1/1/2025,female,40-44,other_citizen,0
W.P. Putrajaya,1/1/2025,female,40-44,other_noncitizen,0.2
W.P. Putrajaya,1/1/2025,female,45-49,overall,4.7
W.P. Putrajaya,1/1/2025,female,45-49,bumi_malay,4.3
W.P. Putrajaya,1/1/2025,female,45-49,bumi_other,0.1
W.P. Putrajaya,1/1/2025,female,45-49,chinese,0
W.P. Putrajaya,1/1/2025,female,45-49,indian,0.1
W.P. Putrajaya,1/1/2025,female,45-49,other_citizen,0
W.P. Putrajaya,1/1/2025,female,45-49,other_noncitizen,0.1
W.P. Putrajaya,1/1/2025,female,50-54,overall,2.2
W.P. Putrajaya,1/1/2025,female,50-54,bumi_malay,2.1
W.P. Putrajaya,1/1/2025,female,50-54,bumi_other,0
W.P. Putrajaya,1/1/2025,female,50-54,chinese,0
W.P. Putrajaya,1/1/2025,female,50-54,indian,0
W.P. Putrajaya,1/1/2025,female,50-54,other_citizen,0
W.P. Putrajaya,1/1/2025,female,50-54,other_noncitizen,0.1
W.P. Putrajaya,1/1/2025,female,55-59,overall,1.5
W.P. Putrajaya,1/1/2025,female,55-59,bumi_malay,1.4
W.P. Putrajaya,1/1/2025,female,55-59,bumi_other,0
W.P. Putrajaya,1/1/2025,female,55-59,chinese,0
W.P. Putrajaya,1/1/2025,female,55-59,indian,0
W.P. Putrajaya,1/1/2025,female,55-59,other_citizen,0
W.P. Putrajaya,1/1/2025,female,55-59,other_noncitizen,0
W.P. Putrajaya,1/1/2025,female,60-64,overall,1.1
W.P. Putrajaya,1/1/2025,female,60-64,bumi_malay,1
W.P. Putrajaya,1/1/2025,female,60-64,bumi_other,0
W.P. Putrajaya,1/1/2025,female,60-64,chinese,0
W.P. Putrajaya,1/1/2025,female,60-64,indian,0
W.P. Putrajaya,1/1/2025,female,60-64,other_citizen,0
W.P. Putrajaya,1/1/2025,female,60-64,other_noncitizen,0
W.P. Putrajaya,1/1/2025,female,65-69,overall,0.7
W.P. Putrajaya,1/1/2025,female,65-69,bumi_malay,0.6
W.P. Putrajaya,1/1/2025,female,65-69,bumi_other,0
W.P. Putrajaya,1/1/2025,female,65-69,chinese,0
W.P. Putrajaya,1/1/2025,female,65-69,indian,0
W.P. Putrajaya,1/1/2025,female,65-69,other_citizen,0
W.P. Putrajaya,1/1/2025,female,65-69,other_noncitizen,0
W.P. Putrajaya,1/1/2025,female,70-74,overall,0.4
W.P. Putrajaya,1/1/2025,female,70-74,bumi_malay,0.4
W.P. Putrajaya,1/1/2025,female,70-74,bumi_other,0
W.P. Putrajaya,1/1/2025,female,70-74,chinese,0
W.P. Putrajaya,1/1/2025,female,70-74,indian,0
W.P. Putrajaya,1/1/2025,female,70-74,other_citizen,0
W.P. Putrajaya,1/1/2025,female,70-74,other_noncitizen,0
W.P. Putrajaya,1/1/2025,female,75-79,overall,0.2
W.P. Putrajaya,1/1/2025,female,75-79,bumi_malay,0.2
W.P. Putrajaya,1/1/2025,female,75-79,bumi_other,0
W.P. Putrajaya,1/1/2025,female,75-79,chinese,0
W.P. Putrajaya,1/1/2025,female,75-79,indian,0
W.P. Putrajaya,1/1/2025,female,75-79,other_citizen,0
W.P. Putrajaya,1/1/2025,female,75-79,other_noncitizen,0
W.P. Putrajaya,1/1/2025,female,80-84,overall,0.1
W.P. Putrajaya,1/1/2025,female,80-84,bumi_malay,0.1
W.P. Putrajaya,1/1/2025,female,80-84,bumi_other,0
W.P. Putrajaya,1/1/2025,female,80-84,chinese,0
W.P. Putrajaya,1/1/2025,female,80-84,indian,0
W.P. Putrajaya,1/1/2025,female,80-84,other_citizen,0
W.P. Putrajaya,1/1/2025,female,80-84,other_noncitizen,0
W.P. Putrajaya,1/1/2025,female,85+,overall,0
W.P. Putrajaya,1/1/2025,female,85+,bumi_malay,0
W.P. Putrajaya,1/1/2025,female,85+,bumi_other,0
W.P. Putrajaya,1/1/2025,female,85+,chinese,0
W.P. Putrajaya,1/1/2025,female,85+,indian,0
W.P. Putrajaya,1/1/2025,female,85+,other_citizen,0
W.P. Putrajaya,1/1/2025,female,85+,other_noncitizen,0
W.P. Putrajaya,1/1/2025,male,overall,overall,59.5
W.P. Putrajaya,1/1/2025,male,overall,bumi_malay,54.8
W.P. Putrajaya,1/1/2025,male,overall,bumi_other,1.1
W.P. Putrajaya,1/1/2025,male,overall,chinese,0.3
W.P. Putrajaya,1/1/2025,male,overall,indian,0.7
W.P. Putrajaya,1/1/2025,male,overall,other_citizen,0.1
W.P. Putrajaya,1/1/2025,male,overall,other_noncitizen,2.5
W.P. Putrajaya,1/1/2025,male,0-4,overall,4.6
W.P. Putrajaya,1/1/2025,male,0-4,bumi_malay,4.4
W.P. Putrajaya,1/1/2025,male,0-4,bumi_other,0.1
W.P. Putrajaya,1/1/2025,male,0-4,chinese,0
W.P. Putrajaya,1/1/2025,male,0-4,indian,0.1
W.P. Putrajaya,1/1/2025,male,0-4,other_citizen,0
W.P. Putrajaya,1/1/2025,male,0-4,other_noncitizen,0
W.P. Putrajaya,1/1/2025,male,5-9,overall,6.9
W.P. Putrajaya,1/1/2025,male,5-9,bumi_malay,6.6
W.P. Putrajaya,1/1/2025,male,5-9,bumi_other,0.1
W.P. Putrajaya,1/1/2025,male,5-9,chinese,0
W.P. Putrajaya,1/1/2025,male,5-9,indian,0.1
W.P. Putrajaya,1/1/2025,male,5-9,other_citizen,0
W.P. Putrajaya,1/1/2025,male,5-9,other_noncitizen,0
W.P. Putrajaya,1/1/2025,male,10-14,overall,9.2
W.P. Putrajaya,1/1/2025,male,10-14,bumi_malay,8.9
W.P. Putrajaya,1/1/2025,male,10-14,bumi_other,0.1
W.P. Putrajaya,1/1/2025,male,10-14,chinese,0
W.P. Putrajaya,1/1/2025,male,10-14,indian,0.1
W.P. Putrajaya,1/1/2025,male,10-14,other_citizen,0
W.P. Putrajaya,1/1/2025,male,10-14,other_noncitizen,0.1
W.P. Putrajaya,1/1/2025,male,15-19,overall,6
W.P. Putrajaya,1/1/2025,male,15-19,bumi_malay,5.8
W.P. Putrajaya,1/1/2025,male,15-19,bumi_other,0.1
W.P. Putrajaya,1/1/2025,male,15-19,chinese,0
W.P. Putrajaya,1/1/2025,male,15-19,indian,0
W.P. Putrajaya,1/1/2025,male,15-19,other_citizen,0
W.P. Putrajaya,1/1/2025,male,15-19,other_noncitizen,0.1
W.P. Putrajaya,1/1/2025,male,20-24,overall,3.3
W.P. Putrajaya,1/1/2025,male,20-24,bumi_malay,3
W.P. Putrajaya,1/1/2025,male,20-24,bumi_other,0
W.P. Putrajaya,1/1/2025,male,20-24,chinese,0
W.P. Putrajaya,1/1/2025,male,20-24,indian,0
W.P. Putrajaya,1/1/2025,male,20-24,other_citizen,0
W.P. Putrajaya,1/1/2025,male,20-24,other_noncitizen,0.2
W.P. Putrajaya,1/1/2025,male,25-29,overall,2.3
W.P. Putrajaya,1/1/2025,male,25-29,bumi_malay,1.8
W.P. Putrajaya,1/1/2025,male,25-29,bumi_other,0
W.P. Putrajaya,1/1/2025,male,25-29,chinese,0
W.P. Putrajaya,1/1/2025,male,25-29,indian,0
W.P. Putrajaya,1/1/2025,male,25-29,other_citizen,0
W.P. Putrajaya,1/1/2025,male,25-29,other_noncitizen,0.4
W.P. Putrajaya,1/1/2025,male,30-34,overall,3
W.P. Putrajaya,1/1/2025,male,30-34,bumi_malay,2.4
W.P. Putrajaya,1/1/2025,male,30-34,bumi_other,0.1
W.P. Putrajaya,1/1/2025,male,30-34,chinese,0
W.P. Putrajaya,1/1/2025,male,30-34,indian,0
W.P. Putrajaya,1/1/2025,male,30-34,other_citizen,0
W.P. Putrajaya,1/1/2025,male,30-34,other_noncitizen,0.4
W.P. Putrajaya,1/1/2025,male,35-39,overall,5.3
W.P. Putrajaya,1/1/2025,male,35-39,bumi_malay,4.5
W.P. Putrajaya,1/1/2025,male,35-39,bumi_other,0.1
W.P. Putrajaya,1/1/2025,male,35-39,chinese,0
W.P. Putrajaya,1/1/2025,male,35-39,indian,0.1
W.P. Putrajaya,1/1/2025,male,35-39,other_citizen,0
W.P. Putrajaya,1/1/2025,male,35-39,other_noncitizen,0.5
W.P. Putrajaya,1/1/2025,male,40-44,overall,8.1
W.P. Putrajaya,1/1/2025,male,40-44,bumi_malay,7.5
W.P. Putrajaya,1/1/2025,male,40-44,bumi_other,0.1
W.P. Putrajaya,1/1/2025,male,40-44,chinese,0
W.P. Putrajaya,1/1/2025,male,40-44,indian,0.1
W.P. Putrajaya,1/1/2025,male,40-44,other_citizen,0
W.P. Putrajaya,1/1/2025,male,40-44,other_noncitizen,0.3
W.P. Putrajaya,1/1/2025,male,45-49,overall,4.8
W.P. Putrajaya,1/1/2025,male,45-49,bumi_malay,4.4
W.P. Putrajaya,1/1/2025,male,45-49,bumi_other,0.1
W.P. Putrajaya,1/1/2025,male,45-49,chinese,0
W.P. Putrajaya,1/1/2025,male,45-49,indian,0.1
W.P. Putrajaya,1/1/2025,male,45-49,other_citizen,0
W.P. Putrajaya,1/1/2025,male,45-49,other_noncitizen,0.2
W.P. Putrajaya,1/1/2025,male,50-54,overall,2.3
W.P. Putrajaya,1/1/2025,male,50-54,bumi_malay,2.1
W.P. Putrajaya,1/1/2025,male,50-54,bumi_other,0
W.P. Putrajaya,1/1/2025,male,50-54,chinese,0
W.P. Putrajaya,1/1/2025,male,50-54,indian,0
W.P. Putrajaya,1/1/2025,male,50-54,other_citizen,0
W.P. Putrajaya,1/1/2025,male,50-54,other_noncitizen,0.1
W.P. Putrajaya,1/1/2025,male,55-59,overall,1.4
W.P. Putrajaya,1/1/2025,male,55-59,bumi_malay,1.3
W.P. Putrajaya,1/1/2025,male,55-59,bumi_other,0
W.P. Putrajaya,1/1/2025,male,55-59,chinese,0
W.P. Putrajaya,1/1/2025,male,55-59,indian,0
W.P. Putrajaya,1/1/2025,male,55-59,other_citizen,0
W.P. Putrajaya,1/1/2025,male,55-59,other_noncitizen,0
W.P. Putrajaya,1/1/2025,male,60-64,overall,1.2
W.P. Putrajaya,1/1/2025,male,60-64,bumi_malay,1.1
W.P. Putrajaya,1/1/2025,male,60-64,bumi_other,0
W.P. Putrajaya,1/1/2025,male,60-64,chinese,0
W.P. Putrajaya,1/1/2025,male,60-64,indian,0
W.P. Putrajaya,1/1/2025,male,60-64,other_citizen,0
W.P. Putrajaya,1/1/2025,male,60-64,other_noncitizen,0
W.P. Putrajaya,1/1/2025,male,65-69,overall,0.6
W.P. Putrajaya,1/1/2025,male,65-69,bumi_malay,0.6
W.P. Putrajaya,1/1/2025,male,65-69,bumi_other,0
W.P. Putrajaya,1/1/2025,male,65-69,chinese,0
W.P. Putrajaya,1/1/2025,male,65-69,indian,0
W.P. Putrajaya,1/1/2025,male,65-69,other_citizen,0
W.P. Putrajaya,1/1/2025,male,65-69,other_noncitizen,0
W.P. Putrajaya,1/1/2025,male,70-74,overall,0.3
W.P. Putrajaya,1/1/2025,male,70-74,bumi_malay,0.3
W.P. Putrajaya,1/1/2025,male,70-74,bumi_other,0
W.P. Putrajaya,1/1/2025,male,70-74,chinese,0
W.P. Putrajaya,1/1/2025,male,70-74,indian,0
W.P. Putrajaya,1/1/2025,male,70-74,other_citizen,0
W.P. Putrajaya,1/1/2025,male,70-74,other_noncitizen,0
W.P. Putrajaya,1/1/2025,male,75-79,overall,0.1
W.P. Putrajaya,1/1/2025,male,75-79,bumi_malay,0.1
W.P. Putrajaya,1/1/2025,male,75-79,bumi_other,0
W.P. Putrajaya,1/1/2025,male,75-79,chinese,0
W.P. Putrajaya,1/1/2025,male,75-79,indian,0
W.P. Putrajaya,1/1/2025,male,75-79,other_citizen,0
W.P. Putrajaya,1/1/2025,male,75-79,other_noncitizen,0
W.P. Putrajaya,1/1/2025,male,80-84,overall,0
W.P. Putrajaya,1/1/2025,male,80-84,bumi_malay,0
W.P. Putrajaya,1/1/2025,male,80-84,bumi_other,0
W.P. Putrajaya,1/1/2025,male,80-84,chinese,0
W.P. Putrajaya,1/1/2025,male,80-84,indian,0
W.P. Putrajaya,1/1/2025,male,80-84,other_citizen,0
W.P. Putrajaya,1/1/2025,male,80-84,other_noncitizen,0
W.P. Putrajaya,1/1/2025,male,85+,overall,0
W.P. Putrajaya,1/1/2025,male,85+,bumi_malay,0
W.P. Putrajaya,1/1/2025,male,85+,bumi_other,0
W.P. Putrajaya,1/1/2025,male,85+,chinese,0
W.P. Putrajaya,1/1/2025,male,85+,indian,0
W.P. Putrajaya,1/1/2025,male,85+,other_citizen,0
W.P. Putrajaya,1/1/2025,male,85+,other_noncitizen,0
